Participant_ID,Route,evn,probe_label,seq,Question_Type,Target_Accuracy,Target_Latency,Target_Confidence,target_dwell,error_dial,latency_dial,unsure_dial,attn_risk,error_dial_recent,latency_dial_recent,unsure_dial_recent,attn_risk_recent,error_dial_prev,latency_dial_prev,unsure_dial_prev,attn_risk_prev,recent_flag,recent_sustained,recent_level,conf_prompt,conf_confirmed,overconf_flag,attn_risk_recent_adj,attn_risk_recent_adj_prev,recent_level_adj,is_error,is_delayed,is_unsure,any_fail,lapse
01_RT,1,1,R1Q1,0,Animal,0,3.137,1.0,0.0332,0.31111112,0.25,0.44,0.31111112236976624,0.31111112236976624,0.25,0.44,0.31111112236976624,,,,,1,0,Red,1,1,0,0.6610169491525424,,Red,1,0,1,1,0
01_RT,1,3,R1Q3,1,Sign,1,5.334,6.0,0.0,0.31111112,0.25,0.44,0.31111112236976624,0.31111112236976624,0.25,0.44,0.31111112236976624,0.31111112236976624,0.25,0.44,0.31111112236976624,1,1,Red,1,0,1,0.4860640357611543,0.6610169491525424,Red,0,1,0,1,0
01_RT,2,2,R2Q2,2,Sign,1,2.25,7.0,0.0456,0.25,0.053763440860215055,0.44,0.25,0.2805555611848831,0.15188172043010753,0.44,0.2805555611848831,0.31111112236976624,0.25,0.44,0.31111112236976624,1,1,Red,1,0,1,0.36803201788057716,0.4860640357611543,Red,0,0,0,0,0
01_RT,2,3,R2Q3,3,Animal,0,4.14,1.0,0.0,0.31111112,0.2692307692307692,0.3392857142857143,0.31111112236976624,0.2958333417773247,0.2105562448304384,0.3896428571428572,0.2958333417773247,0.2805555611848831,0.15188172043010753,0.44,0.2805555611848831,1,1,Red,1,1,0,0.5145244835165598,0.36803201788057716,Red,1,1,1,1,0
01_RT,3,1,R3Q1,4,Animal,1,3.84,6.0,0.0,0.4390244,0.2692307692307692,0.44,0.4390243887901306,0.36742886528372765,0.2398935070306038,0.41482142857142856,0.36742886528372765,0.2958333417773247,0.2105562448304384,0.3896428571428572,0.2958333417773247,1,1,Red,1,0,1,0.4767744361533452,0.5145244835165598,Red,0,1,0,1,0
01_RT,3,3,R3Q3,5,Sign,0,2.636,1.0,0.0,0.4390244,0.25,0.5,0.4390243887901306,0.40322662703692913,0.2449467535153019,0.4574107142857143,0.40322662703692913,0.36742886528372765,0.2398935070306038,0.41482142857142856,0.36742886528372765,1,1,Red,1,1,0,0.5688956926529438,0.4767744361533452,Red,1,0,1,1,0
01_RT,4,2,R4Q2,6,Sign,1,2.98,7.0,0.0,0.31111112,0.25,0.3392857142857143,0.31111112236976624,0.3571688747033477,0.24747337675765096,0.3983482142857143,0.3571688747033477,0.40322662703692913,0.2449467535153019,0.4574107142857143,0.40322662703692913,1,1,Red,1,0,1,0.440003407511355,0.5688956926529438,Red,0,0,0,0,1
01_RT,4,3,R4Q3,7,Animal,1,3.09,2.0,0.008400000000000001,0.31111112,0.25,0.32608695652173914,0.31111112236976624,0.33413999853655696,0.24873668837882548,0.3622175854037267,0.33413999853655696,0.3571688747033477,0.24747337675765096,0.3983482142857143,0.3571688747033477,1,1,Red,1,1,0,0.5505101783319487,0.440003407511355,Red,0,0,1,0,0
01_RT,6,1,R6Q1,8,Sign,1,4.193,6.0,0.0,0.31111112,0.2692307692307692,0.44,0.31111112236976624,0.3226255604531616,0.25898372880479736,0.4011087927018634,0.3226255604531616,0.33413999853655696,0.24873668837882548,0.3622175854037267,0.33413999853655696,1,1,Red,1,0,1,0.43081065035085747,0.5505101783319487,Red,0,1,0,1,1
02_RT,1,1,R1Q1,0,Animal,1,3.32,6.0,0.0,0.20408164,0.14925373134328357,0.3392857142857143,0.20408163964748383,0.20408163964748383,0.14925373134328357,0.3392857142857143,0.20408163964748383,,,,,1,0,Amber,0,0,0,0.20408163964748383,,Amber,0,0,0,0,0
02_RT,1,3,R1Q3,1,Sign,0,8.04,5.0,0.0,0.25,0.20833333333333334,0.3392857142857143,0.25,0.2270408198237419,0.17879353233830847,0.3392857142857143,0.2270408198237419,0.20408163964748383,0.14925373134328357,0.3392857142857143,0.20408163964748383,1,1,Amber,0,0,0,0.2270408198237419,0.20408163964748383,Amber,1,1,0,1,0
02_RT,2,2,R2Q2,2,Sign,1,1.68,7.0,0.008400000000000001,0.31111112,0.053763440860215055,0.3,0.31111112236976624,0.2690759710967541,0.11627848659926177,0.3196428571428571,0.2690759710967541,0.2270408198237419,0.17879353233830847,0.3392857142857143,0.2270408198237419,1,1,Amber,0,0,0,0.2690759710967541,0.2270408198237419,Amber,0,0,0,0,0
02_RT,2,3,R2Q3,3,Animal,1,11.24,5.0,0.0,0.15789473,0.14925373134328357,0.3392857142857143,0.15789473056793213,0.2134853508323431,0.13276610897127267,0.3294642857142857,0.2134853508323431,0.2690759710967541,0.11627848659926177,0.3196428571428571,0.2690759710967541,1,1,Amber,0,0,0,0.2134853508323431,0.2690759710967541,Amber,0,1,0,1,0
02_RT,3,1,R3Q1,4,Animal,1,5.43,6.0,0.0,0.20408164,0.14925373134328357,0.3,0.20408163964748383,0.20878349523991346,0.14100992015727812,0.31473214285714285,0.20878349523991346,0.2134853508323431,0.13276610897127267,0.3294642857142857,0.2134853508323431,1,1,Amber,0,0,0,0.20878349523991346,0.2134853508323431,Amber,0,1,0,1,0
02_RT,3,3,R3Q3,5,Sign,1,4.333,7.0,0.0,0.44444445,0.4,0.44,0.4444444477558136,0.32661397149786353,0.27050496007863906,0.3773660714285714,0.32661397149786353,0.20878349523991346,0.14100992015727812,0.31473214285714285,0.20878349523991346,1,1,Red,1,0,1,0.32661397149786353,0.20878349523991346,Red,0,1,0,1,0
02_RT,4,2,R4Q2,6,Sign,1,1.504,7.0,0.0,0.092857145,0.14925373134328357,0.32608695652173914,0.14925373134328357,0.20973555813543499,0.2098793457109613,0.3517265139751553,0.23793385142057355,0.32661397149786353,0.27050496007863906,0.3773660714285714,0.32661397149786353,1,1,Amber,0,0,0,0.23793385142057355,0.32661397149786353,Amber,0,0,0,0,0
02_RT,4,3,R4Q3,7,Animal,1,1.422,4.0,0.0274,0.31111112,0.14925373134328357,0.3,0.31111112236976624,0.2604233402526006,0.17956653852712245,0.3258632569875777,0.2745224868951699,0.20973555813543499,0.2098793457109613,0.3517265139751553,0.23793385142057355,1,1,Amber,0,0,0,0.2745224868951699,0.23793385142057355,Amber,0,0,1,0,0
02_RT,5,1,R5Q1,8,Animal,1,1.085,7.0,0.1146,0.092857145,0.053763440860215055,0.15,0.09285714477300644,0.17664024251280352,0.11666498969366876,0.23793162849378885,0.18368981583408817,0.2604233402526006,0.17956653852712245,0.3258632569875777,0.2745224868951699,0,0,Green,0,0,0,0.18368981583408817,0.2745224868951699,Green,0,0,0,0,0
02_RT,5,3,R5Q3,9,Sign,0,1.783,4.0,0.27799999999999997,0.092857145,0.053763440860215055,0.15,0.09285714477300644,0.13474869364290498,0.08521421527694191,0.1939658142468944,0.1382734803035473,0.17664024251280352,0.11666498969366876,0.23793162849378885,0.18368981583408817,0,0,Green,0,0,0,0.1382734803035473,0.18368981583408817,Green,1,0,1,1,0
02_RT,6,1,R6Q1,10,Sign,1,1.281,4.0,0.1424,0.092857145,0.053763440860215055,0.15,0.09285714477300644,0.11380291920795571,0.06948882806857848,0.17198290712344722,0.11556531253827687,0.13474869364290498,0.08521421527694191,0.1939658142468944,0.1382734803035473,0,0,Green,0,0,0,0.11556531253827687,0.1382734803035473,Green,0,0,1,0,0
02_RT,6,3,R6Q3,11,Animal,1,1.285,6.0,0.10700000000000001,0.092857145,0.053763440860215055,0.2631578947368421,0.09285714477300644,0.10333003199048107,0.06162613446439677,0.21757040093014465,0.10421122865564166,0.11380291920795571,0.06948882806857848,0.17198290712344722,0.11556531253827687,0,0,Green,0,0,0,0.10421122865564166,0.11556531253827687,Green,0,0,0,0,0
03_RT,1,1,R1Q1,0,Animal,1,2.052,7.0,0.0,0.20408164,0.14925373134328357,0.2631578947368421,0.20408163964748383,0.20408163964748383,0.14925373134328357,0.2631578947368421,0.20408163964748383,,,,,1,0,Amber,0,0,0,0.20408163964748383,,Amber,0,0,0,0,0
03_RT,1,3,R1Q3,1,Sign,1,3.182,4.0,0.0,0.092857145,0.14925373134328357,0.3,0.14925373134328357,0.14846939221024513,0.14925373134328357,0.28157894736842104,0.1766676854953837,0.20408163964748383,0.14925373134328357,0.2631578947368421,0.20408163964748383,0,0,Green,0,0,0,0.1766676854953837,0.20408163964748383,Green,0,0,1,0,0
03_RT,2,2,R2Q2,2,Sign,1,2.516,6.0,0.0,0.092857145,0.053763440860215055,0.2631578947368421,0.09285714477300644,0.12066326849162579,0.10150858610174932,0.2723684210526316,0.13476241513419507,0.14846939221024513,0.14925373134328357,0.28157894736842104,0.1766676854953837,0,0,Green,0,0,0,0.13476241513419507,0.1766676854953837,Green,0,0,0,0,0
03_RT,2,3,R2Q3,3,Animal,1,4.331,5.0,0.6132,0.092857145,0.053763440860215055,0.0,0.09285714477300644,0.10676020663231611,0.07763601348098219,0.1361842105263158,0.11380977995360075,0.12066326849162579,0.10150858610174932,0.2723684210526316,0.13476241513419507,0,0,Green,0,0,0,0.11380977995360075,0.13476241513419507,Green,0,1,0,1,0
03_RT,3,1,R3Q1,4,Animal,0,1.957,7.0,0.0,0.20408164,0.20833333333333334,0.3,0.20833333333333334,0.15542092313989997,0.14298467340715776,0.2180921052631579,0.16107155664346706,0.10676020663231611,0.07763601348098219,0.1361842105263158,0.11380977995360075,0,0,Green,0,0,0,0.16107155664346706,0.11380977995360075,Green,1,0,0,1,0
03_RT,3,3,R3Q3,5,Sign,1,2.34,7.0,0.0,0.4390244,0.25,0.44,0.4390243887901306,0.2972226559650153,0.19649233670357888,0.32904605263157893,0.30004797271679884,0.15542092313989997,0.14298467340715776,0.2180921052631579,0.16107155664346706,1,0,Red,1,0,1,0.30004797271679884,0.16107155664346706,Red,0,0,0,0,0
03_RT,4,2,R4Q2,6,Sign,1,2.874,6.0,0.0,0.31111112,0.25,0.32608695652173914,0.31111112236976624,0.30416688916739076,0.22324616835178945,0.32756650457665903,0.30557954754328254,0.2972226559650153,0.19649233670357888,0.32904605263157893,0.30004797271679884,1,1,Red,1,0,1,0.30557954754328254,0.30004797271679884,Red,0,0,0,0,0
03_RT,4,3,R4Q3,7,Animal,1,3.406,4.0,0.047799999999999995,0.092857145,0.053763440860215055,0.3,0.09285714477300644,0.1985120169701986,0.13850480460600226,0.3137832522883295,0.1992183461581445,0.30416688916739076,0.22324616835178945,0.32756650457665903,0.30557954754328254,1,1,Amber,0,0,0,0.1992183461581445,0.30557954754328254,Amber,0,0,1,0,0
03_RT,5,1,R5Q1,8,Animal,1,1.107,6.0,0.0212,0.31111112,0.25,0.3,0.31111112236976624,0.2548115696699824,0.19425240230300111,0.30689162614416476,0.25516473426395536,0.1985120169701986,0.13850480460600226,0.3137832522883295,0.1992183461581445,1,1,Amber,0,0,0,0.25516473426395536,0.1992183461581445,Amber,0,0,0,0,0
03_RT,5,3,R5Q3,9,Sign,0,3.061,1.0,0.0,0.31111112,0.07142857142857142,0.3,0.31111112236976624,0.2829613460198743,0.13284048686578626,0.3034458130720824,0.2831379283168608,0.2548115696699824,0.19425240230300111,0.30689162614416476,0.25516473426395536,1,1,Red,1,1,0,0.4580908417082489,0.25516473426395536,Red,1,0,1,1,0
03_RT,6,1,R6Q1,10,Sign,1,2.224,7.0,0.0,0.092857145,0.14925373134328357,0.3,0.14925373134328357,0.18790924539644038,0.1410471091045349,0.30172290653604117,0.21619582983007218,0.2829613460198743,0.13284048686578626,0.3034458130720824,0.2831379283168608,1,1,Amber,0,0,0,0.3036722865257662,0.4580908417082489,Red,0,0,0,0,0
03_RT,6,3,R6Q3,11,Animal,1,1.898,4.0,0.0076,0.31111112,0.2692307692307692,0.3392857142857143,0.31111112236976624,0.2495101838831033,0.20513893916765208,0.32050431041087774,0.2636534760999192,0.18790924539644038,0.1410471091045349,0.30172290653604117,0.21619582983007218,1,1,Amber,0,0,0,0.3073917044477662,0.3036722865257662,Red,0,0,1,0,1
04_RT,1,1,R1Q1,0,Animal,1,2.6,4.0,0.0,0.31111112,0.25,0.3,0.31111112236976624,0.31111112236976624,0.25,0.3,0.31111112236976624,,,,,1,0,Red,1,1,0,0.6610169491525424,,Red,0,0,1,0,0
04_RT,1,3,R1Q3,1,Sign,1,2.38,4.0,0.0,0.4390244,0.25,0.3392857142857143,0.4390243887901306,0.3750677555799484,0.25,0.3196428571428571,0.3750677555799484,0.31111112236976624,0.25,0.3,0.31111112236976624,1,1,Red,1,1,0,0.6610169491525424,0.6610169491525424,Red,0,0,1,0,0
04_RT,2,2,R2Q2,2,Sign,1,1.2,6.0,0.1804,0.25,0.053763440860215055,0.15,0.25,0.3125338777899742,0.15188172043010753,0.23482142857142857,0.3125338777899742,0.3750677555799484,0.25,0.3196428571428571,0.3750677555799484,1,1,Red,1,0,1,0.4555084745762712,0.6610169491525424,Red,0,0,0,0,0
04_RT,2,3,R2Q3,3,Animal,1,1.163,7.0,0.3116,0.20408164,0.053763440860215055,0.11764705882352941,0.20408163964748383,0.258307758718729,0.1028225806451613,0.17623424369747898,0.258307758718729,0.3125338777899742,0.15188172043010753,0.23482142857142857,0.3125338777899742,1,1,Amber,0,0,0,0.3297950571118775,0.4555084745762712,Red,0,0,0,0,0
04_RT,3,1,R3Q1,4,Animal,1,4.525,3.0,0.0,0.15789473,0.25,0.9,0.25,0.20810124464333057,0.17641129032258066,0.5381171218487395,0.2541538793593645,0.258307758718729,0.1028225806451613,0.17623424369747898,0.258307758718729,1,1,Amber,0,0,0,0.28989752855593875,0.3297950571118775,Red,0,1,1,1,0
04_RT,3,3,R3Q3,5,Sign,1,3.595,6.0,0.039400000000000004,0.092857145,0.053763440860215055,0.44,0.09285714477300644,0.1504791947081685,0.11508736559139786,0.4890585609243697,0.17350551206618547,0.20810124464333057,0.17641129032258066,0.5381171218487395,0.2541538793593645,0,0,Green,0,0,0,0.1913773366644726,0.28989752855593875,Amber,0,1,0,1,0
04_RT,4,2,R4Q2,6,Sign,0,1.693,1.0,0.0,0.31111112,0.053763440860215055,0.15,0.31111112236976624,0.23079515853896737,0.08442540322580645,0.3195292804621849,0.24230831721797585,0.1504791947081685,0.11508736559139786,0.4890585609243697,0.17350551206618547,1,0,Amber,0,0,0,0.25124422951711944,0.1913773366644726,Amber,1,0,1,1,0
04_RT,4,3,R4Q3,7,Animal,1,2.269,3.0,0.0156,0.20408164,0.14925373134328357,0.32608695652173914,0.20408163964748383,0.2174383990932256,0.116839567284545,0.322808118491962,0.22319497843272984,0.23079515853896737,0.08442540322580645,0.3195292804621849,0.24230831721797585,1,1,Amber,0,0,0,0.22766293458230163,0.25124422951711944,Amber,0,0,1,0,0
04_RT,5,1,R5Q1,8,Animal,1,1.369,7.0,0.0062,0.25,0.16666666666666666,0.32608695652173914,0.25,0.2337191995466128,0.14175311697560583,0.32444753750685057,0.23659748921636492,0.2174383990932256,0.116839567284545,0.322808118491962,0.22319497843272984,1,1,Amber,0,0,0,0.23883146729115082,0.22766293458230163,Amber,0,0,0,0,0
04_RT,5,3,R5Q3,9,Sign,1,1.732,6.0,0.1764,0.20408164,0.07142857142857142,0.3,0.20408163964748383,0.2189004195970483,0.10659084420208863,0.3122237687534253,0.22033956443192437,0.2337191995466128,0.14175311697560583,0.32444753750685057,0.23659748921636492,1,1,Amber,0,0,0,0.2214565534693173,0.23883146729115082,Amber,0,0,0,0,0
04_RT,6,1,R6Q1,10,Sign,1,1.036,7.0,0.1106,0.20408164,0.053763440860215055,0.3392857142857143,0.20408163964748383,0.21149102962226607,0.08017714253115184,0.3257547415195698,0.2122106020397041,0.2189004195970483,0.10659084420208863,0.3122237687534253,0.22033956443192437,1,1,Amber,0,0,0,0.21276909655840057,0.2214565534693173,Amber,0,0,0,0,0
04_RT,6,3,R6Q3,11,Animal,1,1.378,7.0,0.215,0.092857145,0.053763440860215055,0.15,0.09285714477300644,0.15217408719763625,0.06697029169568344,0.23787737075978488,0.15253387340635527,0.21149102962226607,0.08017714253115184,0.3257547415195698,0.2122106020397041,0,0,Green,0,0,0,0.15281312066570352,0.21276909655840057,Green,0,0,0,0,0
05_RT,1,1,R1Q1,0,Animal,1,1.218,7.0,0.0728,0.092857145,0.053763440860215055,0.2631578947368421,0.09285714477300644,0.09285714477300644,0.053763440860215055,0.2631578947368421,0.09285714477300644,,,,,0,0,Green,0,0,0,0.09285714477300644,,Green,0,0,0,0,0
05_RT,1,3,R1Q3,1,Sign,0,3.48,1.0,0.0,0.31111112,0.14925373134328357,0.3,0.31111112236976624,0.20198413357138634,0.10150858610174932,0.28157894736842104,0.20198413357138634,0.09285714477300644,0.053763440860215055,0.2631578947368421,0.09285714477300644,1,0,Amber,0,0,0,0.20198413357138634,0.09285714477300644,Amber,1,0,1,1,0
05_RT,2,2,R2Q2,2,Sign,1,1.33,7.0,0.0,0.20408164,0.053763440860215055,0.3,0.20408163964748383,0.20303288660943508,0.07763601348098219,0.2907894736842105,0.20303288660943508,0.20198413357138634,0.10150858610174932,0.28157894736842104,0.20198413357138634,1,1,Amber,0,0,0,0.20303288660943508,0.20198413357138634,Amber,0,0,0,0,0
05_RT,2,3,R2Q3,3,Animal,1,0.746,7.0,0.0322,0.20408164,0.053763440860215055,0.2631578947368421,0.20408163964748383,0.20355726312845945,0.06569972717059862,0.27697368421052626,0.20355726312845945,0.20303288660943508,0.07763601348098219,0.2907894736842105,0.20303288660943508,1,1,Amber,0,0,0,0.20355726312845945,0.20303288660943508,Amber,0,0,0,0,0
05_RT,3,1,R3Q1,4,Animal,1,0.889,4.0,0.42939999999999995,0.092857145,0.053763440860215055,0.11764705882352941,0.09285714477300644,0.14820720395073295,0.05973158401540683,0.19731037151702785,0.14820720395073295,0.20355726312845945,0.06569972717059862,0.27697368421052626,0.20355726312845945,0,0,Green,0,0,0,0.14820720395073295,0.20355726312845945,Green,0,0,1,0,0
05_RT,3,3,R3Q3,5,Sign,1,0.862,7.0,0.4474,0.092857145,0.053763440860215055,0.0,0.09285714477300644,0.12053217436186969,0.05674751243781094,0.09865518575851392,0.12053217436186969,0.14820720395073295,0.05973158401540683,0.19731037151702785,0.14820720395073295,0,0,Green,0,0,0,0.12053217436186969,0.14820720395073295,Green,0,0,0,0,0
05_RT,4,2,R4Q2,6,Sign,1,0.859,7.0,0.0258,0.092857145,0.053763440860215055,0.32608695652173914,0.09285714477300644,0.10669465956743807,0.055255476649012994,0.21237107114012654,0.10669465956743807,0.12053217436186969,0.05674751243781094,0.09865518575851392,0.12053217436186969,0,0,Green,0,0,0,0.10669465956743807,0.12053217436186969,Green,0,0,0,0,0
05_RT,4,3,R4Q3,7,Animal,1,0.781,7.0,0.141,0.092857145,0.053763440860215055,0.15,0.09285714477300644,0.09977590217022225,0.05450945875461402,0.18118553557006328,0.09977590217022225,0.10669465956743807,0.055255476649012994,0.21237107114012654,0.10669465956743807,0,0,Green,0,0,0,0.09977590217022225,0.10669465956743807,Green,0,0,0,0,0
05_RT,5,1,R5Q1,8,Animal,1,0.932,7.0,0.11220000000000001,0.092857145,0.053763440860215055,0.15,0.09285714477300644,0.09631652347161435,0.05413644980741454,0.16559276778503162,0.09631652347161435,0.09977590217022225,0.05450945875461402,0.18118553557006328,0.09977590217022225,0,0,Green,0,0,0,0.09631652347161435,0.09977590217022225,Green,0,0,0,0,0
05_RT,5,3,R5Q3,9,Sign,1,0.771,7.0,0.4676,0.092857145,0.053763440860215055,0.0,0.09285714477300644,0.09458683412231039,0.053949945333814794,0.08279638389251581,0.09458683412231039,0.09631652347161435,0.05413644980741454,0.16559276778503162,0.09631652347161435,0,0,Green,0,0,0,0.09458683412231039,0.09631652347161435,Green,0,0,0,0,0
05_RT,6,1,R6Q1,10,Sign,1,1.831,4.0,0.0726,0.092857145,0.0,0.2631578947368421,0.09285714477300644,0.09372198944765842,0.026974972666907397,0.17297713931467895,0.09372198944765842,0.09458683412231039,0.053949945333814794,0.08279638389251581,0.09458683412231039,0,0,Green,0,0,0,0.09372198944765842,0.09458683412231039,Green,0,0,1,0,0
05_RT,6,3,R6Q3,11,Animal,1,0.93,7.0,0.2444,0.092857145,0.0,0.15,0.09285714477300644,0.09328956711033243,0.013487486333453699,0.1614885696573395,0.09328956711033243,0.09372198944765842,0.026974972666907397,0.17297713931467895,0.09372198944765842,0,0,Green,0,0,0,0.09328956711033243,0.09372198944765842,Green,0,0,0,0,0
06_RT,1,1,R1Q1,0,Animal,1,1.809,7.0,0.0,0.31111112,0.14925373134328357,0.3,0.31111112236976624,0.31111112236976624,0.14925373134328357,0.3,0.31111112236976624,,,,,1,0,Red,1,0,1,0.31111112236976624,,Red,0,0,0,0,0
06_RT,1,3,R1Q3,1,Sign,1,1.993,7.0,0.0,0.31111112,0.25,0.44,0.31111112236976624,0.31111112236976624,0.19962686567164178,0.37,0.31111112236976624,0.31111112236976624,0.14925373134328357,0.3,0.31111112236976624,1,1,Red,1,0,1,0.31111112236976624,0.31111112236976624,Red,0,0,0,0,0
06_RT,2,2,R2Q2,2,Sign,1,1.487,7.0,0.0064,0.092857145,0.14925373134328357,0.2631578947368421,0.14925373134328357,0.20198413357138634,0.17444029850746268,0.31657894736842107,0.2301824268565249,0.31111112236976624,0.19962686567164178,0.37,0.31111112236976624,1,1,Amber,0,0,0,0.2301824268565249,0.31111112236976624,Amber,0,0,0,0,0
06_RT,2,3,R2Q3,3,Animal,0,1.178,7.0,0.032600000000000004,0.31111112,0.14925373134328357,0.3392857142857143,0.31111112236976624,0.2565476279705763,0.16184701492537312,0.3279323308270677,0.27064677461314557,0.20198413357138634,0.17444029850746268,0.31657894736842107,0.2301824268565249,1,1,Amber,0,0,0,0.27064677461314557,0.2301824268565249,Amber,1,0,0,1,0
06_RT,3,1,R3Q1,4,Animal,0,1.997,2.0,0.0,0.31111112,0.2692307692307692,0.3392857142857143,0.31111112236976624,0.28382937517017126,0.21553889207807117,0.333609022556391,0.2908789484914559,0.2565476279705763,0.16184701492537312,0.3279323308270677,0.27064677461314557,1,1,Red,1,1,0,0.465831861882844,0.27064677461314557,Red,1,0,1,1,0
06_RT,3,3,R3Q3,5,Sign,1,2.914,7.0,0.0,0.20408164,0.20833333333333334,0.3392857142857143,0.20833333333333334,0.24395550740882754,0.21193611270570226,0.33644736842105266,0.24960614091239464,0.28382937517017126,0.21553889207807117,0.333609022556391,0.2908789484914559,1,1,Amber,0,0,0,0.3370825976080887,0.465831861882844,Red,0,0,0,0,0
06_RT,4,2,R4Q2,6,Sign,1,1.49,7.0,0.0,0.092857145,0.14925373134328357,0.3,0.14925373134328357,0.168406326090917,0.1805949220244929,0.3182236842105263,0.1994299361278391,0.24395550740882754,0.21193611270570226,0.33644736842105266,0.24960614091239464,1,1,Amber,0,0,0,0.24316816447568612,0.3370825976080887,Amber,0,0,0,0,0
06_RT,4,3,R4Q3,7,Animal,1,1.564,7.0,0.061399999999999996,0.31111112,0.07142857142857142,0.44,0.31111112236976624,0.2397587242303416,0.12601174672653215,0.37911184210526316,0.25527052924880267,0.168406326090917,0.1805949220244929,0.3182236842105263,0.1994299361278391,1,1,Amber,0,0,0,0.2771396434227262,0.24316816447568612,Amber,0,0,0,0,0
06_RT,5,1,R5Q1,8,Animal,1,1.242,7.0,0.0134,0.31111112,0.053763440860215055,0.32608695652173914,0.31111112236976624,0.2754349233000539,0.0898875937933736,0.35259939931350115,0.28319082580928445,0.2397587242303416,0.12601174672653215,0.37911184210526316,0.25527052924880267,1,1,Red,1,0,1,0.29412538289624623,0.2771396434227262,Red,0,0,0,0,0
06_RT,5,3,R5Q3,9,Sign,1,2.266,7.0,0.0342,0.31111112,0.053763440860215055,0.3,0.31111112236976624,0.2932730228349101,0.07182551732679433,0.32629969965675054,0.29715097408952534,0.2754349233000539,0.0898875937933736,0.35259939931350115,0.28319082580928445,1,1,Red,1,0,1,0.30261825263300624,0.29412538289624623,Red,0,0,0,0,0
06_RT,6,1,R6Q1,10,Sign,1,1.653,7.0,0.1534,0.092857145,0.053763440860215055,0.3,0.09285714477300644,0.19306508380395826,0.06279447909350469,0.31314984982837524,0.1950040594312659,0.2932730228349101,0.07182551732679433,0.32629969965675054,0.29715097408952534,1,1,Amber,0,0,0,0.19773769870300634,0.30261825263300624,Amber,0,0,0,0,0
06_RT,6,3,R6Q3,11,Animal,1,1.221,7.0,0.23359999999999997,0.092857145,0.053763440860215055,0.3,0.09285714477300644,0.14296111428848235,0.058278959976859876,0.3065749249141876,0.14393060210213615,0.19306508380395826,0.06279447909350469,0.31314984982837524,0.1950040594312659,0,0,Green,0,0,0,0.1452974217380064,0.19773769870300634,Green,0,0,0,0,0
07_RT,1,1,R1Q1,0,Animal,1,1.624,7.0,0.0,0.15789473,0.25,0.3,0.25,0.15789473056793213,0.25,0.3,0.25,,,,,1,0,Amber,0,0,0,0.25,,Amber,0,0,0,0,0
07_RT,1,3,R1Q3,1,Sign,0,1.11,3.0,0.0,0.25,0.14925373134328357,0.44,0.25,0.20394736528396606,0.19962686567164178,0.37,0.25,0.15789473056793213,0.25,0.3,0.25,1,1,Amber,0,0,0,0.25,0.25,Amber,1,0,1,1,0
07_RT,2,2,R2Q2,2,Sign,1,3.321,2.0,0.0412,0.092857145,0.14925373134328357,0.44,0.14925373134328357,0.14840225502848625,0.17444029850746268,0.405,0.19962686567164178,0.20394736528396606,0.19962686567164178,0.37,0.25,1,1,Amber,0,0,0,0.19962686567164178,0.25,Amber,0,0,1,0,0
07_RT,2,3,R2Q3,3,Animal,1,1.96,7.0,0.0268,0.31111112,0.14925373134328357,0.44,0.31111112236976624,0.22975668869912624,0.16184701492537312,0.4225,0.255368994020704,0.14840225502848625,0.17444029850746268,0.405,0.19962686567164178,1,1,Amber,0,0,0,0.255368994020704,0.19962686567164178,Amber,0,0,0,0,0
07_RT,3,1,R3Q1,4,Animal,0,2.699,3.0,0.0,0.20408164,0.20833333333333334,0.44,0.20833333333333334,0.21691916417330503,0.18509017412935325,0.43125,0.2318511636770187,0.22975668869912624,0.16184701492537312,0.4225,0.255368994020704,1,1,Amber,0,0,0,0.2318511636770187,0.255368994020704,Amber,1,0,1,1,0
07_RT,3,3,R3Q3,5,Sign,0,3.245,1.0,0.0,0.44444445,0.25,0.5,0.4444444477558136,0.3306818059645593,0.21754508706467662,0.465625,0.3381478057164161,0.21691916417330503,0.18509017412935325,0.43125,0.2318511636770187,1,1,Red,1,1,0,0.4464340564147805,0.2318511636770187,Red,1,0,1,1,0
07_RT,4,2,R4Q2,6,Sign,0,3.148,5.0,0.0,0.31111112,0.25,0.44,0.31111112236976624,0.3208964641671628,0.2337725435323383,0.4528125,0.3246294640430912,0.3306818059645593,0.21754508706467662,0.465625,0.3381478057164161,1,1,Red,1,0,0,0.3787725893922734,0.4464340564147805,Red,1,0,0,1,0
07_RT,4,3,R4Q3,7,Animal,0,2.582,5.0,0.0,0.20408164,0.14925373134328357,0.3392857142857143,0.20408163964748383,0.2624890519073233,0.19151313743781095,0.3960491071428571,0.2643555518452875,0.3208964641671628,0.2337725435323383,0.4528125,0.3246294640430912,1,1,Amber,0,0,0,0.29142711451987857,0.3787725893922734,Red,1,0,0,1,0
07_RT,5,1,R5Q1,8,Animal,0,3.262,1.0,0.0,0.20408164,0.14925373134328357,0.3,0.20408163964748383,0.23328534577740356,0.17038343439054726,0.3480245535714286,0.23421859574638565,0.2624890519073233,0.19151313743781095,0.3960491071428571,0.2643555518452875,1,1,Amber,0,0,0,0.2477543770836812,0.29142711451987857,Amber,1,0,1,1,0
07_RT,5,3,R5Q3,9,Sign,1,6.02,2.0,0.0,0.4390244,0.25,0.44,0.4390243887901306,0.3361548672837671,0.21019171719527363,0.39401227678571427,0.3366214922682581,0.23328534577740356,0.17038343439054726,0.3480245535714286,0.23421859574638565,1,1,Red,1,1,0,0.4543856631181118,0.2477543770836812,Red,0,1,1,1,0
07_RT,6,1,R6Q1,10,Sign,1,1.82,7.0,0.1608,0.25,0.07142857142857142,0.3392857142857143,0.25,0.29307743364188354,0.1408101443119225,0.3666489955357143,0.29331074613412905,0.3361548672837671,0.21019171719527363,0.39401227678571427,0.3366214922682581,1,1,Red,1,0,1,0.3521928315590559,0.4543856631181118,Red,0,0,0,0,0
07_RT,6,3,R6Q3,11,Animal,1,1.067,7.0,0.0716,0.092857145,0.07142857142857142,0.3,0.09285714477300644,0.192967289207445,0.10611935787024697,0.3333244977678571,0.19308394545356775,0.29307743364188354,0.1408101443119225,0.3666489955357143,0.29331074613412905,1,1,Amber,0,0,0,0.22252498816603117,0.3521928315590559,Amber,0,0,0,0,0
08_RT,1,1,R1Q1,0,Animal,1,3.24,7.0,0.0,0.31111112,0.25,0.44,0.31111112236976624,0.31111112236976624,0.25,0.44,0.31111112236976624,,,,,1,0,Red,1,0,1,0.31111112236976624,,Red,0,0,0,0,0
08_RT,1,3,R1Q3,1,Sign,1,4.038,7.0,0.0,0.31111112,0.2692307692307692,0.3392857142857143,0.31111112236976624,0.31111112236976624,0.2596153846153846,0.3896428571428572,0.31111112236976624,0.31111112236976624,0.25,0.44,0.31111112236976624,1,1,Red,1,0,1,0.31111112236976624,0.31111112236976624,Red,0,1,0,1,0
08_RT,2,2,R2Q2,2,Sign,1,2.461,7.0,0.0294,0.20408164,0.20833333333333334,0.44,0.20833333333333334,0.25759638100862503,0.23397435897435898,0.41482142857142856,0.2597222278515498,0.31111112236976624,0.2596153846153846,0.3896428571428572,0.31111112236976624,1,1,Amber,0,0,0,0.2597222278515498,0.31111112236976624,Amber,0,0,0,0,0
08_RT,2,3,R2Q3,3,Animal,1,1.791,7.0,0.0,0.44444445,0.2692307692307692,0.44,0.4444444477558136,0.3510204143822193,0.2516025641025641,0.4274107142857143,0.35208333780368173,0.25759638100862503,0.23397435897435898,0.41482142857142856,0.2597222278515498,1,1,Red,1,0,1,0.35208333780368173,0.2597222278515498,Red,0,0,0,0,0
08_RT,3,1,R3Q1,4,Animal,1,2.075,7.0,0.0,0.4390244,0.2692307692307692,0.44,0.4390243887901306,0.39502240158617496,0.26041666666666663,0.4337053571428572,0.39555386329690617,0.3510204143822193,0.2516025641025641,0.4274107142857143,0.35208333780368173,1,1,Red,1,0,1,0.39555386329690617,0.35208333780368173,Red,0,0,0,0,0
08_RT,3,3,R3Q3,5,Sign,1,1.722,7.0,0.0,0.31111112,0.25,0.5,0.31111112236976624,0.3530667619779706,0.2552083333333333,0.4668526785714286,0.35333249283333623,0.39502240158617496,0.26041666666666663,0.4337053571428572,0.39555386329690617,1,1,Red,1,0,1,0.35333249283333623,0.39555386329690617,Red,0,0,0,0,0
08_RT,4,2,R4Q2,6,Sign,1,1.656,7.0,0.0,0.4390244,0.2692307692307692,0.44,0.4390243887901306,0.3960455753840506,0.26221955128205127,0.4534263392857143,0.3961784408117334,0.3530667619779706,0.2552083333333333,0.4668526785714286,0.35333249283333623,1,1,Red,1,0,1,0.3961784408117334,0.35333249283333623,Red,0,0,0,0,0
08_RT,4,3,R4Q3,7,Animal,1,2.107,3.0,0.0842,0.31111112,0.053763440860215055,0.44,0.31111112236976624,0.3535783488769084,0.15799149607113316,0.4467131696428571,0.35364478159074986,0.3960455753840506,0.26221955128205127,0.4534263392857143,0.3961784408117334,1,1,Red,1,1,0,0.5285976949821379,0.3961784408117334,Red,0,0,1,0,1
08_RT,5,1,R5Q1,8,Animal,1,1.037,7.0,0.0,0.4390244,0.20833333333333334,0.44,0.4390243887901306,0.3963013688335195,0.18316241470223327,0.4433565848214286,0.39633458519044024,0.3535783488769084,0.15799149607113316,0.4467131696428571,0.35364478159074986,1,1,Red,1,0,1,0.4838110418861343,0.5285976949821379,Red,0,0,0,0,0
08_RT,5,3,R5Q3,9,Sign,1,1.748,4.0,0.0274,0.4390244,0.25,0.44,0.4390243887901306,0.41766287881182507,0.21658120735111663,0.4416782924107143,0.41767948699028545,0.3963013688335195,0.18316241470223327,0.4433565848214286,0.39633458519044024,1,1,Red,1,1,0,0.5724139955193384,0.4838110418861343,Red,0,0,1,0,0
08_RT,6,1,R6Q1,10,Sign,0,4.51,2.0,0.0,0.4390244,0.2692307692307692,0.44,0.4390243887901306,0.42834363380097784,0.24290598829094293,0.44083914620535714,0.42835193789020803,0.41766287881182507,0.21658120735111663,0.4416782924107143,0.41767948699028545,1,1,Red,1,1,0,0.6167154723359404,0.5724139955193384,Red,1,1,1,1,0
08_RT,6,3,R6Q3,11,Animal,1,3.444,2.0,0.0,0.31111112,0.2692307692307692,0.44,0.31111112236976624,0.36972737808537204,0.2560683787608561,0.44041957310267854,0.36973153012998716,0.42834363380097784,0.24290598829094293,0.44083914620535714,0.42835193789020803,1,1,Red,1,1,0,0.6388662107442413,0.6167154723359404,Red,0,0,1,0,1
09_RT,1,1,R1Q1,0,Animal,1,2.389,7.0,0.0,0.25,0.14925373134328357,0.16666666666666666,0.25,0.25,0.14925373134328357,0.16666666666666666,0.25,,,,,1,0,Amber,0,0,0,0.25,,Amber,0,0,0,0,0
09_RT,1,3,R1Q3,1,Sign,1,1.328,7.0,0.0786,0.0,0.053763440860215055,0.15,0.053763440860215055,0.125,0.10150858610174932,0.15833333333333333,0.15188172043010753,0.25,0.14925373134328357,0.16666666666666666,0.25,0,0,Green,0,0,0,0.15188172043010753,0.25,Green,0,0,0,0,0
09_RT,2,2,R2Q2,2,Sign,1,0.868,7.0,0.24359999999999998,0.0,0.053763440860215055,0.15,0.053763440860215055,0.0625,0.07763601348098219,0.15416666666666667,0.1028225806451613,0.125,0.10150858610174932,0.15833333333333333,0.15188172043010753,0,0,Green,0,0,0,0.1028225806451613,0.15188172043010753,Green,0,0,0,0,0
09_RT,2,3,R2Q3,3,Animal,1,0.967,5.0,0.1694,0.0,0.053763440860215055,0.15,0.053763440860215055,0.03125,0.06569972717059862,0.15208333333333335,0.07829301075268817,0.0625,0.07763601348098219,0.15416666666666667,0.1028225806451613,0,0,Green,0,0,0,0.07829301075268817,0.1028225806451613,Green,0,0,0,0,0
09_RT,3,1,R3Q1,4,Animal,1,2.307,3.0,0.0,0.092857145,0.14925373134328357,0.32608695652173914,0.14925373134328357,0.06205357238650322,0.1074767292569411,0.23908514492753624,0.11377337104798588,0.03125,0.06569972717059862,0.15208333333333335,0.07829301075268817,0,0,Green,0,0,0,0.11377337104798588,0.07829301075268817,Green,0,0,1,0,0
09_RT,3,3,R3Q3,5,Sign,1,0.953,7.0,0.0752,0.0,0.053763440860215055,0.15,0.053763440860215055,0.03102678619325161,0.08062008505857808,0.1945425724637681,0.08376840595410047,0.06205357238650322,0.1074767292569411,0.23908514492753624,0.11377337104798588,0,0,Green,0,0,0,0.08376840595410047,0.11377337104798588,Green,0,0,0,0,0
09_RT,4,2,R4Q2,6,Sign,1,1.775,5.0,0.0,0.092857145,0.14925373134328357,0.3392857142857143,0.14925373134328357,0.061941965483129025,0.11493690820093083,0.2669141433747412,0.11651106864869201,0.03102678619325161,0.08062008505857808,0.1945425724637681,0.08376840595410047,0,0,Green,0,0,0,0.11651106864869201,0.08376840595410047,Green,0,0,0,0,0
09_RT,4,3,R4Q3,7,Animal,1,0.841,6.0,0.0876,0.0,0.053763440860215055,0.15,0.053763440860215055,0.030970982741564512,0.08435017453057295,0.2084570716873706,0.08513725475445354,0.061941965483129025,0.11493690820093083,0.2669141433747412,0.11651106864869201,0,0,Green,0,0,0,0.08513725475445354,0.11651106864869201,Green,0,0,0,0,0
09_RT,5,1,R5Q1,8,Animal,1,0.633,6.0,0.04,0.092857145,0.053763440860215055,0.15,0.09285714477300644,0.061914063757285476,0.069056807695394,0.1792285358436853,0.08899719976373,0.030970982741564512,0.08435017453057295,0.2084570716873706,0.08513725475445354,0,0,Green,0,0,0,0.08899719976373,0.08513725475445354,Green,0,0,0,0,0
09_RT,5,3,R5Q3,9,Sign,1,0.694,7.0,0.22719999999999999,0.0,0.053763440860215055,0.11764705882352941,0.053763440860215055,0.030957031878642738,0.061410124277804526,0.14843779733360735,0.07138032031197253,0.061914063757285476,0.069056807695394,0.1792285358436853,0.08899719976373,0,0,Green,0,0,0,0.07138032031197253,0.08899719976373,Green,0,0,0,0,0
09_RT,6,1,R6Q1,10,Sign,1,1.077,5.0,0.1022,0.0,0.053763440860215055,0.15,0.053763440860215055,0.015478515939321369,0.05758678256900979,0.14921889866680366,0.0625718805860938,0.030957031878642738,0.061410124277804526,0.14843779733360735,0.07138032031197253,0,0,Green,0,0,0,0.0625718805860938,0.07138032031197253,Green,0,0,0,0,0
09_RT,6,3,R6Q3,11,Animal,1,0.916,6.0,0.0706,0.0,0.053763440860215055,0.3,0.053763440860215055,0.0077392579696606845,0.055675111714612424,0.22460944933340182,0.05816766072315442,0.015478515939321369,0.05758678256900979,0.14921889866680366,0.0625718805860938,0,0,Green,0,0,0,0.05816766072315442,0.0625718805860938,Green,0,0,0,0,0
10_RT,1,1,R1Q1,0,Animal,1,0.692,5.0,0.027600000000000003,0.20408164,0.053763440860215055,0.2631578947368421,0.20408163964748383,0.20408163964748383,0.053763440860215055,0.2631578947368421,0.20408163964748383,,,,,1,0,Amber,0,0,0,0.20408163964748383,,Amber,0,0,0,0,0
10_RT,1,3,R1Q3,1,Sign,0,2.082,4.0,0.0,0.44444445,0.2692307692307692,0.32608695652173914,0.4444444477558136,0.3242630437016487,0.16149710504549214,0.29462242562929064,0.3242630437016487,0.20408163964748383,0.053763440860215055,0.2631578947368421,0.20408163964748383,1,1,Red,1,1,0,0.4325492944000131,0.20408163964748383,Red,1,0,1,1,0
10_RT,2,2,R2Q2,2,Sign,1,1.196,6.0,0.04,0.092857145,0.053763440860215055,0.3,0.09285714477300644,0.20856009423732758,0.1076302729528536,0.29731121281464534,0.20856009423732758,0.3242630437016487,0.16149710504549214,0.29462242562929064,0.3242630437016487,1,1,Amber,0,0,0,0.2627032195865098,0.4325492944000131,Amber,0,0,0,0,0
10_RT,2,3,R2Q3,3,Animal,1,3.14,4.0,0.019,0.31111112,0.14925373134328357,0.3,0.31111112236976624,0.2598356083035469,0.12844200214806858,0.2986556064073227,0.2598356083035469,0.20856009423732758,0.1076302729528536,0.29731121281464534,0.20856009423732758,1,1,Amber,0,0,0,0.286907170978138,0.2627032195865098,Red,0,0,1,0,0
10_RT,3,1,R3Q1,4,Animal,0,4.138,1.0,0.033600000000000005,0.20408164,0.053763440860215055,0.2631578947368421,0.20408163964748383,0.23195862397551537,0.09110272150414182,0.28090675057208236,0.23195862397551537,0.2598356083035469,0.12844200214806858,0.2986556064073227,0.2598356083035469,1,1,Amber,0,0,0,0.24549440531281091,0.286907170978138,Amber,1,1,1,1,0
10_RT,3,3,R3Q3,5,Sign,0,4.837,1.0,0.059199999999999996,0.092857145,0.053763440860215055,0.3,0.09285714477300644,0.1624078843742609,0.07243308118217844,0.2904533752860412,0.1624078843742609,0.23195862397551537,0.09110272150414182,0.28090675057208236,0.23195862397551537,0,0,Green,0,0,0,0.16917577504290868,0.24549440531281091,Green,1,1,1,1,0
10_RT,4,2,R4Q2,6,Sign,1,2.174,6.0,0.031,0.20408164,0.053763440860215055,0.2631578947368421,0.20408163964748383,0.18324476201087236,0.06309826102119674,0.2768056350114416,0.18324476201087236,0.1624078843742609,0.07243308118217844,0.2904533752860412,0.1624078843742609,0,0,Green,0,0,0,0.18662870734519627,0.16917577504290868,Amber,0,0,0,0,0
10_RT,4,3,R4Q3,7,Animal,1,1.036,7.0,0.0774,0.092857145,0.07142857142857142,0.3,0.09285714477300644,0.1380509533919394,0.06726341622488408,0.28840281750572083,0.1380509533919394,0.18324476201087236,0.06309826102119674,0.2768056350114416,0.18324476201087236,0,0,Green,0,0,0,0.13974292605910135,0.18662870734519627,Green,0,0,0,0,0
10_RT,5,1,R5Q1,8,Animal,1,1.221,7.0,0.10840000000000001,0.092857145,0.0,0.15,0.09285714477300644,0.11545404908247292,0.03363170811244204,0.21920140875286043,0.11545404908247292,0.1380509533919394,0.06726341622488408,0.28840281750572083,0.1380509533919394,0,0,Green,0,0,0,0.1163000354160539,0.13974292605910135,Green,0,0,0,0,0
10_RT,5,3,R5Q3,9,Sign,1,2.686,1.0,0.23220000000000002,0.092857145,0.053763440860215055,0.15,0.09285714477300644,0.10415559692773968,0.04369757448632855,0.18460070437643022,0.10415559692773968,0.11545404908247292,0.03363170811244204,0.21920140875286043,0.11545404908247292,0,0,Green,0,0,0,0.10457859009453016,0.1163000354160539,Green,0,0,1,0,0
10_RT,6,1,R6Q1,10,Sign,1,1.417,4.0,0.0496,0.092857145,0.053763440860215055,0.3,0.09285714477300644,0.09850637085037306,0.048730507673271806,0.2423003521882151,0.09850637085037306,0.10415559692773968,0.04369757448632855,0.18460070437643022,0.10415559692773968,0,0,Green,0,0,0,0.0987178674337683,0.10457859009453016,Green,0,0,1,0,0
10_RT,6,3,R6Q3,11,Animal,1,1.298,6.0,0.1474,0.092857145,0.053763440860215055,0.15,0.09285714477300644,0.09568175781168975,0.051246974266743434,0.19615017609410756,0.09568175781168975,0.09850637085037306,0.048730507673271806,0.2423003521882151,0.09850637085037306,0,0,Green,0,0,0,0.09578750610338738,0.0987178674337683,Green,0,0,0,0,0
11_RT,1,1,R1Q1,0,Animal,1,1.773,6.0,0.036199999999999996,0.31111112,0.16666666666666666,0.44,0.31111112236976624,0.31111112236976624,0.16666666666666666,0.44,0.31111112236976624,,,,,1,0,Red,1,0,1,0.31111112236976624,,Red,0,0,0,0,0
11_RT,1,3,R1Q3,1,Sign,1,0.76,4.0,0.0,0.31111112,0.25,0.3392857142857143,0.31111112236976624,0.31111112236976624,0.20833333333333331,0.3896428571428572,0.31111112236976624,0.31111112236976624,0.16666666666666666,0.44,0.31111112236976624,1,1,Red,1,1,0,0.4860640357611543,0.31111112236976624,Red,0,0,1,0,0
11_RT,2,2,R2Q2,2,Sign,1,1.477,7.0,0.0,0.4390244,0.25,0.3392857142857143,0.4390243887901306,0.3750677555799484,0.22916666666666666,0.36446428571428574,0.3750677555799484,0.31111112236976624,0.20833333333333331,0.3896428571428572,0.31111112236976624,1,1,Red,1,0,1,0.46254421227564246,0.4860640357611543,Red,0,0,0,0,0
11_RT,2,3,R2Q3,3,Animal,0,1.779,6.0,0.0,0.31111112,0.4,0.3392857142857143,0.4,0.34308943897485733,0.3145833333333333,0.35187500000000005,0.3875338777899742,0.3750677555799484,0.22916666666666666,0.36446428571428574,0.3750677555799484,1,1,Red,1,0,1,0.43127210613782124,0.46254421227564246,Red,1,0,0,1,0
11_RT,3,1,R3Q1,4,Animal,0,4.097,5.0,0.0,0.31111112,0.14925373134328357,0.3392857142857143,0.31111112236976624,0.3271002806723118,0.23191853233830845,0.3455803571428572,0.3493225000798702,0.34308943897485733,0.3145833333333333,0.35187500000000005,0.3875338777899742,1,1,Red,1,0,0,0.37119161425379377,0.43127210613782124,Red,1,1,0,1,0
11_RT,3,3,R3Q3,5,Sign,0,2.338,1.0,0.0152,0.4390244,0.25,0.44,0.4390243887901306,0.3830623347312212,0.24095926616915422,0.3927901785714286,0.3941734444350004,0.3271002806723118,0.23191853233830845,0.3455803571428572,0.3493225000798702,1,1,Red,1,1,0,0.516104281703168,0.37119161425379377,Red,1,0,1,1,0
11_RT,4,2,R4Q2,6,Sign,1,2.659,4.0,0.0,0.31111112,0.25,0.3,0.31111112236976624,0.3470867285504937,0.2454796330845771,0.3463950892857143,0.35264228340238335,0.3830623347312212,0.24095926616915422,0.3927901785714286,0.3941734444350004,1,1,Red,1,1,0,0.5885606154278552,0.516104281703168,Red,0,0,1,0,0
11_RT,4,3,R4Q3,7,Animal,0,1.575,6.0,0.0834,0.31111112,0.053763440860215055,0.3,0.31111112236976624,0.32909892546013,0.14962153697239608,0.3231975446428571,0.3318767028860748,0.3470867285504937,0.2454796330845771,0.3463950892857143,0.35264228340238335,1,1,Red,1,0,1,0.4498358688988107,0.5885606154278552,Red,1,0,0,1,0
11_RT,5,1,R5Q1,8,Animal,1,1.973,6.0,0.0,0.31111112,0.25,0.3392857142857143,0.31111112236976624,0.3201050239149481,0.19981076848619805,0.3312416294642857,0.3214939126279205,0.32909892546013,0.14962153697239608,0.3231975446428571,0.3318767028860748,1,1,Red,1,0,1,0.38047349563428845,0.4498358688988107,Red,0,0,0,0,0
11_RT,5,3,R5Q3,9,Sign,1,2.202,6.0,0.0354,0.31111112,0.14925373134328357,0.3392857142857143,0.31111112236976624,0.31560807314235717,0.1745322499147408,0.335263671875,0.31630251749884336,0.3201050239149481,0.19981076848619805,0.3312416294642857,0.3214939126279205,1,1,Red,1,0,1,0.34579230900202734,0.38047349563428845,Red,0,0,0,0,0
11_RT,6,1,R6Q1,10,Sign,1,1.683,6.0,0.0,0.4390244,0.2692307692307692,0.44,0.4390243887901306,0.3773162309662439,0.22188150957275501,0.3876318359375,0.377663453144487,0.31560807314235717,0.1745322499147408,0.335263671875,0.31630251749884336,1,1,Red,1,0,1,0.392408348896079,0.34579230900202734,Red,0,0,0,0,0
11_RT,6,3,R6Q3,11,Animal,1,2.094,7.0,0.008799999999999999,0.4390244,0.14925373134328357,0.3392857142857143,0.4390243887901306,0.40817030987818725,0.18556762045801928,0.3634587751116072,0.4083439209673088,0.3773162309662439,0.22188150957275501,0.3876318359375,0.377663453144487,1,1,Red,1,0,1,0.4157163688431048,0.392408348896079,Red,0,0,0,0,1
12_RT,1,1,R1Q1,0,Animal,1,1.125,6.0,0.0134,0.20408164,0.14925373134328357,0.3,0.20408163964748383,0.20408163964748383,0.14925373134328357,0.3,0.20408163964748383,,,,,1,0,Amber,0,0,0,0.20408163964748383,,Amber,0,0,0,0,0
12_RT,1,3,R1Q3,1,Sign,1,1.54,7.0,0.1,0.092857145,0.053763440860215055,0.15,0.09285714477300644,0.14846939221024513,0.10150858610174932,0.22499999999999998,0.14846939221024513,0.20408163964748383,0.14925373134328357,0.3,0.20408163964748383,0,0,Green,0,0,0,0.14846939221024513,0.20408163964748383,Green,0,0,0,0,0
12_RT,2,2,R2Q2,2,Sign,1,1.222,7.0,0.0,0.092857145,0.16666666666666666,0.3,0.16666666666666666,0.12066326849162579,0.134087626384208,0.26249999999999996,0.15756802943845588,0.14846939221024513,0.10150858610174932,0.22499999999999998,0.14846939221024513,0,0,Green,0,0,0,0.15756802943845588,0.14846939221024513,Green,0,0,0,0,0
12_RT,2,3,R2Q3,3,Animal,1,3.054,4.0,0.0178,0.15789473,0.07142857142857142,0.3,0.15789473056793213,0.13927899952977896,0.1027580989063897,0.28125,0.157731380003194,0.12066326849162579,0.134087626384208,0.26249999999999996,0.15756802943845588,0,0,Green,0,0,0,0.157731380003194,0.15756802943845588,Green,0,0,1,0,0
12_RT,3,1,R3Q1,4,Animal,1,2.292,4.0,0.0,0.25,0.25,0.3,0.25,0.19463949976488948,0.17637904945319485,0.290625,0.203865690001597,0.13927899952977896,0.1027580989063897,0.28125,0.157731380003194,1,0,Amber,0,0,0,0.203865690001597,0.157731380003194,Amber,0,0,1,0,0
12_RT,3,3,R3Q3,5,Sign,1,1.769,5.0,0.11359999999999999,0.20408164,0.053763440860215055,0.2631578947368421,0.20408163964748383,0.19936056970618665,0.11507124515670496,0.2768914473684211,0.2039736648245404,0.19463949976488948,0.17637904945319485,0.290625,0.203865690001597,1,1,Amber,0,0,0,0.2039736648245404,0.203865690001597,Amber,0,0,0,0,0
12_RT,4,2,R4Q2,6,Sign,1,2.387,4.0,0.0,0.25,0.20833333333333334,0.2631578947368421,0.25,0.22468028485309333,0.16170228924501914,0.2700246710526316,0.2269868324122702,0.19936056970618665,0.11507124515670496,0.2768914473684211,0.2039736648245404,1,1,Amber,0,0,0,0.2269868324122702,0.2039736648245404,Amber,0,0,1,0,0
12_RT,4,3,R4Q3,7,Animal,1,1.692,5.0,0.0,0.31111112,0.25,0.2631578947368421,0.31111112236976624,0.2678957036114298,0.20585114462250959,0.2665912828947369,0.2690489773910182,0.22468028485309333,0.16170228924501914,0.2700246710526316,0.2269868324122702,1,1,Amber,0,0,0,0.2690489773910182,0.2269868324122702,Amber,0,0,0,0,0
12_RT,5,1,R5Q1,8,Animal,1,1.145,6.0,0.07980000000000001,0.092857145,0.053763440860215055,0.15,0.09285714477300644,0.1803764241922181,0.12980729274136232,0.20829564144736845,0.1809530610820123,0.2678957036114298,0.20585114462250959,0.2665912828947369,0.2690489773910182,0,0,Green,0,0,0,0.1809530610820123,0.2690489773910182,Green,0,0,0,0,0
12_RT,5,3,R5Q3,9,Sign,1,1.514,5.0,0.09240000000000001,0.092857145,0.053763440860215055,0.15,0.09285714477300644,0.13661678448261227,0.09178536680078869,0.17914782072368424,0.13690510292750938,0.1803764241922181,0.12980729274136232,0.20829564144736845,0.1809530610820123,0,0,Green,0,0,0,0.13690510292750938,0.1809530610820123,Green,0,0,0,0,0
12_RT,6,1,R6Q1,10,Sign,1,2.323,4.0,0.11339999999999999,0.092857145,0.053763440860215055,0.15,0.09285714477300644,0.11473696462780936,0.07277440383050188,0.1645739103618421,0.11488112385025791,0.13661678448261227,0.09178536680078869,0.17914782072368424,0.13690510292750938,0,0,Green,0,0,0,0.11488112385025791,0.13690510292750938,Green,0,0,1,0,1
12_RT,6,3,R6Q3,11,Animal,1,1.383,7.0,0.2344,0.092857145,0.053763440860215055,0.11764705882352941,0.09285714477300644,0.1037970547004079,0.06326892234535847,0.14111048459268577,0.10386913431163217,0.11473696462780936,0.07277440383050188,0.1645739103618421,0.11488112385025791,0,0,Green,0,0,0,0.10386913431163217,0.11488112385025791,Green,0,0,0,0,0
13_RT,1,1,R1Q1,0,Animal,1,4.2,7.0,0.0072,0.092857145,0.053763440860215055,0.3,0.09285714477300644,0.09285714477300644,0.053763440860215055,0.3,0.09285714477300644,,,,,0,0,Green,0,0,0,0.09285714477300644,,Green,0,1,0,1,0
13_RT,1,3,R1Q3,1,Sign,0,7.67,4.0,0.0,0.092857145,0.14925373134328357,0.2631578947368421,0.14925373134328357,0.09285714477300644,0.10150858610174932,0.28157894736842104,0.121055438058145,0.09285714477300644,0.053763440860215055,0.3,0.09285714477300644,0,0,Green,0,0,0,0.121055438058145,0.09285714477300644,Green,1,1,1,1,1
13_RT,2,2,R2Q2,2,Sign,1,1.154,7.0,0.3926,0.092857145,0.053763440860215055,0.0,0.09285714477300644,0.09285714477300644,0.07763601348098219,0.14078947368421052,0.10695629141557572,0.09285714477300644,0.10150858610174932,0.28157894736842104,0.121055438058145,0,0,Green,0,0,0,0.10695629141557572,0.121055438058145,Green,0,0,0,0,0
13_RT,2,3,R2Q3,3,Animal,0,1.841,7.0,0.0,0.31111112,0.25,0.3,0.31111112236976624,0.20198413357138634,0.1638180067404911,0.22039473684210525,0.20903370689267098,0.09285714477300644,0.07763601348098219,0.14078947368421052,0.10695629141557572,1,0,Amber,0,0,0,0.20903370689267098,0.10695629141557572,Amber,1,0,0,1,0
13_RT,3,1,R3Q1,4,Animal,1,2.564,7.0,0.0,0.092857145,0.25,0.2631578947368421,0.25,0.1474206391721964,0.20690900337024554,0.24177631578947367,0.2295168534463355,0.20198413357138634,0.1638180067404911,0.22039473684210525,0.20903370689267098,1,1,Amber,0,0,0,0.2295168534463355,0.20903370689267098,Amber,0,0,0,0,0
13_RT,3,3,R3Q3,5,Sign,1,1.9,7.0,0.316,0.092857145,0.053763440860215055,0.11764705882352941,0.09285714477300644,0.12013889197260141,0.1303362221152303,0.17971168730650156,0.16118699910967096,0.1474206391721964,0.20690900337024554,0.24177631578947367,0.2295168534463355,0,0,Green,0,0,0,0.16118699910967096,0.2295168534463355,Green,0,0,0,0,0
13_RT,4,2,R4Q2,6,Sign,1,3.089,6.0,0.0,0.15789473,0.14925373134328357,0.3,0.15789473056793213,0.13901681127026677,0.13979497672925695,0.23985584365325077,0.15954086483880153,0.12013889197260141,0.1303362221152303,0.17971168730650156,0.16118699910967096,0,0,Green,0,0,0,0.15954086483880153,0.16118699910967096,Green,0,0,0,0,0
13_RT,4,3,R4Q3,7,Animal,1,3.034,6.0,0.0,0.092857145,0.053763440860215055,0.3,0.09285714477300644,0.1159369780216366,0.096779208794736,0.2699279218266254,0.12619900480590399,0.13901681127026677,0.13979497672925695,0.23985584365325077,0.15954086483880153,0,0,Green,0,0,0,0.12619900480590399,0.15954086483880153,Green,0,0,0,0,0
13_RT,5,1,R5Q1,8,Animal,1,1.265,7.0,0.1958,0.092857145,0.053763440860215055,0.11764705882352941,0.09285714477300644,0.10439706139732152,0.07527132482747553,0.19378749032507742,0.10952807478945521,0.1159369780216366,0.096779208794736,0.2699279218266254,0.12619900480590399,0,0,Green,0,0,0,0.10952807478945521,0.12619900480590399,Green,0,0,0,0,0
13_RT,5,3,R5Q3,9,Sign,1,2.15,7.0,0.11299999999999999,0.0,0.053763440860215055,0.15,0.053763440860215055,0.05219853069866076,0.0645173828438453,0.1718937451625387,0.08164575782483513,0.10439706139732152,0.07527132482747553,0.19378749032507742,0.10952807478945521,0,0,Green,0,0,0,0.08164575782483513,0.10952807478945521,Green,0,0,0,0,0
13_RT,6,1,R6Q1,10,Sign,1,1.637,7.0,0.0076,0.092857145,0.07142857142857142,0.2631578947368421,0.09285714477300644,0.0725278377358336,0.06797297713620837,0.2175258199496904,0.08725145129892078,0.05219853069866076,0.0645173828438453,0.1718937451625387,0.08164575782483513,0,0,Green,0,0,0,0.08725145129892078,0.08164575782483513,Green,0,0,0,0,0
13_RT,6,3,R6Q3,11,Animal,1,2.028,7.0,0.3318,0.092857145,0.053763440860215055,0.11764705882352941,0.09285714477300644,0.08269249125442002,0.060868208998211715,0.1675864393866099,0.09005429803596361,0.0725278377358336,0.06797297713620837,0.2175258199496904,0.08725145129892078,0,0,Green,0,0,0,0.09005429803596361,0.08725145129892078,Green,0,0,0,0,0
14_RT,1,1,R1Q1,0,Animal,1,0.98,7.0,0.0,0.31111112,0.14925373134328357,0.3,0.31111112236976624,0.31111112236976624,0.14925373134328357,0.3,0.31111112236976624,,,,,1,0,Red,1,0,1,0.31111112236976624,,Red,0,0,0,0,0
14_RT,1,3,R1Q3,1,Sign,0,3.402,1.0,0.0,0.4390244,0.25,0.44,0.4390243887901306,0.3750677555799484,0.19962686567164178,0.37,0.3750677555799484,0.31111112236976624,0.14925373134328357,0.3,0.31111112236976624,1,1,Red,1,1,0,0.4860640357611543,0.31111112236976624,Red,1,0,1,1,0
14_RT,2,2,R2Q2,2,Sign,1,1.267,7.0,0.061,0.0,0.053763440860215055,0.15,0.053763440860215055,0.1875338777899742,0.12669515326592842,0.26,0.21441559822008174,0.3750677555799484,0.19962686567164178,0.37,0.3750677555799484,1,1,Amber,0,0,0,0.26991373831068466,0.4860640357611543,Amber,0,0,0,0,0
14_RT,2,3,R2Q3,3,Animal,0,2.177,3.0,0.0,0.31111112,0.25,0.32608695652173914,0.31111112236976624,0.24932250007987022,0.1883475766329642,0.29304347826086957,0.262763360294924,0.1875338777899742,0.12669515326592842,0.26,0.21441559822008174,1,1,Amber,0,0,0,0.29051243034022545,0.26991373831068466,Red,1,0,1,1,0
14_RT,3,1,R3Q1,4,Animal,0,3.166,3.0,0.0154,0.31111112,0.14925373134328357,0.44,0.31111112236976624,0.28021681122481823,0.16880065398812388,0.3665217391304348,0.2869372413323451,0.24932250007987022,0.1883475766329642,0.29304347826086957,0.262763360294924,1,1,Red,1,1,0,0.4757646897463839,0.29051243034022545,Red,1,0,1,1,0
14_RT,3,3,R3Q3,5,Sign,0,3.211,1.0,0.048,0.092857145,0.053763440860215055,0.44,0.09285714477300644,0.18653697799891233,0.11128204742416947,0.4032608695652174,0.18989719305267577,0.28021681122481823,0.16880065398812388,0.3665217391304348,0.2869372413323451,1,1,Amber,0,0,0,0.28431091725969515,0.4757646897463839,Red,1,0,1,1,0
14_RT,4,2,R4Q2,6,Sign,1,2.218,6.0,0.0,0.31111112,0.20833333333333334,0.32608695652173914,0.31111112236976624,0.24882405018433928,0.15980769037875142,0.3646739130434783,0.25050415771122103,0.18653697799891233,0.11128204742416947,0.4032608695652174,0.18989719305267577,1,1,Amber,0,0,0,0.2977110198147307,0.28431091725969515,Red,0,0,0,0,0
14_RT,4,3,R4Q3,7,Animal,1,2.069,6.0,0.0,0.31111112,0.20833333333333334,0.3,0.31111112236976624,0.27996758627705276,0.1840705118560424,0.3323369565217391,0.28080764004049363,0.24882405018433928,0.15980769037875142,0.3646739130434783,0.25050415771122103,1,1,Red,1,0,1,0.30441107109224846,0.2977110198147307,Red,0,0,0,0,0
14_RT,5,1,R5Q1,8,Animal,1,1.004,7.0,0.0804,0.0,0.053763440860215055,0.32608695652173914,0.053763440860215055,0.13998379313852638,0.11891697635812873,0.3292119565217391,0.16728554045035435,0.27996758627705276,0.1840705118560424,0.3323369565217391,0.28080764004049363,0,0,Green,0,0,0,0.17908725597623176,0.30441107109224846,Green,0,0,0,0,0
14_RT,5,3,R5Q3,9,Sign,1,1.311,7.0,0.1012,0.092857145,0.053763440860215055,0.3,0.09285714477300644,0.11642046895576641,0.0863402086091719,0.31460597826086956,0.1300713426116804,0.13998379313852638,0.11891697635812873,0.3292119565217391,0.16728554045035435,0,0,Green,0,0,0,0.1359722003746191,0.17908725597623176,Green,0,0,0,0,0
14_RT,6,1,R6Q1,10,Sign,1,1.706,7.0,0.0134,0.25,0.053763440860215055,0.3,0.25,0.1832102344778832,0.07005182473469347,0.30730298913043474,0.1900356713058402,0.11642046895576641,0.0863402086091719,0.31460597826086956,0.1300713426116804,1,0,Amber,0,0,0,0.19298610018730955,0.1359722003746191,Amber,0,0,0,0,0
14_RT,6,3,R6Q3,11,Animal,1,3.005,4.0,0.0256,0.31111112,0.25,0.32608695652173914,0.31111112236976624,0.24716067842382472,0.16002591236734673,0.31669497282608694,0.2505733968378032,0.1832102344778832,0.07005182473469347,0.30730298913043474,0.1900356713058402,1,1,Amber,0,0,0,0.2520486112785379,0.19298610018730955,Amber,0,0,1,0,0
15_RT,1,1,R1Q1,0,Animal,1,1.98,7.0,0.0776,0.092857145,0.053763440860215055,0.2631578947368421,0.09285714477300644,0.09285714477300644,0.053763440860215055,0.2631578947368421,0.09285714477300644,,,,,0,0,Green,0,0,0,0.09285714477300644,,Green,0,0,0,0,0
15_RT,1,3,R1Q3,1,Sign,0,4.96,2.0,0.0,0.4390244,0.9,0.44,0.9,0.2659407667815685,0.4768817204301075,0.35157894736842105,0.49642857238650323,0.09285714477300644,0.053763440860215055,0.2631578947368421,0.09285714477300644,1,0,Red,1,1,0,0.49642857238650323,0.09285714477300644,Red,1,1,1,1,0
15_RT,2,2,R2Q2,2,Sign,1,1.216,7.0,0.07239999999999999,0.092857145,0.053763440860215055,0.32608695652173914,0.09285714477300644,0.17939895577728748,0.2653225806451613,0.3388329519450801,0.2946428585797548,0.2659407667815685,0.4768817204301075,0.35157894736842105,0.49642857238650323,1,1,Red,1,0,1,0.2946428585797548,0.49642857238650323,Red,0,0,0,0,0
15_RT,2,3,R2Q3,3,Animal,1,6.032,4.0,0.0,0.31111112,0.25,0.3,0.31111112236976624,0.24525503907352686,0.25766129032258067,0.3194164759725401,0.3028769904747605,0.17939895577728748,0.2653225806451613,0.3388329519450801,0.2946428585797548,1,1,Red,1,1,0,0.4778299038661486,0.2946428585797548,Red,0,1,1,1,0
15_RT,3,1,R3Q1,4,Animal,0,2.245,7.0,0.020399999999999998,0.31111112,0.053763440860215055,0.3,0.31111112236976624,0.27818308072164655,0.15571236559139787,0.30970823798627,0.3069940564222634,0.24525503907352686,0.25766129032258067,0.3194164759725401,0.3028769904747605,1,1,Red,1,0,1,0.39447051311795744,0.4778299038661486,Red,1,0,0,1,0
15_RT,3,3,R3Q3,5,Sign,0,3.557,1.0,0.008400000000000001,0.4390244,0.14925373134328357,0.44,0.4390243887901306,0.3586037347558886,0.15248304846734073,0.37485411899313503,0.373009222606197,0.27818308072164655,0.15571236559139787,0.30970823798627,0.3069940564222634,1,1,Red,1,1,0,0.52774373113525,0.39447051311795744,Red,1,1,1,1,0
15_RT,4,2,R4Q2,6,Sign,0,2.27,2.0,0.0,0.4390244,0.053763440860215055,0.3,0.4390243887901306,0.3988140617730096,0.1031232446637779,0.3374270594965675,0.4060168056981638,0.3586037347558886,0.15248304846734073,0.37485411899313503,0.373009222606197,1,1,Red,1,1,0,0.5943803401438962,0.52774373113525,Red,1,0,1,1,0
15_RT,4,3,R4Q3,7,Animal,1,2.074,7.0,0.0,0.31111112,0.25,0.3392857142857143,0.31111112236976624,0.3549625920713879,0.17656162233188893,0.3383563868911409,0.358563964033965,0.3988140617730096,0.1031232446637779,0.3374270594965675,0.4060168056981638,1,1,Red,1,0,1,0.4527457312568312,0.5943803401438962,Red,0,0,0,0,0
15_RT,5,1,R5Q1,8,Animal,1,1.059,7.0,0.1206,0.4390244,0.053763440860215055,0.15,0.4390243887901306,0.39699349043075927,0.115162531596052,0.24417819344557046,0.39879417641204784,0.3549625920713879,0.17656162233188893,0.3383563868911409,0.358563964033965,1,1,Red,1,0,1,0.44588506002348094,0.4527457312568312,Red,0,0,0,0,0
15_RT,5,2,R5Q2,9,Sign,1,4.203,5.0,0.088,0.092857145,0.053763440860215055,0.16666666666666666,0.09285714477300644,0.24492531760188285,0.08446298622813353,0.20542243005611854,0.24582566059252714,0.39699349043075927,0.115162531596052,0.24417819344557046,0.39879417641204784,1,1,Amber,0,0,0,0.2693711023982437,0.44588506002348094,Amber,0,1,0,1,0
15_RT,6,1,R6Q1,10,Sign,1,1.504,7.0,0.0066,0.31111112,0.14925373134328357,0.3,0.31111112236976624,0.27801821998582454,0.11685835878570855,0.25271121502805927,0.27846839148114666,0.24492531760188285,0.08446298622813353,0.20542243005611854,0.24582566059252714,1,1,Red,1,0,1,0.29024111238400496,0.2693711023982437,Red,0,0,0,0,0
15_RT,6,3,R6Q3,11,Animal,1,2.79,5.0,0.0,0.31111112,0.25,0.3392857142857143,0.31111112236976624,0.2945646711777954,0.18342917939285427,0.2959984646568868,0.29478975692545645,0.27801821998582454,0.11685835878570855,0.25271121502805927,0.27846839148114666,1,1,Red,1,0,0,0.3006761173768856,0.29024111238400496,Red,0,0,0,0,0
16_RT,1,1,R1Q1,0,Animal,1,0.772,7.0,0.072,0.092857145,0.14925373134328357,0.3333333333333333,0.14925373134328357,0.09285714477300644,0.14925373134328357,0.3333333333333333,0.14925373134328357,,,,,0,0,Green,0,0,0,0.14925373134328357,,Green,0,0,0,0,0
16_RT,1,3,R1Q3,1,Sign,0,3.991,1.0,0.0,0.4390244,0.25,0.3392857142857143,0.4390243887901306,0.2659407667815685,0.19962686567164178,0.33630952380952384,0.2941390600667071,0.09285714477300644,0.14925373134328357,0.3333333333333333,0.14925373134328357,1,0,Red,1,1,0,0.405135340247913,0.14925373134328357,Red,1,1,1,1,0
16_RT,2,2,R2Q2,2,Sign,1,1.314,7.0,0.1764,0.0,0.053763440860215055,0.15,0.053763440860215055,0.13297038339078426,0.12669515326592842,0.24315476190476193,0.17395125046346108,0.2659407667815685,0.19962686567164178,0.33630952380952384,0.2941390600667071,0,0,Green,0,0,0,0.22944939055406402,0.405135340247913,Amber,0,0,0,0,0
16_RT,2,3,R2Q3,3,Animal,0,5.257,4.0,0.0254,0.20408164,0.053763440860215055,0.3,0.20408163964748383,0.16852601151913404,0.09022929706307174,0.27157738095238093,0.18901644505547244,0.13297038339078426,0.12669515326592842,0.24315476190476193,0.17395125046346108,1,0,Amber,0,0,0,0.2167655151007739,0.22944939055406402,Amber,1,1,1,1,0
16_RT,3,1,R3Q1,4,Animal,1,3.504,6.0,0.0,0.31111112,0.9,0.44,0.9,0.23981856694445014,0.49511464853153586,0.35578869047619044,0.5445082225277362,0.16852601151913404,0.09022929706307174,0.27157738095238093,0.18901644505547244,1,1,Red,1,0,1,0.558382757550387,0.2167655151007739,Red,0,1,0,1,0
16_RT,3,3,R3Q3,5,Sign,1,2.014,5.0,0.0094,0.4390244,0.07142857142857142,0.32608695652173914,0.4390243887901306,0.3394214778672904,0.28327160998005363,0.3409378234989648,0.4917663056589334,0.23981856694445014,0.49511464853153586,0.35578869047619044,0.5445082225277362,1,1,Red,1,0,0,0.4987035731702588,0.558382757550387,Red,0,0,0,0,0
16_RT,4,2,R4Q2,6,Sign,1,2.121,6.0,0.0,0.4390244,0.2692307692307692,0.44,0.4390243887901306,0.3892229333287105,0.2762511896054114,0.3904689117494824,0.465395347224532,0.3394214778672904,0.28327160998005363,0.3409378234989648,0.4917663056589334,1,1,Red,1,0,1,0.4688639809801947,0.4987035731702588,Red,0,0,0,0,0
16_RT,4,3,R4Q3,7,Animal,1,1.75,6.0,0.08159999999999999,0.092857145,0.14925373134328357,0.44,0.14925373134328357,0.24104003905085847,0.21275246047434748,0.41523445587474117,0.3073245392839078,0.3892229333287105,0.2762511896054114,0.3904689117494824,0.465395347224532,1,1,Red,1,0,1,0.3090588561617391,0.4688639809801947,Red,0,0,0,0,1
16_RT,5,1,R5Q1,8,Animal,1,2.095,7.0,0.11279999999999998,0.31111112,0.053763440860215055,0.3,0.31111112236976624,0.27607558071031235,0.13325795066728127,0.3576172279373706,0.309217830826837,0.24104003905085847,0.21275246047434748,0.41523445587474117,0.3073245392839078,1,1,Red,1,0,1,0.3100849892657527,0.3090588561617391,Red,0,0,0,0,0
16_RT,5,3,R5Q3,9,Sign,1,1.442,7.0,0.0,0.31111112,0.20833333333333334,0.32608695652173914,0.31111112236976624,0.2935933515400393,0.1707956420003073,0.34185209222955487,0.3101644765983016,0.27607558071031235,0.13325795066728127,0.3576172279373706,0.309217830826837,1,1,Red,1,0,1,0.31059805581775946,0.3100849892657527,Red,0,0,0,0,0
16_RT,6,1,R6Q1,10,Sign,1,1.596,6.0,0.0868,0.092857145,0.053763440860215055,0.3,0.09285714477300644,0.19322524815652287,0.11227954143026118,0.32092604611477743,0.20151081068565402,0.2935933515400393,0.1707956420003073,0.34185209222955487,0.3101644765983016,1,1,Amber,0,0,0,0.20172760029538295,0.31059805581775946,Amber,0,0,0,0,0
16_RT,6,3,R6Q3,11,Animal,1,2.951,4.0,0.0422,0.31111112,0.053763440860215055,0.3,0.31111112236976624,0.25216818526314455,0.08302149114523812,0.3104630230573887,0.2563109665277101,0.19322524815652287,0.11227954143026118,0.32092604611477743,0.20151081068565402,1,1,Amber,0,0,0,0.2564193613325746,0.20172760029538295,Amber,0,0,1,0,0
17_RT,1,1,R1Q1,0,Animal,1,2.7,7.0,0.11779999999999999,0.092857145,0.053763440860215055,0.3,0.09285714477300644,0.09285714477300644,0.053763440860215055,0.3,0.09285714477300644,,,,,0,0,Green,0,0,0,0.09285714477300644,,Green,0,0,0,0,0
17_RT,1,3,R1Q3,1,Sign,1,2.22,6.0,0.0,0.31111112,0.14925373134328357,0.3,0.31111112236976624,0.20198413357138634,0.10150858610174932,0.3,0.20198413357138634,0.09285714477300644,0.053763440860215055,0.3,0.09285714477300644,1,0,Amber,0,0,0,0.20198413357138634,0.09285714477300644,Amber,0,0,0,0,0
17_RT,2,2,R2Q2,2,Sign,1,1.885,7.0,0.2082,0.20408164,0.053763440860215055,0.11764705882352941,0.20408163964748383,0.20303288660943508,0.07763601348098219,0.20882352941176469,0.20303288660943508,0.20198413357138634,0.10150858610174932,0.3,0.20198413357138634,1,1,Amber,0,0,0,0.20303288660943508,0.20198413357138634,Amber,0,0,0,0,0
17_RT,2,3,R2Q3,3,Animal,0,1.28,7.0,0.36160000000000003,0.092857145,0.053763440860215055,0.11764705882352941,0.09285714477300644,0.14794501569122076,0.06569972717059862,0.16323529411764703,0.14794501569122076,0.20303288660943508,0.07763601348098219,0.20882352941176469,0.20303288660943508,0,0,Green,0,0,0,0.14794501569122076,0.20303288660943508,Green,1,0,0,1,0
17_RT,3,1,R3Q1,4,Animal,1,1.613,5.0,0.1204,0.31111112,0.053763440860215055,0.16666666666666666,0.31111112236976624,0.2295280690304935,0.05973158401540683,0.16495098039215683,0.2295280690304935,0.14794501569122076,0.06569972717059862,0.16323529411764703,0.14794501569122076,1,0,Amber,0,0,0,0.2295280690304935,0.14794501569122076,Amber,0,0,0,0,0
17_RT,3,3,R3Q3,5,Sign,1,1.385,7.0,0.2692,0.20408164,0.053763440860215055,0.15,0.20408163964748383,0.21680485433898866,0.05674751243781094,0.15747549019607843,0.21680485433898866,0.2295280690304935,0.05973158401540683,0.16495098039215683,0.2295280690304935,1,1,Amber,0,0,0,0.21680485433898866,0.2295280690304935,Amber,0,0,0,0,0
17_RT,4,2,R4Q2,6,Sign,1,1.487,7.0,0.0412,0.092857145,0.053763440860215055,0.16666666666666666,0.09285714477300644,0.15483099955599755,0.055255476649012994,0.16207107843137253,0.15483099955599755,0.21680485433898866,0.05674751243781094,0.15747549019607843,0.21680485433898866,0,0,Green,0,0,0,0.15483099955599755,0.21680485433898866,Green,0,0,0,0,0
17_RT,4,3,R4Q3,7,Animal,1,1.372,7.0,0.1494,0.0,0.053763440860215055,0.15,0.053763440860215055,0.07741549977799878,0.05450945875461402,0.15603553921568625,0.1042972202081063,0.15483099955599755,0.055255476649012994,0.16207107843137253,0.15483099955599755,0,0,Green,0,0,0,0.1042972202081063,0.15483099955599755,Green,0,0,0,0,0
17_RT,5,1,R5Q1,8,Animal,1,1.303,7.0,0.20659999999999998,0.092857145,0.053763440860215055,0.15,0.09285714477300644,0.08513632227550261,0.05413644980741454,0.15301776960784313,0.09857718249055637,0.07741549977799878,0.05450945875461402,0.15603553921568625,0.1042972202081063,0,0,Green,0,0,0,0.09857718249055637,0.1042972202081063,Green,0,0,0,0,0
17_RT,5,3,R5Q3,9,Sign,1,1.067,7.0,0.24020000000000002,0.092857145,0.053763440860215055,0.15,0.09285714477300644,0.08899673352425452,0.053949945333814794,0.15150888480392155,0.0957171636317814,0.08513632227550261,0.05413644980741454,0.15301776960784313,0.09857718249055637,0,0,Green,0,0,0,0.0957171636317814,0.09857718249055637,Green,0,0,0,0,0
17_RT,6,1,R6Q1,10,Sign,1,1.468,7.0,0.0726,0.0,0.053763440860215055,0.3,0.053763440860215055,0.04449836676212726,0.05385669309701492,0.22575444240196077,0.07474030224599823,0.08899673352425452,0.053949945333814794,0.15150888480392155,0.0957171636317814,0,0,Green,0,0,0,0.07474030224599823,0.0957171636317814,Green,0,0,0,0,0
17_RT,6,3,R6Q3,11,Animal,1,0.653,7.0,0.1394,0.092857145,0.053763440860215055,0.15,0.09285714477300644,0.06867775576756685,0.053810066978614984,0.18787722120098038,0.08379872350950233,0.04449836676212726,0.05385669309701492,0.22575444240196077,0.07474030224599823,0,0,Green,0,0,0,0.08379872350950233,0.07474030224599823,Green,0,0,0,0,0
18_RT,1,1,R1Q1,0,Animal,1,0.7,7.0,0.056799999999999996,0.31111112,0.07142857142857142,0.32608695652173914,0.31111112236976624,0.31111112236976624,0.07142857142857142,0.32608695652173914,0.31111112236976624,,,,,1,0,Red,1,0,1,0.31111112236976624,,Red,0,0,0,0,0
18_RT,1,3,R1Q3,1,Sign,1,3.061,3.0,0.0,0.31111112,0.14925373134328357,0.3,0.31111112236976624,0.31111112236976624,0.1103411513859275,0.31304347826086953,0.31111112236976624,0.31111112236976624,0.07142857142857142,0.32608695652173914,0.31111112236976624,1,1,Red,1,1,0,0.4860640357611543,0.31111112236976624,Red,0,0,1,0,0
18_RT,2,2,R2Q2,2,Sign,1,0.99,7.0,0.23220000000000002,0.15789473,0.053763440860215055,0.15,0.15789473056793213,0.23450292646884918,0.08205229612307127,0.23152173913043478,0.23450292646884918,0.31111112236976624,0.1103411513859275,0.31304347826086953,0.31111112236976624,1,1,Amber,0,0,0,0.3219793831645432,0.4860640357611543,Red,0,0,0,0,0
18_RT,2,3,R2Q3,3,Animal,0,1.84,6.0,0.0212,0.20408164,0.07142857142857142,0.32608695652173914,0.20408163964748383,0.2192922830581665,0.07674043377582135,0.278804347826087,0.2192922830581665,0.23450292646884918,0.08205229612307127,0.23152173913043478,0.23450292646884918,1,1,Amber,0,0,0,0.2630305114060135,0.3219793831645432,Amber,1,0,0,1,0
18_RT,3,1,R3Q1,4,Animal,1,5.84,1.0,0.0,0.31111112,0.16666666666666666,0.3333333333333333,0.31111112236976624,0.26520170271396637,0.121703550221244,0.3060688405797102,0.26520170271396637,0.2192922830581665,0.07674043377582135,0.278804347826087,0.2192922830581665,1,1,Amber,0,0,0,0.2870708168878899,0.2630305114060135,Red,0,1,1,1,1
18_RT,3,3,R3Q3,5,Sign,1,2.053,6.0,0.1638,0.092857145,0.053763440860215055,0.15,0.09285714477300644,0.1790294237434864,0.08773349554072953,0.2280344202898551,0.1790294237434864,0.26520170271396637,0.121703550221244,0.3060688405797102,0.26520170271396637,0,0,Green,0,0,0,0.18996398083044816,0.2870708168878899,Amber,0,0,0,0,0
18_RT,4,2,R4Q2,6,Sign,1,2.646,4.0,0.0,0.31111112,0.25,0.3,0.31111112236976624,0.24507027305662632,0.16886674777036476,0.2640172101449275,0.24507027305662632,0.1790294237434864,0.08773349554072953,0.2280344202898551,0.1790294237434864,1,0,Amber,0,0,0,0.2505375516001072,0.18996398083044816,Amber,0,0,1,0,0
18_RT,4,3,R4Q3,7,Animal,1,2.292,2.0,0.0072,0.31111112,0.14925373134328357,0.3392857142857143,0.31111112236976624,0.2780906977131963,0.15906023955682416,0.3016514622153209,0.2780906977131963,0.24507027305662632,0.16886674777036476,0.2640172101449275,0.24507027305662632,1,1,Red,1,1,0,0.45577725037632477,0.2505375516001072,Red,0,0,1,0,0
18_RT,5,1,R5Q1,8,Animal,1,1.54,4.0,0.3044,0.0,0.053763440860215055,0.11764705882352941,0.053763440860215055,0.13904534885659814,0.10641184020851961,0.20964926051942517,0.16592706928670567,0.2780906977131963,0.15906023955682416,0.3016514622153209,0.2780906977131963,0,0,Green,0,0,0,0.2547703456182699,0.45577725037632477,Amber,0,0,1,0,0
18_RT,5,3,R5Q3,9,Sign,1,0.962,7.0,0.08199999999999999,0.092857145,0.053763440860215055,0.32608695652173914,0.09285714477300644,0.11595124681480229,0.08008764053436733,0.2678681085205822,0.12939210702985604,0.13904534885659814,0.10641184020851961,0.20964926051942517,0.16592706928670567,0,0,Green,0,0,0,0.17381374519563816,0.2547703456182699,Green,0,0,0,0,0
18_RT,6,1,R6Q1,10,Sign,1,0.865,5.0,0.2464,0.0,0.053763440860215055,0.15,0.053763440860215055,0.057975623407401145,0.06692554069729119,0.2089340542602911,0.09157777394503555,0.11595124681480229,0.08008764053436733,0.2678681085205822,0.12939210702985604,0,0,Green,0,0,0,0.11378859302792661,0.17381374519563816,Green,0,0,0,0,0
18_RT,6,3,R6Q3,11,Animal,1,1.671,5.0,0.062,0.092857145,0.053763440860215055,0.3,0.09285714477300644,0.07541638409020379,0.06034449077875312,0.2544670271301456,0.092217459359021,0.057975623407401145,0.06692554069729119,0.2089340542602911,0.09157777394503555,0,0,Green,0,0,0,0.10332286890046652,0.11378859302792661,Green,0,0,0,0,0
19_RT,1,1,R1Q1,0,Animal,1,1.763,7.0,0.0,0.4390244,0.25,0.32608695652173914,0.4390243887901306,0.4390243887901306,0.25,0.32608695652173914,0.4390243887901306,,,,,1,0,Red,1,0,1,0.4390243887901306,,Red,0,0,0,0,0
19_RT,1,3,R1Q3,1,Sign,1,1.88,7.0,0.0,0.31111112,0.14925373134328357,0.3,0.31111112236976624,0.3750677555799484,0.19962686567164178,0.31304347826086953,0.3750677555799484,0.4390243887901306,0.25,0.32608695652173914,0.4390243887901306,1,1,Red,1,0,1,0.3750677555799484,0.4390243887901306,Red,0,0,0,0,0
19_RT,2,2,R2Q2,2,Sign,1,1.367,7.0,0.0,0.092857145,0.053763440860215055,0.3,0.09285714477300644,0.23396245017647743,0.12669515326592842,0.3065217391304348,0.23396245017647743,0.3750677555799484,0.19962686567164178,0.31304347826086953,0.3750677555799484,1,1,Amber,0,0,0,0.23396245017647743,0.3750677555799484,Amber,0,0,0,0,0
19_RT,2,3,R2Q3,3,Animal,0,3.435,6.0,0.5314,0.092857145,0.053763440860215055,0.0,0.09285714477300644,0.16340979747474194,0.09022929706307174,0.1532608695652174,0.16340979747474194,0.23396245017647743,0.12669515326592842,0.3065217391304348,0.23396245017647743,0,0,Green,0,0,0,0.16340979747474194,0.23396245017647743,Green,1,0,0,1,0
19_RT,3,1,R3Q1,4,Animal,1,2.297,5.0,0.0,0.092857145,0.14925373134328357,0.3,0.14925373134328357,0.1281334711238742,0.11974151420317766,0.2266304347826087,0.15633176440901275,0.16340979747474194,0.09022929706307174,0.1532608695652174,0.16340979747474194,0,0,Green,0,0,0,0.15633176440901275,0.16340979747474194,Green,0,0,0,0,0
19_RT,3,3,R3Q3,5,Sign,1,1.209,7.0,0.0026,0.20408164,0.053763440860215055,0.2631578947368421,0.20408163964748383,0.166107555385679,0.08675247753169636,0.2448941647597254,0.1802067020282483,0.1281334711238742,0.11974151420317766,0.2266304347826087,0.15633176440901275,0,0,Green,0,0,0,0.1802067020282483,0.15633176440901275,Green,0,0,0,0,0
19_RT,4,2,R4Q2,6,Sign,1,1.388,7.0,0.0076,0.4390244,0.053763440860215055,0.3,0.4390243887901306,0.3025659720879048,0.0702579591959557,0.2724470823798627,0.30961554540918945,0.166107555385679,0.08675247753169636,0.2448941647597254,0.1802067020282483,1,0,Red,1,0,1,0.30961554540918945,0.1802067020282483,Red,0,0,0,0,0
19_RT,4,3,R4Q3,7,Animal,1,1.732,7.0,0.277,0.092857145,0.053763440860215055,0.11764705882352941,0.09285714477300644,0.19771155843045563,0.06201070002808538,0.19504707060169607,0.20123634509109795,0.3025659720879048,0.0702579591959557,0.2724470823798627,0.30961554540918945,1,1,Amber,0,0,0,0.20123634509109795,0.30961554540918945,Amber,0,0,0,0,0
19_RT,5,1,R5Q1,8,Animal,1,1.255,7.0,0.23359999999999997,0.092857145,0.053763440860215055,0.15,0.09285714477300644,0.14528435160173103,0.057887070444150215,0.17252353530084802,0.1470467449320522,0.19771155843045563,0.06201070002808538,0.19504707060169607,0.20123634509109795,0,0,Green,0,0,0,0.1470467449320522,0.20123634509109795,Green,0,0,0,0,0
19_RT,5,3,R5Q3,9,Sign,1,1.157,7.0,0.4184,0.092857145,0.053763440860215055,0.0,0.09285714477300644,0.11907074818736874,0.05582525565218263,0.08626176765042401,0.11995194485252932,0.14528435160173103,0.057887070444150215,0.17252353530084802,0.1470467449320522,0,0,Green,0,0,0,0.11995194485252932,0.1470467449320522,Green,0,0,0,0,0
19_RT,6,1,R6Q1,10,Sign,1,1.358,7.0,0.06820000000000001,0.092857145,0.053763440860215055,0.32608695652173914,0.09285714477300644,0.10596394648018759,0.054794348256198847,0.2061743620860816,0.10640454481276787,0.11907074818736874,0.05582525565218263,0.08626176765042401,0.11995194485252932,0,0,Green,0,0,0,0.10640454481276787,0.11995194485252932,Green,0,0,0,0,0
19_RT,6,3,R6Q3,11,Animal,1,1.338,7.0,0.1024,0.092857145,0.053763440860215055,0.15,0.09285714477300644,0.09941054562659701,0.05427889455820695,0.17808718104304078,0.09963084479288715,0.10596394648018759,0.054794348256198847,0.2061743620860816,0.10640454481276787,0,0,Green,0,0,0,0.09963084479288715,0.10640454481276787,Green,0,0,0,0,0
20_RT,1,1,R1Q1,0,Animal,0,4.01,1.0,0.0,0.31111112,0.25,0.44,0.31111112236976624,0.31111112236976624,0.25,0.44,0.31111112236976624,,,,,1,0,Red,1,1,0,0.6610169491525424,,Red,1,1,1,1,0
20_RT,1,3,R1Q3,1,Sign,1,3.19,2.0,0.0,0.4390244,0.25,0.44,0.4390243887901306,0.3750677555799484,0.25,0.44,0.3750677555799484,0.31111112236976624,0.25,0.44,0.31111112236976624,1,1,Red,1,1,0,0.6610169491525424,0.6610169491525424,Red,0,0,1,0,0
20_RT,2,2,R2Q2,2,Sign,1,1.176,7.0,0.1402,0.0,0.053763440860215055,0.15,0.053763440860215055,0.1875338777899742,0.15188172043010753,0.295,0.21441559822008174,0.3750677555799484,0.25,0.44,0.3750677555799484,1,1,Amber,0,0,0,0.3573901950063787,0.6610169491525424,Red,0,0,0,0,0
20_RT,2,3,R2Q3,3,Animal,1,1.619,6.0,0.1572,0.15789473,0.0,0.15,0.15789473056793213,0.17271430417895317,0.07594086021505377,0.22249999999999998,0.18615516439400692,0.1875338777899742,0.15188172043010753,0.295,0.21441559822008174,1,1,Amber,0,0,0,0.2576424627871554,0.3573901950063787,Amber,0,0,0,0,0
20_RT,3,1,R3Q1,4,Animal,1,5.379,1.0,0.0,0.31111112,0.25,0.44,0.31111112236976624,0.2419127132743597,0.16297043010752688,0.33125,0.24863314338188658,0.17271430417895317,0.07594086021505377,0.22249999999999998,0.18615516439400692,1,1,Amber,0,0,0,0.2843767925784608,0.2576424627871554,Red,0,1,1,1,0
20_RT,3,3,R3Q3,5,Sign,0,2.522,1.0,0.2676,0.092857145,0.0,0.15,0.09285714477300644,0.16738492902368307,0.08148521505376344,0.24062499999999998,0.1707451440774465,0.2419127132743597,0.16297043010752688,0.33125,0.24863314338188658,0,0,Green,0,0,0,0.18861696867573363,0.2843767925784608,Amber,1,0,1,1,0
20_RT,4,2,R4Q2,6,Sign,1,1.72,7.0,0.0896,0.0,0.053763440860215055,0.3,0.053763440860215055,0.08369246451184154,0.06762432795698925,0.27031249999999996,0.11225429246883079,0.16738492902368307,0.08148521505376344,0.24062499999999998,0.1707451440774465,0,0,Green,0,0,0,0.12119020476797435,0.18861696867573363,Green,0,0,0,0,0
20_RT,4,3,R4Q3,7,Animal,1,1.535,6.0,0.20299999999999999,0.20408164,0.053763440860215055,0.15,0.20408163964748383,0.14388705207966268,0.060693884408602156,0.21015625,0.1581679660581573,0.08369246451184154,0.06762432795698925,0.27031249999999996,0.11225429246883079,0,0,Green,0,0,0,0.1626359222077291,0.12119020476797435,Green,0,0,0,0,0
20_RT,5,1,R5Q1,8,Animal,1,1.179,7.0,0.25379999999999997,0.092857145,0.053763440860215055,0.11764705882352941,0.09285714477300644,0.11837209842633456,0.05722866263440861,0.16390165441176469,0.12551255541558187,0.14388705207966268,0.060693884408602156,0.21015625,0.1581679660581573,0,0,Green,0,0,0,0.12774653349036777,0.1626359222077291,Green,0,0,0,0,0
20_RT,5,3,R5Q3,9,Sign,1,1.347,7.0,0.19119999999999998,0.0,0.0,0.15,0.0,0.05918604921316728,0.028614331317204304,0.15695082720588233,0.06275627770779094,0.11837209842633456,0.05722866263440861,0.16390165441176469,0.12551255541558187,0,0,Green,0,0,0,0.06387326674518388,0.12774653349036777,Green,0,0,0,0,0
20_RT,6,1,R6Q1,10,Sign,1,1.538,4.0,0.0248,0.25,0.20833333333333334,0.44,0.25,0.15459302460658364,0.11847383232526883,0.29847541360294116,0.15637813885389545,0.05918604921316728,0.028614331317204304,0.15695082720588233,0.06275627770779094,0,0,Green,0,0,0,0.15693663337259195,0.06387326674518388,Green,0,0,1,0,0
20_RT,6,3,R6Q3,11,Animal,1,1.367,6.0,0.1542,0.092857145,0.053763440860215055,0.15,0.09285714477300644,0.12372508468979504,0.08611863659274194,0.2242377068014706,0.12461764181345095,0.15459302460658364,0.11847383232526883,0.29847541360294116,0.15637813885389545,0,0,Green,0,0,0,0.1248968890727992,0.15693663337259195,Green,0,0,0,0,0
21_RT,1,3,R1Q3,0,Sign,0,1.347,7.0,0.1406,0.092857145,0.053763440860215055,0.15,0.09285714477300644,0.09285714477300644,0.053763440860215055,0.15,0.09285714477300644,,,,,0,0,Green,0,0,0,0.09285714477300644,,Green,1,0,0,1,1
21_RT,2,2,R2Q2,1,Sign,0,1.945,7.0,0.0,0.20408164,0.053763440860215055,0.15,0.20408163964748383,0.14846939221024513,0.053763440860215055,0.15,0.14846939221024513,0.09285714477300644,0.053763440860215055,0.15,0.09285714477300644,0,0,Green,0,0,0,0.14846939221024513,0.09285714477300644,Green,1,0,0,1,1
21_RT,2,3,R2Q3,2,Animal,1,5.227,7.0,0.0,0.31111112,0.14925373134328357,0.2631578947368421,0.31111112236976624,0.22979025729000568,0.10150858610174932,0.20657894736842103,0.22979025729000568,0.14846939221024513,0.053763440860215055,0.15,0.14846939221024513,1,0,Amber,0,0,0,0.22979025729000568,0.14846939221024513,Amber,0,1,0,1,1
21_RT,3,1,R3Q1,3,Animal,1,2.417,3.0,0.0,0.092857145,0.053763440860215055,0.32608695652173914,0.09285714477300644,0.16132370103150606,0.07763601348098219,0.2663329519450801,0.16132370103150606,0.22979025729000568,0.10150858610174932,0.20657894736842103,0.22979025729000568,0,0,Green,0,0,0,0.16132370103150606,0.22979025729000568,Green,0,0,1,0,0
21_RT,3,3,R3Q3,4,Sign,0,1.013,2.0,0.0068000000000000005,0.31111112,0.053763440860215055,0.32608695652173914,0.31111112236976624,0.23621741170063615,0.06569972717059862,0.2962099542334096,0.23621741170063615,0.16132370103150606,0.07763601348098219,0.2663329519450801,0.16132370103150606,1,0,Amber,0,0,0,0.23621741170063615,0.16132370103150606,Amber,1,0,1,1,0
21_RT,4,2,R4Q2,5,Sign,0,1.192,7.0,0.0,0.4390244,0.07142857142857142,0.3,0.4390243887901306,0.3376209002453834,0.06856414929958501,0.2981049771167048,0.3376209002453834,0.23621741170063615,0.06569972717059862,0.2962099542334096,0.23621741170063615,1,1,Red,1,0,1,0.3376209002453834,0.23621741170063615,Red,1,0,0,1,0
21_RT,4,3,R4Q3,6,Animal,1,2.06,6.0,0.027600000000000003,0.25,0.053763440860215055,0.3,0.25,0.2938104501226917,0.06116379507990004,0.2990524885583524,0.2938104501226917,0.3376209002453834,0.06856414929958501,0.2981049771167048,0.3376209002453834,1,1,Red,1,0,1,0.2938104501226917,0.3376209002453834,Red,0,0,0,0,0
21_RT,5,1,R5Q1,7,Animal,0,2.406,2.0,0.1514,0.092857145,0.053763440860215055,0.15,0.09285714477300644,0.19333379744784907,0.05746361797005754,0.22452624427917622,0.19333379744784907,0.2938104501226917,0.06116379507990004,0.2990524885583524,0.2938104501226917,1,1,Amber,0,0,0,0.19333379744784907,0.2938104501226917,Amber,1,0,1,1,0
21_RT,5,3,R5Q3,8,Sign,0,1.323,1.0,0.023,0.44444445,0.053763440860215055,0.32608695652173914,0.4444444477558136,0.31888912260183133,0.055613529415136295,0.2753066004004577,0.31888912260183133,0.19333379744784907,0.05746361797005754,0.22452624427917622,0.19333379744784907,1,1,Red,1,1,0,0.4271753733001957,0.19333379744784907,Red,1,0,1,1,0
21_RT,6,1,R6Q1,9,Sign,0,6.003,1.0,0.0,0.31111112,0.07142857142857142,0.3,0.31111112236976624,0.3150001224857988,0.06352105042185385,0.28765330020022883,0.3150001224857988,0.31888912260183133,0.055613529415136295,0.2753066004004577,0.31888912260183133,1,1,Red,1,1,0,0.5440961612263691,0.4271753733001957,Red,1,1,1,1,0
21_RT,6,3,R6Q3,10,Animal,1,1.814,7.0,0.0196,0.31111112,0.053763440860215055,0.3,0.31111112236976624,0.3130556224277825,0.05864224564103446,0.29382665010011444,0.3130556224277825,0.3150001224857988,0.06352105042185385,0.28765330020022883,0.3150001224857988,1,1,Red,1,0,1,0.42760364179806765,0.5440961612263691,Red,0,0,0,0,0
22_RT,1,1,R1Q1,0,Animal,1,0.28,7.0,0.0,0.20408164,0.053763440860215055,0.3,0.20408163964748383,0.20408163964748383,0.053763440860215055,0.3,0.20408163964748383,,,,,1,0,Amber,0,0,0,0.20408163964748383,,Amber,0,0,0,0,0
22_RT,1,3,R1Q3,1,Sign,1,1.985,6.0,0.0558,0.092857145,0.053763440860215055,0.16666666666666666,0.09285714477300644,0.14846939221024513,0.053763440860215055,0.23333333333333334,0.14846939221024513,0.20408163964748383,0.053763440860215055,0.3,0.20408163964748383,0,0,Green,0,0,0,0.14846939221024513,0.20408163964748383,Green,0,0,0,0,0
22_RT,2,2,R2Q2,2,Sign,1,1.296,7.0,0.3202,0.092857145,0.0,0.11764705882352941,0.09285714477300644,0.12066326849162579,0.026881720430107527,0.17549019607843136,0.12066326849162579,0.14846939221024513,0.053763440860215055,0.23333333333333334,0.14846939221024513,0,0,Green,0,0,0,0.12066326849162579,0.14846939221024513,Green,0,0,0,0,0
22_RT,2,3,R2Q3,3,Animal,1,3.341,5.0,0.055200000000000006,0.092857145,0.0,0.2631578947368421,0.09285714477300644,0.10676020663231611,0.013440860215053764,0.21932404540763673,0.10676020663231611,0.12066326849162579,0.026881720430107527,0.17549019607843136,0.12066326849162579,0,0,Green,0,0,0,0.10676020663231611,0.12066326849162579,Green,0,0,0,0,0
22_RT,3,1,R3Q1,4,Animal,1,1.488,6.0,0.06,0.092857145,0.053763440860215055,0.3,0.09285714477300644,0.09980867570266128,0.033602150537634407,0.25966202270381833,0.09980867570266128,0.10676020663231611,0.013440860215053764,0.21932404540763673,0.10676020663231611,0,0,Green,0,0,0,0.09980867570266128,0.10676020663231611,Green,0,0,0,0,0
22_RT,3,3,R3Q3,5,Sign,1,1.38,7.0,0.0186,0.092857145,0.053763440860215055,0.32608695652173914,0.09285714477300644,0.09633291023783386,0.043682795698924734,0.29287448961277873,0.09633291023783386,0.09980867570266128,0.033602150537634407,0.25966202270381833,0.09980867570266128,0,0,Green,0,0,0,0.09633291023783386,0.09980867570266128,Green,0,0,0,0,0
22_RT,4,2,R4Q2,6,Sign,1,2.011,7.0,0.0804,0.20408164,0.053763440860215055,0.3,0.20408163964748383,0.15020727494265884,0.04872311827956989,0.29643724480638933,0.15020727494265884,0.09633291023783386,0.043682795698924734,0.29287448961277873,0.09633291023783386,0,0,Green,0,0,0,0.15020727494265884,0.09633291023783386,Green,0,0,0,0,0
22_RT,4,3,R4Q3,7,Animal,1,2.028,6.0,0.0472,0.092857145,0.053763440860215055,0.32608695652173914,0.09285714477300644,0.12153220985783264,0.05124327956989247,0.31126210066406423,0.12153220985783264,0.15020727494265884,0.04872311827956989,0.29643724480638933,0.15020727494265884,0,0,Green,0,0,0,0.12153220985783264,0.15020727494265884,Green,0,0,0,0,0
22_RT,5,1,R5Q1,8,Animal,0,2.663,6.0,0.0,0.31111112,0.053763440860215055,0.3,0.31111112236976624,0.21632166611379944,0.052503360215053765,0.3056310503320321,0.21632166611379944,0.12153220985783264,0.05124327956989247,0.31126210066406423,0.12153220985783264,1,0,Amber,0,0,0,0.21632166611379944,0.12153220985783264,Amber,1,0,0,1,0
22_RT,5,3,R5Q3,9,Sign,1,1.467,7.0,0.07980000000000001,0.20408164,0.0,0.2631578947368421,0.20408163964748383,0.21020165288064163,0.026251680107526883,0.28439447253443706,0.21020165288064163,0.21632166611379944,0.052503360215053765,0.3056310503320321,0.21632166611379944,1,1,Amber,0,0,0,0.21020165288064163,0.21632166611379944,Amber,0,0,0,0,0
22_RT,6,1,R6Q1,10,Sign,0,2.733,5.0,0.0,0.31111112,0.16666666666666666,0.32608695652173914,0.31111112236976624,0.26065638762520393,0.09645917338709677,0.3052407145280881,0.26065638762520393,0.21020165288064163,0.026251680107526883,0.28439447253443706,0.21020165288064163,1,1,Amber,0,0,0,0.26065638762520393,0.21020165288064163,Amber,1,0,0,1,0
22_RT,6,3,R6Q3,11,Animal,1,1.166,5.0,0.1552,0.092857145,0.053763440860215055,0.15,0.09285714477300644,0.1767567661991052,0.07511130712365591,0.22762035726404406,0.1767567661991052,0.26065638762520393,0.09645917338709677,0.3052407145280881,0.26065638762520393,0,0,Green,0,0,0,0.1767567661991052,0.26065638762520393,Green,0,0,0,0,0
23_RT,1,1,R1Q1,0,Animal,1,2.171,3.0,0.0,0.31111112,0.25,0.3392857142857143,0.31111112236976624,0.31111112236976624,0.25,0.3392857142857143,0.31111112236976624,,,,,1,0,Red,1,1,0,0.6610169491525424,,Red,0,0,1,0,0
23_RT,1,3,R1Q3,1,Sign,1,2.476,2.0,0.0,0.31111112,0.2692307692307692,0.44,0.31111112236976624,0.31111112236976624,0.2596153846153846,0.3896428571428572,0.31111112236976624,0.31111112236976624,0.25,0.3392857142857143,0.31111112236976624,1,1,Red,1,1,0,0.6610169491525424,0.6610169491525424,Red,0,0,1,0,0
23_RT,2,2,R2Q2,2,Sign,0,2.217,1.0,0.0076,0.31111112,0.14925373134328357,0.3,0.31111112236976624,0.31111112236976624,0.20443455797933408,0.3448214285714286,0.31111112236976624,0.31111112236976624,0.2596153846153846,0.3896428571428572,0.31111112236976624,1,1,Red,1,1,0,0.6610169491525424,0.6610169491525424,Red,1,0,1,1,0
23_RT,2,3,R2Q3,3,Animal,0,1.419,2.0,0.092,0.25,0.053763440860215055,0.32608695652173914,0.25,0.2805555611848831,0.12909899941977457,0.3354541925465839,0.2805555611848831,0.31111112236976624,0.20443455797933408,0.3448214285714286,0.31111112236976624,1,1,Red,1,1,0,0.6610169491525424,0.6610169491525424,Red,1,0,1,1,0
23_RT,3,1,R3Q1,4,Animal,0,3.743,1.0,0.018,0.4390244,0.14925373134328357,0.44,0.4390243887901306,0.35978997498750687,0.13917636538152905,0.38772709627329194,0.35978997498750687,0.2805555611848831,0.12909899941977457,0.3354541925465839,0.2805555611848831,1,1,Red,1,1,0,0.6610169491525424,0.6610169491525424,Red,1,1,1,1,0
23_RT,3,3,R3Q3,5,Sign,0,2.245,3.0,0.0198,0.4390244,0.14925373134328357,0.3392857142857143,0.4390243887901306,0.39940718188881874,0.1442150483624063,0.3635064052795031,0.39940718188881874,0.35978997498750687,0.13917636538152905,0.38772709627329194,0.35978997498750687,1,1,Red,1,1,0,0.6610169491525424,0.6610169491525424,Red,1,0,1,1,0
23_RT,4,2,R4Q2,6,Sign,1,1.605,5.0,0.06760000000000001,0.15789473,0.07142857142857142,0.3,0.15789473056793213,0.27865095622837543,0.10782180989548887,0.33175320263975155,0.27865095622837543,0.39940718188881874,0.1442150483624063,0.3635064052795031,0.39940718188881874,1,1,Red,1,0,0,0.40945583986023726,0.6610169491525424,Red,0,0,0,0,0
23_RT,4,3,R4Q3,7,Animal,0,1.554,5.0,0.0,0.31111112,0.25,0.3392857142857143,0.31111112236976624,0.29488103929907084,0.17891090494774442,0.3355194584627329,0.29488103929907084,0.27865095622837543,0.10782180989548887,0.33175320263975155,0.27865095622837543,1,1,Red,1,0,0,0.36028348111500175,0.40945583986023726,Red,1,0,0,1,0
23_RT,5,1,R5Q1,8,Animal,1,1.297,6.0,0.18680000000000002,0.20408164,0.053763440860215055,0.2631578947368421,0.20408163964748383,0.24948133947327733,0.11633717290397974,0.2993386765997875,0.24948133947327733,0.29488103929907084,0.17891090494774442,0.3355194584627329,0.29488103929907084,1,1,Amber,0,0,0,0.2821825603812428,0.36028348111500175,Red,0,0,0,0,0
23_RT,5,3,R5Q3,9,Sign,1,1.26,6.0,0.3104,0.15789473,0.053763440860215055,0.11764705882352941,0.15789473056793213,0.20368803502060473,0.0850503068820974,0.20849286771165848,0.20368803502060473,0.24948133947327733,0.11633717290397974,0.2993386765997875,0.24948133947327733,1,1,Amber,0,0,0,0.22003864547458746,0.2821825603812428,Amber,0,0,0,0,0
23_RT,6,1,R6Q1,10,Sign,1,1.164,6.0,0.1182,0.0,0.053763440860215055,0.3,0.053763440860215055,0.10184401751030236,0.06940687387115622,0.25424643385582923,0.1287257379404099,0.20368803502060473,0.0850503068820974,0.20849286771165848,0.20368803502060473,0,0,Green,0,0,0,0.13690104316740126,0.22003864547458746,Green,0,0,0,0,0
23_RT,6,3,R6Q3,11,Animal,1,1.809,5.0,0.0626,0.25,0.053763440860215055,0.32608695652173914,0.25,0.17592200875515118,0.061585157365685636,0.2901666951887842,0.18936286897020493,0.10184401751030236,0.06940687387115622,0.25424643385582923,0.1287257379404099,1,0,Amber,0,0,0,0.19345052158370063,0.13690104316740126,Amber,0,0,0,0,0
24_RT,1,1,R1Q1,0,Animal,0,3.417,5.0,0.0124,0.25,0.14925373134328357,0.3,0.25,0.25,0.14925373134328357,0.3,0.25,,,,,1,0,Amber,0,0,0,0.25,,Amber,1,0,0,1,0
24_RT,1,3,R1Q3,1,Sign,0,4.82,2.0,0.0073999999999999995,0.4390244,0.25,0.3,0.4390243887901306,0.3445121943950653,0.19962686567164178,0.3,0.3445121943950653,0.25,0.14925373134328357,0.3,0.25,1,1,Red,1,1,0,0.4555084745762712,0.25,Red,1,1,1,1,0
24_RT,2,2,R2Q2,2,Sign,1,1.477,7.0,0.373,0.092857145,0.053763440860215055,0.11764705882352941,0.09285714477300644,0.21868466958403587,0.12669515326592842,0.20882352941176469,0.21868466958403587,0.3445121943950653,0.19962686567164178,0.3,0.3445121943950653,1,1,Amber,0,0,0,0.2741828096746388,0.4555084745762712,Amber,0,0,0,0,0
24_RT,2,3,R2Q3,3,Animal,0,2.621,4.0,0.0438,0.31111112,0.14925373134328357,0.3392857142857143,0.31111112236976624,0.26489789597690105,0.13797444230460598,0.2740546218487395,0.26489789597690105,0.21868466958403587,0.12669515326592842,0.20882352941176469,0.21868466958403587,1,1,Amber,0,0,0,0.2926469660222025,0.2741828096746388,Red,1,0,1,1,0
24_RT,3,1,R3Q1,4,Animal,0,2.227,1.0,0.0,0.4390244,0.25,0.44,0.4390243887901306,0.35196114238351583,0.193987221152303,0.3570273109243698,0.35196114238351583,0.26489789597690105,0.13797444230460598,0.2740546218487395,0.26489789597690105,1,1,Red,1,1,0,0.47683195758737246,0.2926469660222025,Red,1,0,1,1,0
24_RT,3,3,R3Q3,5,Sign,1,1.313,6.0,0.1384,0.092857145,0.053763440860215055,0.3,0.09285714477300644,0.22240914357826114,0.12387533100625903,0.3285136554621849,0.22240914357826114,0.35196114238351583,0.193987221152303,0.3570273109243698,0.35196114238351583,1,1,Amber,0,0,0,0.2848445511801895,0.47683195758737246,Red,0,0,0,0,0
24_RT,4,2,R4Q2,6,Sign,0,3.235,5.0,0.0,0.31111112,0.14925373134328357,0.3,0.31111112236976624,0.2667601329740137,0.1365645311747713,0.3142568277310924,0.2667601329740137,0.22240914357826114,0.12387533100625903,0.3285136554621849,0.22240914357826114,1,1,Amber,0,0,0,0.29797783677497786,0.2848445511801895,Red,1,0,0,1,0
24_RT,4,3,R4Q3,7,Animal,0,3.02,4.0,0.0,0.31111112,0.14925373134328357,0.3392857142857143,0.31111112236976624,0.28893562767188996,0.14290913125902743,0.32677127100840336,0.28893562767188996,0.2667601329740137,0.1365645311747713,0.3142568277310924,0.2667601329740137,1,1,Red,1,1,0,0.47949739296376015,0.29797783677497786,Red,1,0,1,1,1
24_RT,5,1,R5Q1,8,Animal,1,2.662,4.0,0.182,0.092857145,0.053763440860215055,0.2631578947368421,0.09285714477300644,0.1908963862224482,0.09833628605962125,0.2949645828726227,0.1908963862224482,0.28893562767188996,0.14290913125902743,0.32677127100840336,0.28893562767188996,1,1,Amber,0,0,0,0.2861772688683833,0.47949739296376015,Red,0,0,1,0,0
24_RT,5,3,R5Q3,9,Sign,1,1.748,7.0,0.3298,0.20408164,0.07142857142857142,0.15,0.20408163964748383,0.197489012934966,0.08488242874409634,0.22248229143631137,0.197489012934966,0.1908963862224482,0.09833628605962125,0.2949645828726227,0.1908963862224482,1,1,Amber,0,0,0,0.24512945425793356,0.2861772688683833,Amber,0,0,0,0,0
24_RT,6,1,R6Q1,10,Sign,1,3.064,3.0,0.06620000000000001,0.31111112,0.14925373134328357,0.32608695652173914,0.31111112236976624,0.2543000676523661,0.11706808004368996,0.27428462397902525,0.2543000676523661,0.197489012934966,0.08488242874409634,0.22248229143631137,0.197489012934966,1,1,Amber,0,0,0,0.2781202883138499,0.24512945425793356,Red,0,0,1,0,0
24_RT,6,3,R6Q3,11,Animal,0,1.88,1.0,0.0,0.31111112,0.25,0.3392857142857143,0.31111112236976624,0.2827055950110662,0.18353404002184498,0.30678516913236975,0.2827055950110662,0.2543000676523661,0.11706808004368996,0.27428462397902525,0.2543000676523661,1,1,Red,1,1,0,0.4695686187331961,0.2781202883138499,Red,1,0,1,1,0
25_RT,1,1,R1Q1,0,Animal,1,1.228,4.0,0.0,0.25,0.2692307692307692,0.44,0.2692307692307692,0.25,0.2692307692307692,0.44,0.2692307692307692,,,,,1,0,Amber,0,0,0,0.2692307692307692,,Amber,0,0,1,0,0
25_RT,1,3,R1Q3,1,Sign,1,1.433,6.0,0.0,0.31111112,0.25,0.32608695652173914,0.31111112236976624,0.2805555611848831,0.2596153846153846,0.3830434782608696,0.2901709458002677,0.25,0.2692307692307692,0.44,0.2692307692307692,1,1,Red,1,0,1,0.2901709458002677,0.2692307692307692,Red,0,0,0,0,0
25_RT,2,2,R2Q2,2,Sign,1,0.901,4.0,0.1206,0.092857145,0.053763440860215055,0.16666666666666666,0.09285714477300644,0.18670635297894478,0.15668941273779982,0.2748550724637681,0.19151404528663707,0.2805555611848831,0.2596153846153846,0.3830434782608696,0.2901709458002677,1,1,Amber,0,0,0,0.19151404528663707,0.2901709458002677,Amber,0,0,1,0,0
25_RT,2,3,R2Q3,3,Animal,1,1.568,4.0,0.0,0.31111112,0.20833333333333334,0.3,0.31111112236976624,0.2489087376743555,0.18251137303556658,0.28742753623188405,0.25131258382820165,0.18670635297894478,0.15668941273779982,0.2748550724637681,0.19151404528663707,1,1,Amber,0,0,0,0.25131258382820165,0.19151404528663707,Amber,0,0,1,0,0
25_RT,3,1,R3Q1,4,Animal,1,2.771,4.0,0.0,0.4390244,0.2692307692307692,0.44,0.4390243887901306,0.34396656323224306,0.2258710711331679,0.363713768115942,0.34516848630916613,0.2489087376743555,0.18251137303556658,0.28742753623188405,0.25131258382820165,1,1,Red,1,1,0,0.456164766490372,0.25131258382820165,Red,0,0,1,0,0
25_RT,3,3,R3Q3,5,Sign,0,1.396,1.0,0.0,0.4390244,0.20833333333333334,0.3333333333333333,0.4390243887901306,0.39149547601118684,0.2171022022332506,0.3485235507246377,0.3920964375496484,0.34396656323224306,0.2258710711331679,0.363713768115942,0.34516848630916613,1,1,Red,1,1,0,0.5585908578214572,0.456164766490372,Red,1,0,1,1,0
25_RT,4,2,R4Q2,6,Sign,0,1.938,7.0,0.0,0.31111112,0.25,0.44,0.31111112236976624,0.35130329919047654,0.2335511011166253,0.3942617753623189,0.3516037799597073,0.39149547601118684,0.2171022022332506,0.3485235507246377,0.3920964375496484,1,1,Red,1,0,1,0.43485099009561173,0.5585908578214572,Red,1,0,0,1,1
25_RT,4,3,R4Q3,7,Animal,1,1.916,4.0,0.1072,0.092857145,0.053763440860215055,0.3392857142857143,0.09285714477300644,0.2220802219817415,0.14365727098842018,0.3667737448240166,0.22223046236635688,0.35130329919047654,0.2335511011166253,0.3942617753623189,0.3516037799597073,1,1,Amber,0,0,0,0.26385406743430906,0.43485099009561173,Amber,0,0,1,0,0
25_RT,5,1,R5Q1,8,Animal,1,0.833,7.0,0.047799999999999995,0.31111112,0.053763440860215055,0.15,0.31111112236976624,0.26659567217575386,0.09871035592431762,0.2583868724120083,0.26667079236806157,0.2220802219817415,0.14365727098842018,0.3667737448240166,0.22223046236635688,1,1,Amber,0,0,0,0.28748259490203765,0.26385406743430906,Red,0,0,0,0,0
25_RT,5,3,R5Q3,9,Sign,0,2.146,1.0,0.0,0.44444445,0.14925373134328357,0.3392857142857143,0.4444444477558136,0.35552005996578373,0.1239820436338006,0.2988362933488613,0.3555576200619376,0.26659567217575386,0.09871035592431762,0.2583868724120083,0.26667079236806157,1,1,Red,1,1,0,0.47424977202729,0.28748259490203765,Red,1,0,1,1,0
25_RT,6,1,R6Q1,10,Sign,1,1.809,4.0,0.0782,0.31111112,0.053763440860215055,0.3,0.31111112236976624,0.333315591167775,0.08887274224700782,0.2994181466744307,0.3333343712158519,0.35552005996578373,0.1239820436338006,0.2988362933488613,0.3555576200619376,1,1,Red,1,1,0,0.5676333605899162,0.47424977202729,Red,0,0,1,0,0
25_RT,6,3,R6Q3,11,Animal,1,1.244,7.0,0.0,0.44444445,0.2692307692307692,0.3392857142857143,0.4444444477558136,0.3888800194617943,0.1790517557388885,0.3193519304800725,0.3888894094858327,0.333315591167775,0.08887274224700782,0.2994181466744307,0.3333343712158519,1,1,Red,1,0,1,0.5060389041728649,0.5676333605899162,Red,0,0,0,0,1
26_RT,1,1,R1Q1,0,Animal,1,0.875,5.0,0.1202,0.092857145,0.053763440860215055,0.3392857142857143,0.09285714477300644,0.09285714477300644,0.053763440860215055,0.3392857142857143,0.09285714477300644,,,,,0,0,Green,0,0,0,0.09285714477300644,,Green,0,0,0,0,0
26_RT,1,3,R1Q3,1,Sign,1,2.239,3.0,0.0032,0.31111112,0.16666666666666666,0.15,0.31111112236976624,0.20198413357138634,0.11021505376344086,0.24464285714285716,0.20198413357138634,0.09285714477300644,0.053763440860215055,0.3392857142857143,0.09285714477300644,1,0,Amber,0,0,0,0.20198413357138634,0.09285714477300644,Amber,0,0,1,0,0
26_RT,2,2,R2Q2,2,Sign,1,1.248,7.0,0.1938,0.092857145,0.053763440860215055,0.15,0.09285714477300644,0.1474206391721964,0.08198924731182795,0.1973214285714286,0.1474206391721964,0.20198413357138634,0.11021505376344086,0.24464285714285716,0.20198413357138634,0,0,Green,0,0,0,0.1474206391721964,0.20198413357138634,Green,0,0,0,0,0
26_RT,2,3,R2Q3,3,Animal,1,1.918,3.0,0.0,0.092857145,0.053763440860215055,0.2631578947368421,0.09285714477300644,0.12013889197260141,0.0678763440860215,0.23023966165413534,0.12013889197260141,0.1474206391721964,0.08198924731182795,0.1973214285714286,0.1474206391721964,0,0,Green,0,0,0,0.12013889197260141,0.1474206391721964,Green,0,0,1,0,0
26_RT,3,1,R3Q1,4,Animal,0,2.473,1.0,0.0654,0.092857145,0.053763440860215055,0.2631578947368421,0.09285714477300644,0.10649801837280393,0.06081989247311828,0.24669877819548872,0.10649801837280393,0.12013889197260141,0.0678763440860215,0.23023966165413534,0.12013889197260141,0,0,Green,0,0,0,0.10649801837280393,0.12013889197260141,Green,1,0,1,1,0
26_RT,3,3,R3Q3,5,Sign,0,1.156,3.0,0.09559999999999999,0.092857145,0.053763440860215055,0.3,0.09285714477300644,0.09967758157290518,0.05729166666666667,0.27334938909774437,0.09967758157290518,0.10649801837280393,0.06081989247311828,0.24669877819548872,0.10649801837280393,0,0,Green,0,0,0,0.09967758157290518,0.10649801837280393,Green,1,0,1,1,0
26_RT,4,2,R4Q2,6,Sign,1,1.911,5.0,0.0742,0.0,0.053763440860215055,0.3,0.053763440860215055,0.04983879078645259,0.05552755376344086,0.2866746945488722,0.07672051121656012,0.09967758157290518,0.05729166666666667,0.27334938909774437,0.09967758157290518,0,0,Green,0,0,0,0.07672051121656012,0.09967758157290518,Green,0,0,0,0,0
26_RT,4,3,R4Q3,7,Animal,1,1.416,3.0,0.0848,0.092857145,0.053763440860215055,0.3,0.09285714477300644,0.07134796777972952,0.054645497311827954,0.29333734727443606,0.08478882799478328,0.04983879078645259,0.05552755376344086,0.2866746945488722,0.07672051121656012,0,0,Green,0,0,0,0.08478882799478328,0.07672051121656012,Green,0,0,1,0,0
26_RT,5,1,R5Q1,8,Animal,1,1.196,7.0,0.09559999999999999,0.092857145,0.053763440860215055,0.3,0.09285714477300644,0.08210255627636798,0.0542044690860215,0.29666867363721805,0.08882298638389485,0.07134796777972952,0.054645497311827954,0.29333734727443606,0.08478882799478328,0,0,Green,0,0,0,0.08882298638389485,0.08478882799478328,Green,0,0,0,0,0
26_RT,5,3,R5Q3,9,Sign,1,1.178,7.0,0.2186,0.092857145,0.053763440860215055,0.15,0.09285714477300644,0.08747985052468721,0.05398395497311828,0.22333433681860904,0.09084006557845065,0.08210255627636798,0.0542044690860215,0.29666867363721805,0.08882298638389485,0,0,Green,0,0,0,0.09084006557845065,0.08882298638389485,Green,0,0,0,0,0
26_RT,6,1,R6Q1,10,Sign,1,1.191,7.0,0.0634,0.0,0.053763440860215055,0.3,0.053763440860215055,0.043739925262343604,0.05387369791666667,0.2616671684093045,0.07230175321933285,0.08747985052468721,0.05398395497311828,0.22333433681860904,0.09084006557845065,0,0,Green,0,0,0,0.07230175321933285,0.09084006557845065,Green,0,0,0,0,0
26_RT,6,3,R6Q3,11,Animal,1,1.344,4.0,0.255,0.092857145,0.053763440860215055,0.2631578947368421,0.09285714477300644,0.06829853501767502,0.05381856938844086,0.2624125315730733,0.08257944899616965,0.043739925262343604,0.05387369791666667,0.2616671684093045,0.07230175321933285,0,0,Green,0,0,0,0.08257944899616965,0.07230175321933285,Green,0,0,1,0,0
27_RT,1,1,R1Q1,0,Animal,1,1.042,7.0,0.1964,0.092857145,0.053763440860215055,0.15,0.09285714477300644,0.09285714477300644,0.053763440860215055,0.15,0.09285714477300644,,,,,0,0,Green,0,0,0,0.09285714477300644,,Green,0,0,0,0,0
27_RT,1,3,R1Q3,1,Sign,1,3.384,2.0,0.0,0.20408164,0.16666666666666666,0.3,0.20408163964748383,0.14846939221024513,0.11021505376344086,0.22499999999999998,0.14846939221024513,0.09285714477300644,0.053763440860215055,0.15,0.09285714477300644,0,0,Green,0,0,0,0.14846939221024513,0.09285714477300644,Green,0,0,1,0,0
27_RT,2,2,R2Q2,2,Sign,1,1.351,7.0,0.3282,0.092857145,0.053763440860215055,0.11764705882352941,0.09285714477300644,0.12066326849162579,0.08198924731182795,0.1713235294117647,0.12066326849162579,0.14846939221024513,0.11021505376344086,0.22499999999999998,0.14846939221024513,0,0,Green,0,0,0,0.12066326849162579,0.14846939221024513,Green,0,0,0,0,0
27_RT,2,3,R2Q3,3,Animal,1,1.393,6.0,0.1078,0.092857145,0.053763440860215055,0.15,0.09285714477300644,0.10676020663231611,0.0678763440860215,0.16066176470588234,0.10676020663231611,0.12066326849162579,0.08198924731182795,0.1713235294117647,0.12066326849162579,0,0,Green,0,0,0,0.10676020663231611,0.12066326849162579,Green,0,0,0,0,0
27_RT,3,1,R3Q1,4,Animal,1,3.659,2.0,0.0,0.31111112,0.14925373134328357,0.3392857142857143,0.31111112236976624,0.20893566450104117,0.10856503771465253,0.24997373949579832,0.20893566450104117,0.10676020663231611,0.0678763440860215,0.16066176470588234,0.10676020663231611,1,0,Amber,0,0,0,0.20893566450104117,0.10676020663231611,Amber,0,1,1,1,0
27_RT,3,3,R3Q3,5,Sign,1,1.934,6.0,0.43019999999999997,0.092857145,0.053763440860215055,0.0,0.09285714477300644,0.1508964046370238,0.0811642392874338,0.12498686974789916,0.1508964046370238,0.20893566450104117,0.10856503771465253,0.24997373949579832,0.20893566450104117,0,0,Green,0,0,0,0.1508964046370238,0.20893566450104117,Green,0,0,0,0,0
27_RT,4,2,R4Q2,6,Sign,1,3.019,5.0,0.0,0.4390244,0.14925373134328357,0.3333333333333333,0.4390243887901306,0.2949603967135772,0.11520898531535868,0.22916010154061622,0.2949603967135772,0.1508964046370238,0.0811642392874338,0.12498686974789916,0.1508964046370238,1,0,Red,1,0,0,0.2949603967135772,0.1508964046370238,Red,0,0,0,0,0
27_RT,4,3,R4Q3,7,Animal,0,2.166,4.0,0.11399999999999999,0.092857145,0.053763440860215055,0.15,0.09285714477300644,0.19390877074329183,0.08448621308778687,0.1895800507703081,0.19390877074329183,0.2949603967135772,0.11520898531535868,0.22916010154061622,0.2949603967135772,1,1,Amber,0,0,0,0.19390877074329183,0.2949603967135772,Amber,1,0,1,1,0
27_RT,5,1,R5Q1,8,Animal,1,1.474,6.0,0.1004,0.092857145,0.053763440860215055,0.15,0.09285714477300644,0.14338295775814913,0.06912482697400096,0.16979002538515403,0.14338295775814913,0.19390877074329183,0.08448621308778687,0.1895800507703081,0.19390877074329183,0,0,Green,0,0,0,0.14338295775814913,0.19390877074329183,Green,0,0,0,0,0
27_RT,5,3,R5Q3,9,Sign,1,1.208,7.0,0.6642,0.092857145,0.053763440860215055,0.0,0.09285714477300644,0.11812005126557779,0.06144413391710801,0.08489501269257702,0.11812005126557779,0.14338295775814913,0.06912482697400096,0.16979002538515403,0.14338295775814913,0,0,Green,0,0,0,0.11812005126557779,0.14338295775814913,Green,0,0,0,0,0
27_RT,6,1,R6Q1,10,Sign,1,5.155,2.0,0.0,0.092857145,0.053763440860215055,0.3,0.09285714477300644,0.10548859801929211,0.05760378738866154,0.1924475063462885,0.10548859801929211,0.11812005126557779,0.06144413391710801,0.08489501269257702,0.11812005126557779,0,0,Green,0,0,0,0.10548859801929211,0.11812005126557779,Green,0,1,1,1,0
27_RT,6,3,R6Q3,11,Animal,1,1.523,7.0,0.10840000000000001,0.092857145,0.053763440860215055,0.2631578947368421,0.09285714477300644,0.09917287139614928,0.0556836141244383,0.2278027005415653,0.09917287139614928,0.10548859801929211,0.05760378738866154,0.1924475063462885,0.10548859801929211,0,0,Green,0,0,0,0.09917287139614928,0.10548859801929211,Green,0,0,0,0,0
28_RT,1,1,R1Q1,0,Animal,1,1.117,6.0,0.0,0.31111112,0.14925373134328357,0.3,0.31111112236976624,0.31111112236976624,0.14925373134328357,0.3,0.31111112236976624,,,,,1,0,Red,1,0,1,0.31111112236976624,,Red,0,0,0,0,0
28_RT,1,3,R1Q3,1,Sign,1,1.712,6.0,0.1686,0.0,0.053763440860215055,0.15,0.053763440860215055,0.15555556118488312,0.10150858610174932,0.22499999999999998,0.18243728161499065,0.31111112236976624,0.14925373134328357,0.3,0.31111112236976624,0,0,Green,0,0,0,0.18243728161499065,0.31111112236976624,Green,0,0,0,0,0
28_RT,2,2,R2Q2,2,Sign,1,0.954,7.0,0.047599999999999996,0.092857145,0.053763440860215055,0.3,0.09285714477300644,0.12420635297894478,0.07763601348098219,0.26249999999999996,0.13764721319399853,0.15555556118488312,0.10150858610174932,0.22499999999999998,0.18243728161499065,0,0,Green,0,0,0,0.13764721319399853,0.18243728161499065,Green,0,0,0,0,0
28_RT,2,3,R2Q3,3,Animal,1,1.303,5.0,0.0048000000000000004,0.092857145,0.14925373134328357,0.3,0.14925373134328357,0.10853174887597561,0.11344487241213289,0.28125,0.14345047226864105,0.12420635297894478,0.07763601348098219,0.26249999999999996,0.13764721319399853,0,0,Green,0,0,0,0.14345047226864105,0.13764721319399853,Green,0,0,0,0,0
28_RT,3,1,R3Q1,4,Animal,1,1.965,4.0,0.0,0.4390244,0.4,0.44,0.4390243887901306,0.2737780688330531,0.25672243620606644,0.360625,0.29123743052938583,0.10853174887597561,0.11344487241213289,0.28125,0.14345047226864105,1,0,Red,1,1,0,0.4022337107105917,0.14345047226864105,Red,0,0,1,0,0
28_RT,3,3,R3Q3,5,Sign,0,2.128,1.0,0.0,0.4390244,0.07142857142857142,0.3,0.4390243887901306,0.35640122881159186,0.16407550381731895,0.3303125,0.36513090965975825,0.2737780688330531,0.25672243620606644,0.360625,0.29123743052938583,1,1,Red,1,1,0,0.5316253299315671,0.4022337107105917,Red,1,0,1,1,0
28_RT,4,2,R4Q2,6,Sign,1,1.317,6.0,0.0316,0.20408164,0.053763440860215055,0.3,0.20408163964748383,0.28024143422953784,0.108919472338767,0.31515625,0.28460627465362104,0.35640122881159186,0.16407550381731895,0.3303125,0.36513090965975825,1,1,Red,1,0,1,0.36785348478952545,0.5316253299315671,Red,0,0,0,0,0
28_RT,4,3,R4Q3,7,Animal,1,1.724,5.0,0.06760000000000001,0.20408164,0.053763440860215055,0.2631578947368421,0.20408163964748383,0.24216153693851084,0.08134145659949103,0.28915707236842103,0.24434395715055243,0.28024143422953784,0.108919472338767,0.31515625,0.28460627465362104,1,1,Amber,0,0,0,0.2859675622185046,0.36785348478952545,Red,0,0,0,0,0
28_RT,5,1,R5Q1,8,Animal,1,1.374,6.0,0.0,0.31111112,0.14925373134328357,0.3,0.31111112236976624,0.27663632965413854,0.11529759397138731,0.2945785361842105,0.27772753976015935,0.24216153693851084,0.08134145659949103,0.28915707236842103,0.24434395715055243,1,1,Red,1,0,1,0.2985393422941354,0.2859675622185046,Red,0,0,0,0,0
28_RT,5,3,R5Q3,9,Sign,1,1.582,7.0,0.483,0.0,0.053763440860215055,0.11764705882352941,0.053763440860215055,0.13831816482706927,0.08453051741580118,0.20611279750386996,0.1657454903101872,0.27663632965413854,0.11529759397138731,0.2945785361842105,0.27772753976015935,0,0,Green,0,0,0,0.17615139157717524,0.2985393422941354,Green,0,0,0,0,0
28_RT,6,1,R6Q1,10,Sign,1,1.26,5.0,0.1736,0.092857145,0.053763440860215055,0.15,0.09285714477300644,0.11558765480003785,0.06914697913800812,0.17805639875193496,0.12930131754159682,0.13831816482706927,0.08453051741580118,0.20611279750386996,0.1657454903101872,0,0,Green,0,0,0,0.13450426817509084,0.17615139157717524,Green,0,0,0,0,0
28_RT,6,3,R6Q3,11,Animal,1,1.328,6.0,0.0828,0.092857145,0.053763440860215055,0.3,0.09285714477300644,0.10422239978652215,0.06145520999911158,0.23902819937596748,0.11107923115730163,0.11558765480003785,0.06914697913800812,0.17805639875193496,0.12930131754159682,0,0,Green,0,0,0,0.11368070647404864,0.13450426817509084,Green,0,0,0,0,0
29_RT,1,1,R1Q1,0,Animal,1,2.032,7.0,0.0,0.31111112,0.25,0.3,0.31111112236976624,0.31111112236976624,0.25,0.3,0.31111112236976624,,,,,1,0,Red,1,0,1,0.31111112236976624,,Red,0,0,0,0,0
29_RT,1,3,R1Q3,1,Sign,1,1.643,5.0,0.0,0.31111112,0.2692307692307692,0.3392857142857143,0.31111112236976624,0.31111112236976624,0.2596153846153846,0.3196428571428571,0.31111112236976624,0.31111112236976624,0.25,0.3,0.31111112236976624,1,1,Red,1,0,0,0.31111112236976624,0.31111112236976624,Red,0,0,0,0,0
29_RT,2,2,R2Q2,2,Sign,1,1.169,7.0,0.1236,0.092857145,0.053763440860215055,0.2631578947368421,0.09285714477300644,0.20198413357138634,0.15668941273779982,0.2914003759398496,0.20198413357138634,0.31111112236976624,0.2596153846153846,0.3196428571428571,0.31111112236976624,1,1,Amber,0,0,0,0.20198413357138634,0.31111112236976624,Amber,0,0,0,0,0
29_RT,2,3,R2Q3,3,Animal,1,1.822,2.0,0.0,0.31111112,0.07142857142857142,0.3392857142857143,0.31111112236976624,0.2565476279705763,0.11405899208318562,0.31534304511278194,0.2565476279705763,0.20198413357138634,0.15668941273779982,0.2914003759398496,0.20198413357138634,1,1,Amber,0,0,0,0.2565476279705763,0.20198413357138634,Amber,0,0,1,0,0
29_RT,3,1,R3Q1,4,Animal,1,2.157,6.0,0.0,0.31111112,0.20833333333333334,0.3,0.31111112236976624,0.28382937517017126,0.16119616270825948,0.30767152255639096,0.28382937517017126,0.2565476279705763,0.11405899208318562,0.31534304511278194,0.2565476279705763,1,1,Red,1,0,1,0.28382937517017126,0.2565476279705763,Red,0,0,0,0,0
29_RT,3,3,R3Q3,5,Sign,1,1.494,7.0,0.0,0.20408164,0.14925373134328357,0.32608695652173914,0.20408163964748383,0.24395550740882754,0.15522494702577153,0.31687923953906505,0.24395550740882754,0.28382937517017126,0.16119616270825948,0.30767152255639096,0.28382937517017126,1,1,Amber,0,0,0,0.24395550740882754,0.28382937517017126,Amber,0,0,0,0,0
29_RT,4,2,R4Q2,6,Sign,1,2.392,5.0,0.0,0.15789473,0.14925373134328357,0.3,0.15789473056793213,0.20092511898837984,0.15223933918452753,0.3084396197695325,0.20092511898837984,0.24395550740882754,0.15522494702577153,0.31687923953906505,0.24395550740882754,1,1,Amber,0,0,0,0.20092511898837984,0.24395550740882754,Amber,0,0,0,0,0
29_RT,4,3,R4Q3,7,Animal,1,1.945,4.0,0.048,0.092857145,0.053763440860215055,0.3,0.09285714477300644,0.14689113188069314,0.1030013900223713,0.30421980988476627,0.14689113188069314,0.20092511898837984,0.15223933918452753,0.3084396197695325,0.20092511898837984,0,0,Green,0,0,0,0.14689113188069314,0.20092511898837984,Green,0,0,1,0,0
29_RT,5,1,R5Q1,8,Animal,1,1.488,5.0,0.0152,0.31111112,0.16666666666666666,0.3333333333333333,0.31111112236976624,0.2290011271252297,0.13483402834451896,0.3187765716090498,0.2290011271252297,0.14689113188069314,0.1030013900223713,0.30421980988476627,0.14689113188069314,1,0,Amber,0,0,0,0.2290011271252297,0.14689113188069314,Amber,0,0,0,0,0
29_RT,5,3,R5Q3,9,Sign,1,1.405,6.0,0.0,0.092857145,0.053763440860215055,0.3392857142857143,0.09285714477300644,0.16092913594911806,0.09429873460236701,0.32903114294738206,0.16092913594911806,0.2290011271252297,0.13483402834451896,0.3187765716090498,0.2290011271252297,0,0,Green,0,0,0,0.16092913594911806,0.2290011271252297,Green,0,0,0,0,0
29_RT,6,1,R6Q1,10,Sign,1,2.528,7.0,0.0,0.31111112,0.14925373134328357,0.3392857142857143,0.31111112236976624,0.23602012915944215,0.12177623297282529,0.3341584286165482,0.23602012915944215,0.16092913594911806,0.09429873460236701,0.32903114294738206,0.16092913594911806,1,0,Amber,0,0,0,0.23602012915944215,0.16092913594911806,Amber,0,0,0,0,0
29_RT,6,3,R6Q3,11,Animal,1,1.136,5.0,0.1038,0.092857145,0.07142857142857142,0.3,0.09285714477300644,0.1644386369662243,0.09660240220069835,0.3170792143082741,0.1644386369662243,0.23602012915944215,0.12177623297282529,0.3341584286165482,0.23602012915944215,0,0,Green,0,0,0,0.1644386369662243,0.23602012915944215,Green,0,0,0,0,1
30_RT,1,1,R1Q1,0,Animal,1,3.329,5.0,0.0,0.20408164,0.16666666666666666,0.3392857142857143,0.20408163964748383,0.20408163964748383,0.16666666666666666,0.3392857142857143,0.20408163964748383,,,,,1,0,Amber,0,0,0,0.20408163964748383,,Amber,0,0,0,0,0
30_RT,1,3,R1Q3,1,Sign,1,2.264,7.0,0.0,0.31111112,0.20833333333333334,0.3392857142857143,0.31111112236976624,0.25759638100862503,0.1875,0.3392857142857143,0.25759638100862503,0.20408163964748383,0.16666666666666666,0.3392857142857143,0.20408163964748383,1,1,Amber,0,0,0,0.25759638100862503,0.20408163964748383,Amber,0,0,0,0,0
30_RT,2,2,R2Q2,2,Sign,1,0.839,7.0,0.0,0.4390244,0.25,0.44,0.4390243887901306,0.3483103848993778,0.21875,0.3896428571428572,0.3483103848993778,0.25759638100862503,0.1875,0.3392857142857143,0.25759638100862503,1,1,Red,1,0,1,0.3483103848993778,0.25759638100862503,Red,0,0,0,0,0
30_RT,2,3,R2Q3,3,Animal,1,4.362,5.0,0.0,0.31111112,0.20833333333333334,0.44,0.31111112236976624,0.32971075363457203,0.21354166666666669,0.41482142857142856,0.32971075363457203,0.3483103848993778,0.21875,0.3896428571428572,0.3483103848993778,1,1,Red,1,0,0,0.32971075363457203,0.3483103848993778,Red,0,1,0,1,0
30_RT,3,1,R3Q1,4,Animal,1,3.322,4.0,0.0,0.092857145,0.14925373134328357,0.3,0.14925373134328357,0.21128394920378923,0.18139769900497513,0.35741071428571425,0.2394822424889278,0.32971075363457203,0.21354166666666669,0.41482142857142856,0.32971075363457203,1,1,Amber,0,0,0,0.2394822424889278,0.32971075363457203,Amber,0,0,1,0,0
30_RT,3,3,R3Q3,5,Sign,1,5.498,6.0,0.0,0.20408164,0.20833333333333334,0.44,0.20833333333333334,0.20768279442563653,0.19486551616915423,0.39870535714285715,0.22390778791113058,0.21128394920378923,0.18139769900497513,0.35741071428571425,0.2394822424889278,1,1,Amber,0,0,0,0.22390778791113058,0.2394822424889278,Amber,0,1,0,1,0
30_RT,4,2,R4Q2,6,Sign,0,1.788,1.0,0.0,0.31111112,0.07142857142857142,0.32608695652173914,0.31111112236976624,0.2593969583977014,0.13314704379886283,0.36239615683229814,0.26750945514044844,0.20768279442563653,0.19486551616915423,0.39870535714285715,0.22390778791113058,1,1,Amber,0,0,0,0.26750945514044844,0.22390778791113058,Amber,1,0,1,1,0
30_RT,4,3,R4Q3,7,Animal,1,2.962,5.0,0.0876,0.092857145,0.053763440860215055,0.15,0.09285714477300644,0.1761270515853539,0.09345524232953895,0.25619807841614906,0.18018329995672744,0.2593969583977014,0.13314704379886283,0.36239615683229814,0.26750945514044844,0,0,Green,0,0,0,0.18018329995672744,0.26750945514044844,Green,0,0,0,0,0
30_RT,5,1,R5Q1,8,Animal,1,1.285,7.0,0.0,0.31111112,0.25,0.44,0.31111112236976624,0.24361908697756007,0.17172762116476947,0.3480990392080745,0.24564721116324684,0.1761270515853539,0.09345524232953895,0.25619807841614906,0.18018329995672744,1,0,Amber,0,0,0,0.24564721116324684,0.18018329995672744,Amber,0,0,0,0,0
30_RT,5,3,R5Q3,9,Sign,1,1.52,7.0,0.0374,0.15789473,0.053763440860215055,0.44,0.15789473056793213,0.2007569087727461,0.11274553101249227,0.3940495196040372,0.20177097086558948,0.24361908697756007,0.17172762116476947,0.3480990392080745,0.24564721116324684,1,1,Amber,0,0,0,0.20177097086558948,0.24564721116324684,Amber,0,0,0,0,0
30_RT,6,1,R6Q1,10,Sign,1,1.727,7.0,0.0,0.31111112,0.25,0.44,0.31111112236976624,0.25593401557125617,0.18137276550624615,0.4170247598020186,0.25644104661767786,0.2007569087727461,0.11274553101249227,0.3940495196040372,0.20177097086558948,1,1,Amber,0,0,0,0.25644104661767786,0.20177097086558948,Amber,0,0,0,0,0
30_RT,6,3,R6Q3,11,Animal,1,0.975,7.0,0.0,0.25,0.20833333333333334,0.44,0.25,0.2529670077856281,0.19485304941978976,0.4285123799010093,0.25322052330883893,0.25593401557125617,0.18137276550624615,0.4170247598020186,0.25644104661767786,1,1,Amber,0,0,0,0.25322052330883893,0.25644104661767786,Amber,0,0,0,0,0
31_RT,1,1,R1Q1,0,Animal,1,4.18,5.0,0.0,0.15789473,0.14925373134328357,0.3,0.15789473056793213,0.15789473056793213,0.14925373134328357,0.3,0.15789473056793213,,,,,0,0,Green,0,0,0,0.15789473056793213,,Green,0,1,0,1,0
31_RT,1,3,R1Q3,1,Sign,1,1.654,6.0,0.0448,0.092857145,0.053763440860215055,0.2631578947368421,0.09285714477300644,0.12537593767046928,0.10150858610174932,0.28157894736842104,0.12537593767046928,0.15789473056793213,0.14925373134328357,0.3,0.15789473056793213,0,0,Green,0,0,0,0.12537593767046928,0.15789473056793213,Green,0,0,0,0,1
31_RT,2,2,R2Q2,2,Sign,1,1.34,6.0,0.22820000000000001,0.092857145,0.053763440860215055,0.3,0.09285714477300644,0.10911654122173786,0.07763601348098219,0.2907894736842105,0.10911654122173786,0.12537593767046928,0.10150858610174932,0.28157894736842104,0.12537593767046928,0,0,Green,0,0,0,0.10911654122173786,0.12537593767046928,Green,0,0,0,0,0
31_RT,2,3,R2Q3,3,Animal,1,3.133,5.0,0.0,0.092857145,0.07142857142857142,0.3,0.09285714477300644,0.10098684299737215,0.0745322924547768,0.29539473684210527,0.10098684299737215,0.10911654122173786,0.07763601348098219,0.2907894736842105,0.10911654122173786,0,0,Green,0,0,0,0.10098684299737215,0.10911654122173786,Green,0,0,0,0,0
31_RT,3,1,R3Q1,4,Animal,1,3.01,4.0,0.0468,0.092857145,0.053763440860215055,0.3,0.09285714477300644,0.0969219938851893,0.06414786665749593,0.29769736842105265,0.0969219938851893,0.10098684299737215,0.0745322924547768,0.29539473684210527,0.10098684299737215,0,0,Green,0,0,0,0.0969219938851893,0.10098684299737215,Green,0,0,1,0,0
31_RT,3,3,R3Q3,5,Sign,1,1.506,6.0,0.0,0.44444445,0.2692307692307692,0.5,0.4444444477558136,0.27068322082050145,0.16668931794413258,0.3988486842105263,0.27068322082050145,0.0969219938851893,0.06414786665749593,0.29769736842105265,0.0969219938851893,1,0,Amber,0,0,0,0.27068322082050145,0.0969219938851893,Amber,0,0,0,0,0
31_RT,4,2,R4Q2,6,Sign,1,2.333,5.0,0.0,0.31111112,0.25,0.5,0.31111112236976624,0.29089717159513384,0.20834465897206628,0.44942434210526316,0.29089717159513384,0.27068322082050145,0.16668931794413258,0.3988486842105263,0.27068322082050145,1,1,Red,1,0,0,0.29089717159513384,0.27068322082050145,Red,0,0,0,0,0
31_RT,4,3,R4Q3,7,Animal,1,1.612,6.0,0.0832,0.092857145,0.053763440860215055,0.3,0.09285714477300644,0.19187715818407014,0.13105404991614067,0.37471217105263155,0.19187715818407014,0.29089717159513384,0.20834465897206628,0.44942434210526316,0.29089717159513384,1,1,Amber,0,0,0,0.19187715818407014,0.29089717159513384,Amber,0,0,0,0,0
31_RT,5,1,R5Q1,8,Animal,1,2.203,6.0,0.0,0.31111112,0.07142857142857142,0.32608695652173914,0.31111112236976624,0.2514941402769182,0.10124131067235605,0.35039956378718534,0.2514941402769182,0.19187715818407014,0.13105404991614067,0.37471217105263155,0.19187715818407014,1,1,Amber,0,0,0,0.2514941402769182,0.19187715818407014,Amber,0,0,0,0,0
31_RT,5,3,R5Q3,9,Sign,1,1.048,7.0,0.1816,0.0,0.053763440860215055,0.3,0.053763440860215055,0.1257470701384591,0.07750237576628555,0.32519978189359267,0.15262879056856662,0.2514941402769182,0.10124131067235605,0.35039956378718534,0.2514941402769182,0,0,Green,0,0,0,0.15262879056856662,0.2514941402769182,Green,0,0,0,0,0
31_RT,6,1,R6Q1,10,Sign,1,1.11,7.0,0.0758,0.0,0.053763440860215055,0.3392857142857143,0.053763440860215055,0.06287353506922955,0.0656329083132503,0.3322427480896535,0.10319611571439084,0.1257470701384591,0.07750237576628555,0.32519978189359267,0.15262879056856662,0,0,Green,0,0,0,0.10319611571439084,0.15262879056856662,Green,0,0,0,0,0
31_RT,6,3,R6Q3,11,Animal,1,1.691,6.0,0.0,0.25,0.14925373134328357,0.44,0.25,0.15643676753461477,0.10744331982826694,0.3861213740448267,0.17659805785719543,0.06287353506922955,0.0656329083132503,0.3322427480896535,0.10319611571439084,0,0,Green,0,0,0,0.17659805785719543,0.10319611571439084,Green,0,0,0,0,0
32_RT,1,1,R1Q1,0,Animal,1,1.99,5.0,0.0,0.31111112,0.4,0.32608695652173914,0.4,0.31111112236976624,0.4,0.32608695652173914,0.4,,,,,1,0,Red,1,0,0,0.4,,Red,0,0,0,0,0
32_RT,1,3,R1Q3,1,Sign,1,6.32,3.0,0.0,0.31111112,0.25,0.32608695652173914,0.31111112236976624,0.31111112236976624,0.325,0.32608695652173914,0.35555556118488313,0.31111112236976624,0.4,0.32608695652173914,0.4,1,1,Red,1,1,0,0.5305084745762711,0.4,Red,0,1,1,1,0
32_RT,2,2,R2Q2,2,Sign,1,1.715,7.0,0.0,0.20408164,0.07142857142857142,0.3,0.20408163964748383,0.25759638100862503,0.19821428571428573,0.31304347826086953,0.27981860041618345,0.31111112236976624,0.325,0.32608695652173914,0.35555556118488313,1,1,Red,1,0,1,0.3672950571118775,0.5305084745762711,Red,0,0,0,0,0
32_RT,2,3,R2Q3,3,Animal,1,6.64,5.0,0.0,0.31111112,0.07142857142857142,0.3,0.31111112236976624,0.28435375168919563,0.1348214285714286,0.3065217391304348,0.29546486139297484,0.25759638100862503,0.19821428571428573,0.31304347826086953,0.27981860041618345,1,1,Red,1,0,0,0.33920308974082186,0.3672950571118775,Red,0,1,0,1,0
32_RT,3,1,R3Q1,4,Animal,1,8.236,5.0,0.027000000000000003,0.092857145,0.053763440860215055,0.3,0.09285714477300644,0.18860544823110104,0.09429243471582183,0.30326086956521736,0.19416100308299064,0.28435375168919563,0.1348214285714286,0.3065217391304348,0.29546486139297484,1,1,Amber,0,0,0,0.21603011725691415,0.33920308974082186,Amber,0,1,0,1,0
32_RT,3,3,R3Q3,5,Sign,1,2.168,5.0,0.045200000000000004,0.092857145,0.053763440860215055,0.3,0.09285714477300644,0.14073129650205374,0.07402793778801844,0.30163043478260865,0.14350907392799855,0.18860544823110104,0.09429243471582183,0.30326086956521736,0.19416100308299064,0,0,Green,0,0,0,0.15444363101496028,0.21603011725691415,Green,0,0,0,0,0
32_RT,4,2,R4Q2,6,Sign,0,3.302,1.0,0.0,0.4390244,0.25,0.3392857142857143,0.4390243887901306,0.2898778426460922,0.1620139688940092,0.3204580745341615,0.29126673135906456,0.14073129650205374,0.07402793778801844,0.30163043478260865,0.14350907392799855,1,0,Red,1,1,0,0.40773029008375133,0.15444363101496028,Red,1,0,1,1,0
32_RT,4,3,R4Q3,7,Animal,1,2.52,5.0,0.046400000000000004,0.092857145,0.053763440860215055,0.3,0.09285714477300644,0.1913674937095493,0.10788870487711213,0.31022903726708073,0.1920619380660355,0.2898778426460922,0.1620139688940092,0.3204580745341615,0.29126673135906456,1,1,Amber,0,0,0,0.2502937174283789,0.40773029008375133,Amber,0,0,0,0,0
32_RT,5,1,R5Q1,8,Animal,1,2.075,5.0,0.1654,0.092857145,0.053763440860215055,0.3,0.09285714477300644,0.14211231924127787,0.0808260728686636,0.30511451863354033,0.14245954141952097,0.1913674937095493,0.10788870487711213,0.31022903726708073,0.1920619380660355,0,0,Green,0,0,0,0.17157543110069268,0.2502937174283789,Green,0,0,0,0,0
32_RT,5,3,R5Q3,9,Sign,1,3.576,6.0,0.0,0.4390244,0.25,0.3392857142857143,0.4390243887901306,0.29056835401570424,0.1654130364343318,0.3222001164596273,0.2907419651048258,0.14211231924127787,0.0808260728686636,0.30511451863354033,0.14245954141952097,1,0,Red,1,0,1,0.3052999099454117,0.17157543110069268,Red,0,1,0,1,0
32_RT,6,1,R6Q1,10,Sign,1,2.703,5.0,0.0,0.44444445,0.25,0.3392857142857143,0.4444444477558136,0.3675064008857589,0.2077065182171659,0.3307429153726708,0.3675932064303197,0.29056835401570424,0.1654130364343318,0.3222001164596273,0.2907419651048258,1,1,Red,1,0,0,0.37487217885061264,0.3052999099454117,Red,0,0,0,0,0
32_RT,6,3,R6Q3,11,Animal,1,1.622,6.0,0.072,0.092857145,0.07142857142857142,0.3,0.09285714477300644,0.23018177282938268,0.13956754482286865,0.3153714576863354,0.23022517560166306,0.3675064008857589,0.2077065182171659,0.3307429153726708,0.3675932064303197,1,1,Amber,0,0,0,0.23386466181180954,0.37487217885061264,Amber,0,0,0,0,1
33_RT,1,1,R1Q1,0,Animal,1,1.73,6.0,0.0,0.31111112,0.2692307692307692,0.44,0.31111112236976624,0.31111112236976624,0.2692307692307692,0.44,0.31111112236976624,,,,,1,0,Red,1,0,1,0.31111112236976624,,Red,0,0,0,0,0
33_RT,1,3,R1Q3,1,Sign,0,2.949,1.0,0.0,0.31111112,0.25,0.44,0.31111112236976624,0.31111112236976624,0.2596153846153846,0.44,0.31111112236976624,0.31111112236976624,0.2692307692307692,0.44,0.31111112236976624,1,1,Red,1,1,0,0.4860640357611543,0.31111112236976624,Red,1,0,1,1,1
33_RT,2,2,R2Q2,2,Sign,0,3.095,1.0,0.012199999999999999,0.15789473,0.053763440860215055,0.3,0.15789473056793213,0.23450292646884918,0.15668941273779982,0.37,0.23450292646884918,0.31111112236976624,0.2596153846153846,0.44,0.31111112236976624,1,1,Amber,0,0,0,0.3219793831645432,0.4860640357611543,Red,1,0,1,1,0
33_RT,2,3,R2Q3,3,Animal,0,4.718,2.0,0.0,0.31111112,0.25,0.32608695652173914,0.31111112236976624,0.2728070244193077,0.2033447063688999,0.34804347826086957,0.2728070244193077,0.23450292646884918,0.15668941273779982,0.37,0.23450292646884918,1,1,Amber,0,0,0,0.31654525276715473,0.3219793831645432,Red,1,1,1,1,0
33_RT,3,1,R3Q1,4,Animal,0,3.914,5.0,0.0,0.31111112,0.4,0.44,0.4,0.29195907339453697,0.30167235318444996,0.3940217391304348,0.33640351220965387,0.2728070244193077,0.2033447063688999,0.34804347826086957,0.2728070244193077,1,1,Red,1,0,0,0.3582726263835774,0.31654525276715473,Red,1,1,0,1,0
33_RT,3,3,R3Q3,5,Sign,1,2.314,7.0,0.101,0.4390244,0.14925373134328357,0.3392857142857143,0.4390243887901306,0.3654917310923338,0.22546304226386676,0.36665372670807456,0.3877139504998922,0.29195907339453697,0.30167235318444996,0.3940217391304348,0.33640351220965387,1,1,Red,1,0,1,0.398648507586854,0.3582726263835774,Red,0,0,0,0,0
33_RT,4,2,R4Q2,6,Sign,1,2.589,7.0,0.0,0.31111112,0.14925373134328357,0.32608695652173914,0.31111112236976624,0.33830142673105,0.18735838680357517,0.3463703416149069,0.3494125364348292,0.3654917310923338,0.22546304226386676,0.36665372670807456,0.3877139504998922,1,1,Red,1,0,1,0.3548798149783101,0.398648507586854,Red,0,0,0,0,0
33_RT,4,3,R4Q3,7,Animal,1,2.525,3.0,0.053200000000000004,0.092857145,0.053763440860215055,0.2631578947368421,0.09285714477300644,0.21557928575202823,0.12056091383189511,0.30476411817587445,0.22113484060391783,0.33830142673105,0.18735838680357517,0.3463703416149069,0.3494125364348292,1,1,Amber,0,0,0,0.22386847987565828,0.3548798149783101,Amber,0,0,1,0,1
33_RT,5,1,R5Q1,8,Animal,1,2.182,7.0,0.0,0.31111112,0.2692307692307692,0.3392857142857143,0.31111112236976624,0.26334520406089723,0.19489584153133216,0.3220249162307944,0.26612298148684205,0.21557928575202823,0.12056091383189511,0.30476411817587445,0.22113484060391783,1,1,Amber,0,0,0,0.26748980112271226,0.22386847987565828,Amber,0,0,0,0,0
33_RT,5,3,R5Q3,9,Sign,1,1.554,7.0,0.059199999999999996,0.092857145,0.053763440860215055,0.2631578947368421,0.09285714477300644,0.17810117441695184,0.12432964119577361,0.29259140548381823,0.17949006312992424,0.26334520406089723,0.19489584153133216,0.3220249162307944,0.26612298148684205,0,0,Green,0,0,0,0.18017347294785935,0.26748980112271226,Green,0,0,0,0,0
33_RT,6,1,R6Q1,10,Sign,1,1.811,7.0,0.0,0.31111112,0.14925373134328357,0.2631578947368421,0.31111112236976624,0.24460614839335904,0.1367916862695286,0.2778746501103302,0.24530059274984523,0.17810117441695184,0.12432964119577361,0.29259140548381823,0.17949006312992424,1,0,Amber,0,0,0,0.2456422976588128,0.18017347294785935,Amber,0,0,0,0,0
33_RT,6,3,R6Q3,11,Animal,1,1.802,7.0,0.0,0.20408164,0.14925373134328357,0.15,0.20408163964748383,0.22434389402042143,0.14302270880640608,0.2139373250551651,0.22469111619866453,0.24460614839335904,0.1367916862695286,0.2778746501103302,0.24530059274984523,1,1,Amber,0,0,0,0.2248619686531483,0.2456422976588128,Amber,0,0,0,0,0
34_RT,1,1,R1Q1,0,Animal,1,2.912,5.0,0.0,0.31111112,0.25,0.3,0.31111112236976624,0.31111112236976624,0.25,0.3,0.31111112236976624,,,,,1,0,Red,1,0,0,0.31111112236976624,,Red,0,0,0,0,0
34_RT,1,3,R1Q3,1,Sign,1,4.84,2.0,0.0,0.20408164,0.25,0.44,0.25,0.25759638100862503,0.25,0.37,0.2805555611848831,0.31111112236976624,0.25,0.3,0.31111112236976624,1,1,Red,1,1,0,0.4860640357611543,0.31111112236976624,Red,0,1,1,1,1
34_RT,2,2,R2Q2,2,Sign,0,4.179,3.0,0.0,0.20408164,0.16666666666666666,0.3,0.20408163964748383,0.23083901032805443,0.20833333333333331,0.33499999999999996,0.24231860041618347,0.25759638100862503,0.25,0.37,0.2805555611848831,1,1,Amber,0,0,0,0.34507283770431907,0.4860640357611543,Red,1,1,1,1,1
34_RT,2,3,R2Q3,3,Animal,0,3.945,5.0,0.0,0.31111112,0.14925373134328357,0.44,0.31111112236976624,0.27097506634891033,0.17879353233830844,0.38749999999999996,0.27671486139297485,0.23083901032805443,0.20833333333333331,0.33499999999999996,0.24231860041618347,1,1,Amber,0,0,0,0.32809198003704265,0.34507283770431907,Red,1,1,0,1,0
34_RT,3,1,R3Q1,4,Animal,0,2.957,1.0,0.0,0.31111112,0.16666666666666666,0.3392857142857143,0.31111112236976624,0.2910430943593383,0.17273009950248755,0.36339285714285713,0.29391299188137054,0.27097506634891033,0.17879353233830844,0.38749999999999996,0.27671486139297485,1,1,Red,1,1,0,0.4945544645947925,0.32809198003704265,Red,1,0,1,1,0
34_RT,3,3,R3Q3,5,Sign,0,6.083,1.0,0.0,0.31111112,0.2692307692307692,0.44,0.31111112236976624,0.30107710836455226,0.2209804343666284,0.40169642857142857,0.3025120571255684,0.2910430943593383,0.17273009950248755,0.36339285714285713,0.29391299188137054,1,1,Red,1,1,0,0.5777857068736675,0.4945544645947925,Red,1,1,1,1,0
34_RT,4,2,R4Q2,6,Sign,1,2.699,6.0,0.0,0.092857145,0.14925373134328357,0.2631578947368421,0.14925373134328357,0.19696712656877935,0.18511708285495598,0.33242716165413533,0.22588289423442598,0.30107710836455226,0.2209804343666284,0.40169642857142857,0.3025120571255684,1,1,Amber,0,0,0,0.3635197191084755,0.5777857068736675,Red,0,0,0,0,0
34_RT,4,3,R4Q3,7,Animal,0,1.384,6.0,0.004399999999999999,0.31111112,0.25,0.44,0.31111112236976624,0.2540391244692728,0.217558541427478,0.3862135808270677,0.2684970083020961,0.19696712656877935,0.18511708285495598,0.33242716165413533,0.22588289423442598,1,1,Amber,0,0,0,0.3373154207391209,0.3635197191084755,Red,1,0,0,1,0
34_RT,5,1,R5Q1,8,Animal,1,3.082,4.0,0.0,0.15789473,0.07142857142857142,0.3,0.15789473056793213,0.20596692751860246,0.1444935564280247,0.34310679041353387,0.21319586943501412,0.2540391244692728,0.217558541427478,0.3862135808270677,0.2684970083020961,1,1,Amber,0,0,0,0.24760507565352652,0.3373154207391209,Amber,0,0,1,0,0
34_RT,5,3,R5Q3,9,Sign,0,2.586,1.0,0.0,0.15789473,0.07142857142857142,0.3,0.15789473056793213,0.1819308290432673,0.10796106392829806,0.32155339520676696,0.18554530000147312,0.20596692751860246,0.1444935564280247,0.34310679041353387,0.21319586943501412,0,0,Green,0,0,0,0.20274990311072932,0.24760507565352652,Amber,1,0,1,1,0
34_RT,6,1,R6Q1,10,Sign,1,2.067,6.0,0.0,0.31111112,0.07142857142857142,0.3392857142857143,0.31111112236976624,0.24652097570651677,0.08969481767843474,0.33041955474624063,0.24832821118561968,0.1819308290432673,0.10796106392829806,0.32155339520676696,0.18554530000147312,1,0,Amber,0,0,0,0.2569305127402478,0.20274990311072932,Amber,0,0,0,0,0
34_RT,6,3,R6Q3,11,Animal,1,1.868,6.0,0.0144,0.31111112,0.053763440860215055,0.32608695652173914,0.31111112236976624,0.2788160490381415,0.0717291292693249,0.3282532556339899,0.27971966677769294,0.24652097570651677,0.08969481767843474,0.33041955474624063,0.24832821118561968,1,1,Red,1,0,1,0.284020817555007,0.2569305127402478,Red,0,0,0,0,0
35_RT,1,1,R1Q1,0,Animal,1,1.428,7.0,0.0,0.15789473,0.25,0.44,0.25,0.15789473056793213,0.25,0.44,0.25,,,,,1,0,Amber,0,0,0,0.25,,Amber,0,0,0,0,0
35_RT,1,3,R1Q3,1,Sign,1,2.315,7.0,0.0,0.20408164,0.25,0.3392857142857143,0.25,0.18098818510770798,0.25,0.3896428571428572,0.25,0.15789473056793213,0.25,0.44,0.25,1,1,Amber,0,0,0,0.25,0.25,Amber,0,0,0,0,0
35_RT,2,2,R2Q2,2,Sign,1,1.737,7.0,0.0,0.31111112,0.25,0.3392857142857143,0.31111112236976624,0.2460496537387371,0.25,0.36446428571428574,0.2805555611848831,0.18098818510770798,0.25,0.3896428571428572,0.25,1,1,Red,1,0,1,0.2805555611848831,0.25,Red,0,0,0,0,0
35_RT,2,3,R2Q3,3,Animal,0,1.559,6.0,0.0,0.15789473,0.25,0.32608695652173914,0.25,0.20197219215333462,0.25,0.34527562111801247,0.26527778059244156,0.2460496537387371,0.25,0.36446428571428574,0.2805555611848831,1,1,Amber,0,0,0,0.26527778059244156,0.2805555611848831,Amber,1,0,0,1,0
35_RT,3,1,R3Q1,4,Animal,0,4.941,5.0,0.0,0.20408164,0.25,0.44,0.25,0.20302691590040922,0.25,0.39263781055900626,0.2576388902962208,0.20197219215333462,0.25,0.34527562111801247,0.26527778059244156,1,1,Amber,0,0,0,0.2576388902962208,0.26527778059244156,Amber,1,1,0,1,0
35_RT,3,3,R3Q3,5,Sign,1,4.303,7.0,0.0,0.15789473,0.25,0.44,0.25,0.18046082323417068,0.25,0.4163189052795031,0.2538194451481104,0.20302691590040922,0.25,0.39263781055900626,0.2576388902962208,1,1,Amber,0,0,0,0.2538194451481104,0.2576388902962208,Amber,0,1,0,1,0
35_RT,4,2,R4Q2,6,Sign,1,5.191,6.0,0.0,0.20408164,0.20833333333333334,0.44,0.20833333333333334,0.19227123144082725,0.22916666666666669,0.4281594526397515,0.23107638924072188,0.18046082323417068,0.25,0.4163189052795031,0.2538194451481104,1,1,Amber,0,0,0,0.23107638924072188,0.2538194451481104,Amber,0,1,0,1,0
35_RT,4,3,R4Q3,7,Animal,0,3.26,4.0,0.05,0.092857145,0.053763440860215055,0.32608695652173914,0.09285714477300644,0.14256418810691684,0.14146505376344087,0.37712320458074533,0.16196676700686416,0.19227123144082725,0.22916666666666669,0.4281594526397515,0.23107638924072188,0,0,Green,0,0,0,0.16196676700686416,0.23107638924072188,Green,1,0,1,1,0
35_RT,5,1,R5Q1,8,Animal,1,2.743,7.0,0.0,0.20408164,0.16666666666666666,0.32608695652173914,0.20408163964748383,0.17332291387720034,0.15406586021505375,0.35160508055124223,0.183024203327174,0.14256418810691684,0.14146505376344087,0.37712320458074533,0.16196676700686416,0,0,Green,0,0,0,0.183024203327174,0.16196676700686416,Green,0,0,0,0,0
35_RT,5,3,R5Q3,9,Sign,1,1.205,7.0,0.257,0.092857145,0.053763440860215055,0.2631578947368421,0.09285714477300644,0.1330900293251034,0.1039146505376344,0.30738148764404216,0.13794067405009022,0.17332291387720034,0.15406586021505375,0.35160508055124223,0.183024203327174,0,0,Green,0,0,0,0.13794067405009022,0.183024203327174,Green,0,0,0,0,0
35_RT,6,1,R6Q1,10,Sign,1,2.102,7.0,0.0,0.20408164,0.25,0.3392857142857143,0.25,0.1685858344862936,0.1769573252688172,0.32333360096487823,0.19397033702504513,0.1330900293251034,0.1039146505376344,0.30738148764404216,0.13794067405009022,1,0,Amber,0,0,0,0.19397033702504513,0.13794067405009022,Amber,0,0,0,0,0
36_RT,1,1,R1Q1,0,Animal,1,3.657,7.0,0.0,0.31111112,0.20833333333333334,0.44,0.31111112236976624,0.31111112236976624,0.20833333333333334,0.44,0.31111112236976624,,,,,1,0,Red,1,0,1,0.31111112236976624,,Red,0,1,0,1,0
36_RT,1,3,R1Q3,1,Sign,0,5.216,7.0,0.0,0.31111112,0.25,0.3333333333333333,0.31111112236976624,0.31111112236976624,0.22916666666666669,0.38666666666666666,0.31111112236976624,0.31111112236976624,0.20833333333333334,0.44,0.31111112236976624,1,1,Red,1,0,1,0.31111112236976624,0.31111112236976624,Red,1,1,0,1,0
36_RT,2,2,R2Q2,2,Sign,0,1.771,2.0,0.0,0.4390244,0.2692307692307692,0.44,0.4390243887901306,0.3750677555799484,0.24919871794871795,0.41333333333333333,0.3750677555799484,0.31111112236976624,0.22916666666666669,0.38666666666666666,0.31111112236976624,1,1,Red,1,1,0,0.4860640357611543,0.31111112236976624,Red,1,0,1,1,0
36_RT,2,3,R2Q3,3,Animal,0,1.954,7.0,0.0,0.31111112,0.25,0.3,0.31111112236976624,0.34308943897485733,0.24959935897435898,0.3566666666666667,0.34308943897485733,0.3750677555799484,0.24919871794871795,0.41333333333333333,0.3750677555799484,1,1,Red,1,0,1,0.3985875790654603,0.4860640357611543,Red,1,0,0,1,0
36_RT,3,1,R3Q1,4,Animal,0,7.317,1.0,0.0,0.31111112,0.25,0.44,0.31111112236976624,0.3271002806723118,0.2497996794871795,0.3983333333333333,0.3271002806723118,0.34308943897485733,0.24959935897435898,0.3566666666666667,0.34308943897485733,1,1,Red,1,1,0,0.5298022641090013,0.3985875790654603,Red,1,1,1,1,0
36_RT,3,3,R3Q3,5,Sign,0,3.302,1.0,0.0,0.31111112,0.20833333333333334,0.44,0.31111112236976624,0.319105701521039,0.22906650641025642,0.4191666666666667,0.319105701521039,0.3271002806723118,0.2497996794871795,0.3983333333333333,0.3271002806723118,1,1,Red,1,1,0,0.5954096066307719,0.5298022641090013,Red,1,0,1,1,0
36_RT,4,2,R4Q2,6,Sign,0,4.285,1.0,0.0,0.4390244,0.25,0.5,0.4390243887901306,0.3790650451555848,0.2395332532051282,0.45958333333333334,0.3790650451555848,0.319105701521039,0.22906650641025642,0.4191666666666667,0.319105701521039,1,1,Red,1,1,0,0.6282132778916572,0.5954096066307719,Red,1,1,1,1,0
36_RT,4,3,R4Q3,7,Animal,0,1.99,3.0,0.0156,0.31111112,0.25,0.44,0.31111112236976624,0.3450880837626755,0.2447666266025641,0.4497916666666667,0.3450880837626755,0.3790650451555848,0.2395332532051282,0.45958333333333334,0.3790650451555848,1,1,Red,1,1,0,0.6446151135220998,0.6282132778916572,Red,1,0,1,1,0
36_RT,5,1,R5Q1,8,Animal,1,1.362,6.0,0.0,0.31111112,0.25,0.44,0.31111112236976624,0.3280996030662209,0.24738331330128205,0.4448958333333334,0.3280996030662209,0.3450880837626755,0.2447666266025641,0.4497916666666667,0.3450880837626755,1,1,Red,1,0,1,0.477863117945933,0.6446151135220998,Red,0,0,0,0,0
36_RT,5,3,R5Q3,9,Sign,0,2.603,1.0,0.0,0.31111112,0.25,0.44,0.31111112236976624,0.31960536271799356,0.24869165665064102,0.4424479166666667,0.31960536271799356,0.3280996030662209,0.24738331330128205,0.4448958333333334,0.3280996030662209,1,1,Red,1,1,0,0.5694400335492377,0.477863117945933,Red,1,0,1,1,0
36_RT,6,1,R6Q1,10,Sign,1,3.377,6.0,0.0,0.25,0.25,0.3,0.25,0.2848026813589968,0.2493458283253205,0.3712239583333333,0.2848026813589968,0.31960536271799356,0.24869165665064102,0.4424479166666667,0.31960536271799356,1,1,Red,1,0,1,0.40972001677461883,0.5694400335492377,Red,0,0,0,0,0
36_RT,6,3,R6Q3,11,Animal,1,4.753,5.0,0.0,0.31111112,0.25,0.44,0.31111112236976624,0.2979569018643815,0.24967291416266024,0.4056119791666667,0.2979569018643815,0.2848026813589968,0.2493458283253205,0.3712239583333333,0.2848026813589968,1,1,Red,1,0,0,0.36041556957219256,0.40972001677461883,Red,0,1,0,1,0
37_RT,1,1,R1Q1,0,Animal,1,2.561,6.0,0.0,0.20408164,0.2692307692307692,0.3392857142857143,0.2692307692307692,0.20408163964748383,0.2692307692307692,0.3392857142857143,0.2692307692307692,,,,,1,0,Amber,0,0,0,0.2692307692307692,,Amber,0,0,0,0,0
37_RT,1,3,R1Q3,1,Sign,0,5.082,3.0,0.0,0.25,0.2692307692307692,0.3392857142857143,0.2692307692307692,0.2270408198237419,0.2692307692307692,0.3392857142857143,0.2692307692307692,0.20408163964748383,0.2692307692307692,0.3392857142857143,0.2692307692307692,1,1,Amber,0,0,0,0.2692307692307692,0.2692307692307692,Amber,1,1,1,1,0
37_RT,2,2,R2Q2,2,Sign,1,2.844,4.0,0.0442,0.15789473,0.053763440860215055,0.2631578947368421,0.15789473056793213,0.19246777519583702,0.16149710504549214,0.3012218045112782,0.21356274989935067,0.2270408198237419,0.2692307692307692,0.3392857142857143,0.2692307692307692,1,1,Amber,0,0,0,0.21356274989935067,0.2692307692307692,Amber,0,0,1,0,0
37_RT,2,3,R2Q3,3,Animal,1,3.391,5.0,0.0,0.20408164,0.20833333333333334,0.3,0.20833333333333334,0.19827470742166042,0.18491521918941273,0.30061090225563913,0.210948041616342,0.19246777519583702,0.16149710504549214,0.3012218045112782,0.21356274989935067,1,1,Amber,0,0,0,0.210948041616342,0.21356274989935067,Amber,0,0,0,0,0
37_RT,3,1,R3Q1,4,Animal,1,3.704,5.0,0.0,0.31111112,0.25,0.32608695652173914,0.31111112236976624,0.25469291489571333,0.21745760959470636,0.31334892938868913,0.26102958199305415,0.19827470742166042,0.18491521918941273,0.30061090225563913,0.210948041616342,1,1,Amber,0,0,0,0.26102958199305415,0.210948041616342,Amber,0,1,0,1,0
37_RT,3,3,R3Q3,5,Sign,1,4.081,7.0,0.1202,0.092857145,0.053763440860215055,0.2631578947368421,0.09285714477300644,0.17377502983435988,0.1356105252274607,0.2882534120627656,0.1769433633830303,0.25469291489571333,0.21745760959470636,0.31334892938868913,0.26102958199305415,0,0,Green,0,0,0,0.1769433633830303,0.26102958199305415,Green,0,1,0,1,0
37_RT,4,2,R4Q2,6,Sign,1,6.091,6.0,0.0,0.31111112,0.25,0.3,0.31111112236976624,0.24244307610206306,0.19280526261373035,0.2941267060313828,0.24402724287639826,0.17377502983435988,0.1356105252274607,0.2882534120627656,0.1769433633830303,1,0,Amber,0,0,0,0.24402724287639826,0.1769433633830303,Amber,0,1,0,1,0
37_RT,4,3,R4Q3,7,Animal,0,3.087,5.0,0.0,0.31111112,0.20833333333333334,0.3,0.31111112236976624,0.27677709923591465,0.20056929797353185,0.2970633530156914,0.2775691826230823,0.24244307610206306,0.19280526261373035,0.2941267060313828,0.24402724287639826,1,1,Amber,0,0,0,0.2775691826230823,0.24402724287639826,Amber,1,0,0,1,0
37_RT,5,1,R5Q1,8,Animal,1,1.5,5.0,0.0494,0.092857145,0.07142857142857142,0.32608695652173914,0.09285714477300644,0.18481712200446054,0.13599893470105162,0.3115751547687153,0.18521316369804436,0.27677709923591465,0.20056929797353185,0.2970633530156914,0.2775691826230823,0,0,Green,0,0,0,0.18521316369804436,0.2775691826230823,Green,0,0,0,0,0
37_RT,5,3,R5Q3,9,Sign,1,1.246,7.0,0.1086,0.31111112,0.053763440860215055,0.2631578947368421,0.31111112236976624,0.2479641221871134,0.09488118778063334,0.2873665247527787,0.2481621430339053,0.18481712200446054,0.13599893470105162,0.3115751547687153,0.18521316369804436,1,0,Amber,0,0,0,0.2481621430339053,0.18521316369804436,Amber,0,0,0,0,0
37_RT,6,1,R6Q1,10,Sign,1,1.853,7.0,0.0,0.31111112,0.25,0.32608695652173914,0.31111112236976624,0.2795376222784398,0.17244059389031668,0.3067267406372589,0.27963663270183575,0.2479641221871134,0.09488118778063334,0.2873665247527787,0.2481621430339053,1,1,Red,1,0,1,0.27963663270183575,0.2481621430339053,Red,0,0,0,0,0
37_RT,6,3,R6Q3,11,Animal,1,2.561,6.0,0.0,0.31111112,0.20833333333333334,0.32608695652173914,0.31111112236976624,0.295324372324103,0.190386963611825,0.316406848579499,0.295373877535801,0.2795376222784398,0.17244059389031668,0.3067267406372589,0.27963663270183575,1,1,Red,1,0,1,0.295373877535801,0.27963663270183575,Red,0,0,0,0,0
