Participant_ID,Route_ID,Event,Question_Type,Specific_Target,Confidence,Driving_Years_Num,Video_Game_Years_Num,Age_Num,Driving_Hours_Num,Video_Game_Hours_Num,Experienced_Lag_Bin,Subjective_Mental_Demand_Num,Gender_Female,Gender_Male,Before_Blink_Rate_BPM,During_Blink_Rate_BPM,Before_Disrupted,During_Disrupted,Before_Duration_s,Before_Fine_SRR,During_Fine_SRR,Before_Hazard_Encountered,During_Hazard_Encountered,Before_Major_SRR,During_Major_SRR,Before_Max_Brake,During_Max_Brake,Before_Mean_Abs_Steering,During_Mean_Abs_Steering,Before_Mean_Brake,During_Mean_Brake,Before_Mean_Saccadic_Velocity,During_Mean_Saccadic_Velocity,Before_Mean_Speed_mph,During_Mean_Speed_mph,Before_Mean_Steering,During_Mean_Steering,Before_Mean_Throttle,During_Mean_Throttle,Before_Saccade_Rate_Hz,During_Saccade_Rate_Hz,Before_Speed_Variance,During_Speed_Variance,Before_Steer_Variance,During_Steer_Variance,Before_TRR,During_TRR,Before_Zero_Throttle_Pct,During_Zero_Throttle_Pct,Target_Accuracy,Target_Latency,Target_Confidence,Target_Severe_Overload,Before_Scanpath_Rate_px_s,During_Scanpath_Rate_px_s,Before_Raw_Dwell_Target_Object,During_Raw_Dwell_Target_Object,Before_Raw_Dwell_Animal_Distractor,During_Raw_Dwell_Animal_Distractor,Before_Raw_Dwell_speed_Distractor,During_Raw_Dwell_speed_Distractor,Before_Raw_Dwell_cone_Distractor,During_Raw_Dwell_cone_Distractor,Before_Raw_Dwell_name_Distractor,During_Raw_Dwell_name_Distractor,Before_Raw_Dwell_lwheel_Distractor,During_Raw_Dwell_lwheel_Distractor,Before_Raw_Dwell_map_Distractor,During_Raw_Dwell_map_Distractor,Before_Raw_Dwell_bumper_Distractor,During_Raw_Dwell_bumper_Distractor,Before_Raw_Dwell_Sign_Distractor,During_Raw_Dwell_Sign_Distractor,Before_Raw_Dwell_rwheel_Distractor,During_Raw_Dwell_rwheel_Distractor,Before_Road_Gaze_Pct,During_Road_Gaze_Pct,Target_Category,Name_Recall_Strategy,Delta_Blink_Rate_BPM,Delta_Disrupted,Delta_Fine_SRR,Delta_Hazard_Encountered,Delta_Major_SRR,Delta_Max_Brake,Delta_Mean_Abs_Steering,Delta_Mean_Brake,Delta_Mean_Saccadic_Velocity,Delta_Mean_Speed_mph,Delta_Mean_Steering,Delta_Mean_Throttle,Delta_Saccade_Rate_Hz,Delta_Speed_Variance,Delta_Steer_Variance,Delta_TRR,Delta_Zero_Throttle_Pct,Delta_Scanpath_Rate_px_s,Delta_Raw_Dwell_Target_Object,Delta_Raw_Dwell_Animal_Distractor,Delta_Raw_Dwell_speed_Distractor,Delta_Raw_Dwell_cone_Distractor,Delta_Raw_Dwell_name_Distractor,Delta_Raw_Dwell_lwheel_Distractor,Delta_Raw_Dwell_map_Distractor,Delta_Raw_Dwell_bumper_Distractor,Delta_Raw_Dwell_Sign_Distractor,Delta_Raw_Dwell_rwheel_Distractor,Delta_Road_Gaze_Pct,Prev_Q_After_Blink_Count,Prev_Q_After_Blink_Rate_BPM,Prev_Q_After_Disrupted,Prev_Q_After_Duration_s,Prev_Q_After_Fine_SRR,Prev_Q_After_Fix_Dwell_Animal,Prev_Q_After_Fix_Dwell_Sign,Prev_Q_After_Fix_Dwell_bumper,Prev_Q_After_Fix_Dwell_cone,Prev_Q_After_Fix_Dwell_lwheel,Prev_Q_After_Fix_Dwell_map,Prev_Q_After_Fix_Dwell_name,Prev_Q_After_Fix_Dwell_rwheel,Prev_Q_After_Fix_Dwell_speed,Prev_Q_After_Hazard_Encountered,Prev_Q_After_Major_SRR,Prev_Q_After_Max_Brake,Prev_Q_After_Mean_Abs_Steering,Prev_Q_After_Mean_Brake,Prev_Q_After_Mean_Saccadic_Velocity,Prev_Q_After_Mean_Speed_mph,Prev_Q_After_Mean_Steering,Prev_Q_After_Mean_Throttle,Prev_Q_After_Raw_Dwell_Animal,Prev_Q_After_Raw_Dwell_Sign,Prev_Q_After_Raw_Dwell_bumper,Prev_Q_After_Raw_Dwell_cone,Prev_Q_After_Raw_Dwell_lwheel,Prev_Q_After_Raw_Dwell_map,Prev_Q_After_Raw_Dwell_name,Prev_Q_After_Raw_Dwell_rwheel,Prev_Q_After_Raw_Dwell_speed,Prev_Q_After_Saccade_Count,Prev_Q_After_Saccade_Rate_Hz,Prev_Q_After_Scanpath_Length_px,Prev_Q_After_Speed_Variance,Prev_Q_After_Steer_Variance,Prev_Q_After_TRR,Prev_Q_After_Zero_Throttle_Pct,Prev_Q_Target_Accuracy,Prev_Q_Target_Latency,Prev_Q_Target_Confidence,Prev_Q_Target_Severe_Overload,Target_Post_Q_Collision,Route,Before_Raw_Dwell_r2_Distractor,During_Raw_Dwell_r2_Distractor,Delta_Raw_Dwell_r2_Distractor,Prev_Q_After_Fix_Dwell_r2,Prev_Q_After_Raw_Dwell_r2,Is_First_Event,Before_Dwell_Proportion_Target_Object,Before_Dwell_Proportion_Animal_Distractor,Before_Dwell_Proportion_speed_Distractor,Before_Dwell_Proportion_cone_Distractor,Before_Dwell_Proportion_name_Distractor,Before_Dwell_Proportion_lwheel_Distractor,Before_Dwell_Proportion_map_Distractor,Before_Dwell_Proportion_bumper_Distractor,Before_Dwell_Proportion_Sign_Distractor,Before_Dwell_Proportion_rwheel_Distractor,Before_Dwell_Proportion_r2_Distractor,Before_Diffuse_Gaze_Pct,During_Diffuse_Gaze_Pct,Before_Scanpath_Rate_deg_s,Before_Mean_Saccadic_Velocity_deg_s,During_Scanpath_Rate_deg_s,During_Mean_Saccadic_Velocity_deg_s
01_RT,1,Q1,Animal,Fox,1.0,10.0,7.0,3,4,0,1,83,0,1,0.0,0.0,0,0,5.0,0.2,0.0,0,0,0.2,0.0,0.0,0.0,0.565,1.0,0.0,0.0,2461.65,2267.24,1.8,2.3,-0.565,-1.0,0.347,0.471,1.4,1.28,1.197,1.072,0.17011,0.0,0.4,0.638,36.4,6.0,0,3.137,1.0,1,145.856,156.78673892253744,0.166,0.0,0.0,0.0,0.0,0.0,0.0,0.0,0.0,0.0,0.0,0.0,0.0,0.0,0.151,0.0,0.0,0.0,0.0,0.0,1.0,1.0,External_Hazard,Not_Applicable,0.0,0,-0.2,0,-0.2,0.0,0.435,0.0,-194.4100000000003,0.4999999999999998,-0.435,0.124,-0.1199999999999998,-0.125,-0.17011,0.238,-30.4,10.930738922537444,-0.166,0.0,0.0,0.0,0.0,0.0,0.0,-0.151,0.0,0.0,0.0634,0.0,0.0,0.0,0.0,0.0,0.0,0.0,0.0,0.0,0.0,0.0,0.0,0.0,0.0,0.0,0.0,0.0,0.0,0.0,0.0,0.0,0.0,0.0,0.0,0.0,0.0,0.0,0.0,0.0,0.0,0.0,0.0,0.0,0.0,0.0,0.0,0.0,0.0,0.0,0.0,0.0,0.0,0.0,0,1,0.0,0.0,0.0,0.0,0.0,0,0.0332,0.0,0.0,0.0,0.0,0.0,0.0,0.030199999999999998,0.0,0.0,0.0,0.9366,1.0,10.875315072,183.5455473,11.690332827542237,169.04994888
01_RT,1,Q3,Sign,FrogS,6.0,10.0,7.0,3,4,0,1,83,0,1,0.0,0.0,0,0,5.0,0.4,0.0,0,0,0.2,0.0,0.0,0.0,0.8728,1.0,0.0,0.0,1670.16,1314.83,2.4,1.5,0.8229,1.0,0.426,0.2,2.2,0.75,0.823,0.352,0.16062,0.0,0.4,0.187,50.3,52.2,1,5.334,6.0,0,138.23,18.30708661417323,0.0,1.858,0.271,0.173,0.0,0.0,0.0,0.0,0.0,0.0,0.0,0.0,0.0,0.0,0.509,0.0,0.0,0.0,0.0,0.0,1.0,1.0,External_Hazard,Not_Applicable,0.0,0,-0.4,0,-0.2,0.0,0.1271999999999999,0.0,-355.33000000000015,-0.8999999999999999,0.1771,-0.2259999999999999,-1.4500000000000002,-0.471,-0.16062,-0.213,1.9000000000000057,-119.92291338582676,1.858,-0.098,0.0,0.0,0.0,0.0,0.0,-0.509,0.0,0.0,-0.2247649043869516,0.0,0.0,0.0,5.0,0.0,0.812,0.969,0.0,0.0,0.0,0.0,0.0,0.0,0.0,0.0,0.0,0.0,1.0,0.0,1261.82,2.5,1.0,0.366,0.443,0.986,0.0,0.0,0.0,0.0,0.0,0.0,0.0,8.0,1.6,248.97,0.637,0.0,0.2,53.7,1.0,3.137,2.0,0.0,1,1,0.0,0.0,0.0,0.0,0.0,0,0.0,0.054200000000000005,0.0,0.0,0.0,0.0,0.0,0.1018,0.0,0.0,0.0,0.844,0.6192350956130483,10.30670526,124.53046992000002,1.3650129921259844,98.03635446
02_RT,1,Q1,Animal,Fox,6.0,1.0,10.0,1,5,2,0,23,0,1,0.0,0.0,0,0,5.0,0.2,0.0,0,0,0.2,0.0,0.0,0.0,0.5082,0.8726,0.0,0.0,2956.26,2124.75,0.8,1.8,-0.5064,-0.8726,0.389,0.115,2.6,1.51,0.311,0.317,0.11197,0.00603,0.4,0.301,44.0,76.2,1,3.32,6.0,0,351.83000000000004,129.17168674698797,0.0,0.725,0.0,0.0,0.43,0.0,0.0,0.0,0.0,0.0,0.0,0.0,0.377,0.0,0.488,0.0,0.0,0.0,0.0,0.0,0.9246,1.0,External_Hazard,Not_Applicable,0.0,0,-0.2,0,-0.2,0.0,0.3644,0.0,-831.5100000000002,1.0,-0.3662000000000001,-0.274,-1.09,0.006,-0.10594,-0.099,32.2,-222.65831325301207,0.725,0.0,-0.43,0.0,0.0,0.0,-0.377,-0.488,0.0,0.0,0.0406265060240963,0.0,0.0,0.0,0.0,0.0,0.0,0.0,0.0,0.0,0.0,0.0,0.0,0.0,0.0,0.0,0.0,0.0,0.0,0.0,0.0,0.0,0.0,0.0,0.0,0.0,0.0,0.0,0.0,0.0,0.0,0.0,0.0,0.0,0.0,0.0,0.0,0.0,0.0,0.0,0.0,0.0,0.0,0.0,0,1,0.0,0.0,0.0,0.0,0.0,0,0.0,0.0,0.086,0.0,0.0,0.0,0.0754,0.09759999999999999,0.0,0.0,0.0,0.741,0.7816265060240963,26.233148460000002,220.42465812000003,9.631299307228918,158.4256095
02_RT,1,Q3,Sign,FrogS,5.0,1.0,10.0,1,5,2,0,23,0,1,12.0,0.0,0,0,5.0,0.4,0.0,0,1,0.2,0.0,0.0,0.0,0.4717,1.0,0.0,0.0,3029.68,2801.38,1.3,0.9,0.4523,1.0,0.271,0.282,2.4,2.36,0.798,0.641,0.11626,0.0,0.4,0.498,32.4,42.3,0,8.04,5.0,1,340.966,316.57338308457713,0.0,0.0,0.0,0.163,0.203,0.0,0.0,0.0,0.0,0.0,0.0,0.0,0.0,0.0,0.191,0.276,0.0,0.0,0.332,0.176,1.0,1.0,External_Hazard,Not_Applicable,-12.0,0,-0.4,1,-0.2,0.0,0.5283,0.0,-228.29999999999973,-0.4,0.5477000000000001,0.0109999999999999,-0.04,-0.157,-0.11626,0.0979999999999999,9.9,-24.392616915422877,0.0,0.163,-0.203,0.0,0.0,0.0,0.0,0.085,0.0,-0.156,0.0687074626865671,0.0,0.0,0.0,5.0,0.0,0.0,0.0,0.648,0.704,0.0,0.0,0.0,0.0,0.0,0.0,0.0,0.0,0.8962,0.0,3379.41,1.9,-0.8962,0.394,0.0,0.0,0.304,0.099,0.0,0.0,0.0,0.107,0.0,14.0,2.8,2279.28,0.89,0.01412,0.2,42.7,1.0,2.38,2.0,1.0,0,1,0.0,0.0,0.0,0.0,0.0,0,0.0,0.0,0.040600000000000004,0.0,0.0,0.0,0.0,0.0382,0.0,0.0664,0.0,0.8548,0.9235074626865672,25.423106892000003,225.89900015999999,23.60434458955224,208.87649556000002
03_RT,1,Q1,Animal,Fox,7.0,6.0,1.0,1,2,0,0,79,1,0,60.0,29.24,0,0,5.0,0.2,0.487,0,0,0.2,0.0,0.0,0.0,0.8089,0.6506,0.0,0.0,2396.22,1625.37,1.9,1.9,-0.8089,-0.6506,0.142,0.132,3.2,0.97,0.082,0.022,0.03508,0.00154,0.0,0.0,0.0,0.0,1,2.052,7.0,0,326.882,100.48732943469784,0.0,0.389,0.0,0.0,0.36,0.0,0.0,0.0,0.0,0.0,0.0,0.0,0.0,0.0,0.324,0.0,0.0,0.0,0.316,0.0,1.0,1.0,External_Hazard,Not_Applicable,-30.76,0,0.287,0,-0.2,0.0,-0.1583,0.0,-770.8499999999999,0.0,0.1583,-0.0099999999999999,-2.2300000000000004,-0.06,-0.03354,0.0,0.0,-226.39467056530216,0.389,0.0,-0.36,0.0,0.0,0.0,0.0,-0.324,0.0,-0.316,0.0104288499025341,0.0,0.0,0.0,0.0,0.0,0.0,0.0,0.0,0.0,0.0,0.0,0.0,0.0,0.0,0.0,0.0,0.0,0.0,0.0,0.0,0.0,0.0,0.0,0.0,0.0,0.0,0.0,0.0,0.0,0.0,0.0,0.0,0.0,0.0,0.0,0.0,0.0,0.0,0.0,0.0,0.0,0.0,0.0,0,1,0.0,0.0,0.0,0.0,0.0,0,0.0,0.0,0.072,0.0,0.0,0.0,0.0,0.0648,0.0,0.0632,0.0,0.8,0.8104288499025342,24.372975684,178.66695564,7.492536257309941,121.19083794
03_RT,1,Q3,Sign,FrogS,4.0,6.0,1.0,1,2,0,0,79,1,0,24.0,37.71,0,0,5.0,0.2,0.314,0,0,0.0,0.314,0.0,0.0,0.9184,0.9019,0.0,0.0,3084.92,3069.05,1.8,1.6,0.9184,0.9019,0.128,0.054,2.2,1.26,0.061,0.348,0.01099,0.02001,0.0,0.0,0.1,52.0,1,3.182,4.0,0,261.226,263.0075424261471,0.0,0.04,0.584,0.41,0.168,0.032,0.0,0.0,0.0,0.0,0.0,0.0,0.0,0.0,0.831,0.125,0.0,0.0,0.0,0.0,1.0,1.0,External_Hazard,Not_Applicable,13.71,0,0.1139999999999999,0,0.314,0.0,-0.0164999999999999,0.0,-15.86999999999989,-0.1999999999999999,-0.0164999999999999,-0.074,-0.9400000000000002,0.287,0.00902,0.0,51.9,1.781542426147098,0.04,-0.174,-0.136,0.0,0.0,0.0,0.0,-0.706,0.0,0.0,0.1258394720301697,1.0,12.0,0.0,5.0,0.0,0.0,0.0,0.412,0.0,0.0,0.0,0.0,0.0,0.0,0.0,0.0,0.0,0.5347,0.0,2504.72,1.4,0.4414,0.123,0.0,0.0,0.564,0.0,0.0,0.0,0.0,0.0,0.072,11.0,2.2,1100.75,0.096,0.22066,0.0,0.0,1.0,2.085,1.0,1.0,0,1,0.0,0.0,0.0,0.0,0.0,0,0.0,0.11679999999999999,0.033600000000000005,0.0,0.0,0.0,0.0,0.1662,0.0,0.0,0.0,0.6834,0.8092394720301698,19.477533012000002,230.01780504,19.610368378378382,228.83450610000003
04_RT,1,Q1,Animal,Fox,4.0,5.0,10.0,1,4,0,0,67,1,0,0.0,0.0,0,0,5.0,0.2,0.0,0,0,0.2,0.0,0.0,0.0,0.9456,0.9335,0.0,0.0,2855.48,2615.51,1.4,1.6,-0.9456,-0.9335,0.116,0.0,2.8,0.77,0.288,0.282,0.013,0.00514,0.4,0.0,32.5,100.0,1,2.6,4.0,0,375.854,44.27307692307692,0.0,0.272,0.0,0.0,0.359,0.0,0.0,0.0,0.0,0.0,0.0,0.0,0.1,0.0,0.085,0.0,0.0,0.0,0.127,0.0,0.98,1.0,External_Hazard,Not_Applicable,0.0,0,-0.2,0,-0.2,0.0,-0.0121,0.0,-239.9699999999998,0.2000000000000001,0.0121,-0.116,-2.03,-0.006,-0.0078599999999999,-0.4,67.5,-331.58092307692306,0.272,0.0,-0.359,0.0,0.0,0.0,-0.1,-0.085,0.0,-0.127,0.0295846153846155,0.0,0.0,0.0,0.0,0.0,0.0,0.0,0.0,0.0,0.0,0.0,0.0,0.0,0.0,0.0,0.0,0.0,0.0,0.0,0.0,0.0,0.0,0.0,0.0,0.0,0.0,0.0,0.0,0.0,0.0,0.0,0.0,0.0,0.0,0.0,0.0,0.0,0.0,0.0,0.0,0.0,0.0,0.0,0,1,0.0,0.0,0.0,0.0,0.0,0,0.0,0.0,0.0718,0.0,0.0,0.0,0.02,0.017,0.0,0.0254,0.0,0.8657999999999999,0.8953846153846154,28.024425948,212.91029976000002,3.3010891615384614,195.01765662000003
04_RT,1,Q3,Sign,FrogS,4.0,5.0,10.0,1,4,0,0,67,1,0,0.0,0.0,0,0,5.0,0.4,0.0,0,0,0.0,0.0,0.0,0.0,0.8957,0.6491,0.0,0.0,2512.92,1355.85,1.8,1.4,0.8957,0.6491,0.116,0.039,1.8,0.42,0.529,0.073,0.01137,0.03321,0.2,0.42,40.7,73.3,1,2.38,4.0,0,280.56,25.77731092436975,0.0,0.512,0.274,0.102,0.0,0.0,0.0,0.0,0.0,0.0,0.026,0.0,0.071,0.0,0.464,0.0,0.0,0.0,0.0,0.0,0.9858,1.0,External_Hazard,Not_Applicable,0.0,0,-0.4,0,0.0,0.0,-0.2466,0.0,-1157.0700000000002,-0.4000000000000001,-0.2466,-0.077,-1.38,-0.456,0.02184,0.2199999999999999,32.599999999999994,-254.78268907563023,0.512,-0.172,0.0,0.0,0.0,-0.026,-0.071,-0.464,0.0,0.0,-0.0909831932773108,0.0,0.0,0.0,5.0,0.2,0.0,0.0,0.0,0.0,0.348,0.172,0.0,0.0,0.0,0.0,0.2,0.0,0.731,0.0,3459.86,1.6,0.0507,0.128,0.0,0.0,0.0,0.039,0.397,0.109,0.0,0.0,0.0,10.0,2.0,2838.45,0.463,0.60101,0.4,42.5,1.0,1.494,7.0,0.0,0,1,0.0,0.0,0.0,0.0,0.0,0,0.0,0.0548,0.0,0.0,0.0,0.0052,0.014199999999999999,0.09280000000000001,0.0,0.0,0.0,0.833,0.7420168067226891,20.91911472,187.36834104000002,1.9220078571428574,101.0948877
05_RT,1,Q1,Animal,Fox,7.0,11.0,5.0,2,4,1,0,23,0,1,0.0,0.0,0,0,5.0,0.2,0.0,0,0,0.2,0.0,0.0,0.0,0.8892,0.3026,0.0,0.0,2206.97,1705.8,2.0,2.3,-0.8892,-0.3026,0.134,0.132,1.0,2.46,0.107,0.001,0.0292,0.00372,0.0,0.0,0.0,0.0,1,1.218,7.0,0,168.324,203.7848932676519,0.364,0.329,0.0,0.0,0.0,0.0,0.0,0.0,0.0,0.0,0.0,0.0,0.0,0.0,0.666,0.0,0.064,0.399,0.0,0.0,1.0,1.0,External_Hazard,Not_Applicable,0.0,0,-0.2,0,-0.2,0.0,-0.5866,0.0,-501.16999999999985,0.2999999999999998,0.5866,-0.002,1.46,-0.106,-0.02548,0.0,0.0,35.4608932676519,-0.0349999999999999,0.0,0.0,0.0,0.0,0.0,0.0,-0.666,0.335,0.0,-0.3789011494252872,0.0,0.0,0.0,0.0,0.0,0.0,0.0,0.0,0.0,0.0,0.0,0.0,0.0,0.0,0.0,0.0,0.0,0.0,0.0,0.0,0.0,0.0,0.0,0.0,0.0,0.0,0.0,0.0,0.0,0.0,0.0,0.0,0.0,0.0,0.0,0.0,0.0,0.0,0.0,0.0,0.0,0.0,0.0,0,1,0.0,0.0,0.0,0.0,0.0,0,0.0728,0.0,0.0,0.0,0.0,0.0,0.0,0.1332,0.0128,0.0,0.0,0.7811999999999999,0.4022988505747126,12.550574088000001,164.55609714,15.194609211822662,127.1878596
05_RT,1,Q3,Sign,FrogS,1.0,11.0,5.0,2,4,1,0,23,0,1,0.0,0.0,0,0,5.0,0.4,0.287,0,0,0.4,0.287,0.0,0.0,0.7387,0.9691,0.0,0.0,2187.58,2056.49,2.2,2.3,0.7387,0.9691,0.14,0.128,1.2,1.44,0.03,0.01,0.05955,0.00439,0.0,0.0,0.0,0.0,0,3.48,1.0,1,133.04000000000002,169.3505747126437,0.0,1.185,0.696,0.0,0.0,0.0,0.0,0.0,0.0,0.0,0.0,0.0,0.0,0.0,0.302,0.0,0.0,0.0,0.0,0.0,1.0,1.0,External_Hazard,Not_Applicable,0.0,0,-0.113,0,-0.113,0.0,0.2303999999999999,0.0,-131.09000000000017,0.0999999999999996,0.2303999999999999,-0.012,0.24,-0.0199999999999999,-0.05516,0.0,0.0,36.31057471264367,1.185,-0.696,0.0,0.0,0.0,0.0,0.0,-0.302,0.0,0.0,-0.1409172413793104,0.0,0.0,0.0,5.0,0.4,1.16,0.0,0.0,0.0,0.0,0.0,0.0,0.0,0.0,0.0,0.4,0.0,0.7779,0.0,1671.41,2.4,0.7779,0.134,0.696,1.025,0.0,0.0,0.0,0.0,0.0,0.0,0.0,4.0,0.8,267.63,0.008,0.05416,0.0,0.0,1.0,3.191,7.0,0.0,0,1,0.0,0.0,0.0,0.0,0.0,0,0.0,0.1392,0.0,0.0,0.0,0.0,0.0,0.060399999999999995,0.0,0.0,0.0,0.8004,0.6594827586206896,9.919728480000002,163.11033996,12.62711755172414,153.33600737999998
06_RT,1,Q1,Animal,Fox,7.0,42.0,0.0,5,3,0,0,92,0,1,0.0,0.0,0,0,5.0,0.0,0.0,0,0,0.0,0.0,0.0,0.0,0.9996,0.9869,0.0,0.0,2501.33,1781.02,0.9,1.8,-0.9996,-0.9869,0.102,0.123,2.4,1.11,0.079,0.018,0.0,0.00018,0.0,0.0,0.0,0.0,1,1.809,7.0,0,294.024,76.69430624654505,0.0,0.407,0.0,0.0,0.0,0.0,0.0,0.0,0.032,0.0,0.405,0.0,0.0,0.0,0.0,0.0,0.0,0.0,0.729,0.0,0.9936,1.0,External_Hazard,Not_Applicable,0.0,0,0.0,0,0.0,0.0,-0.0127,0.0,-720.31,0.9,0.0127,0.021,-1.2899999999999998,-0.061,0.00018,0.0,0.0,-217.32969375345493,0.407,0.0,0.0,0.0,-0.032,-0.405,0.0,0.0,0.0,-0.729,0.0082138197899391,0.0,0.0,0.0,0.0,0.0,0.0,0.0,0.0,0.0,0.0,0.0,0.0,0.0,0.0,0.0,0.0,0.0,0.0,0.0,0.0,0.0,0.0,0.0,0.0,0.0,0.0,0.0,0.0,0.0,0.0,0.0,0.0,0.0,0.0,0.0,0.0,0.0,0.0,0.0,0.0,0.0,0.0,0.0,0,1,0.0,0.0,0.0,0.0,0.0,0,0.0,0.0,0.0,0.0,0.0064,0.081,0.0,0.0,0.0,0.14579999999999999,0.0,0.7668,0.7750138197899392,21.923017488,186.50416746,5.718480862354893,132.79641324
06_RT,1,Q3,Sign,FrogS,7.0,42.0,0.0,5,3,0,0,92,0,1,0.0,0.0,0,0,5.0,0.0,0.0,0,0,0.0,0.0,0.0,0.0,1.0,0.8008,0.0,0.0,2695.83,3827.66,0.8,1.6,1.0,0.8008,0.072,0.02,1.6,1.0,0.221,0.106,0.0,0.02671,0.2,0.0,57.9,71.5,1,1.993,7.0,0,241.818,206.11640742599096,0.0,0.841,1.107,0.035,0.0,0.0,0.0,0.0,0.0,0.0,0.0,0.0,0.86,0.0,0.0,0.0,0.0,0.0,0.329,0.0,0.8280000000000001,1.0,External_Hazard,Not_Applicable,0.0,0,0.0,0,0.0,0.0,-0.1992,0.0,1131.83,0.8,-0.1992,-0.0519999999999999,-0.6000000000000001,-0.115,0.02671,-0.2,13.6,-35.70159257400903,0.841,-1.072,0.0,0.0,0.0,0.0,-0.86,0.0,0.0,-0.329,0.0196616156547917,0.0,0.0,0.0,5.0,0.4,0.0,0.0,0.0,0.0,0.452,0.0,0.0,0.0,0.0,0.0,0.2,0.0,0.7564,0.0,2503.56,1.2,0.0437,0.103,0.0,0.0,0.0,0.0,0.459,0.0,0.0,0.0,0.0,7.0,1.4,760.83,0.477,0.64109,0.2,52.9,1.0,1.798,7.0,0.0,0,1,0.0,0.0,0.0,0.0,0.0,0,0.0,0.22139999999999999,0.0,0.0,0.0,0.0,0.172,0.0,0.0,0.0658,0.0,0.5408,0.5604616156547917,18.030433716,201.00647646000002,15.368451570496738,285.39798492
07_RT,1,Q1,Animal,Fox,7.0,21.0,36.0,3,1,2,1,70,1,0,0.0,0.0,0,0,5.0,0.0,0.0,0,0,0.0,0.0,0.0,0.0,0.0485,0.1338,0.0,0.0,2804.64,1397.75,0.0,0.4,-0.0485,-0.1338,0.0,0.864,2.2,0.62,0.0,0.216,0.00047,6e-05,0.0,0.616,100.0,2.5,1,1.624,7.0,1,237.238,24.43965517241379,0.0,0.446,0.0,0.0,0.067,0.0,0.0,0.0,0.0,0.0,0.0,0.0,0.0,0.0,1.609,0.0,0.0,0.0,0.0,0.0,1.0,1.0,External_Hazard,Not_Applicable,0.0,0,0.0,0,0.0,0.0,0.0853,0.0,-1406.89,0.4,-0.0853,0.864,-1.58,0.216,-0.00041,0.616,-97.5,-212.79834482758625,0.446,0.0,-0.067,0.0,0.0,0.0,0.0,-1.609,0.0,0.0,0.0605694581280789,0.0,0.0,0.0,0.0,0.0,0.0,0.0,0.0,0.0,0.0,0.0,0.0,0.0,0.0,0.0,0.0,0.0,0.0,0.0,0.0,0.0,0.0,0.0,0.0,0.0,0.0,0.0,0.0,0.0,0.0,0.0,0.0,0.0,0.0,0.0,0.0,0.0,0.0,0.0,0.0,0.0,0.0,0.0,0,1,0.0,0.0,0.0,0.0,0.0,0,0.0,0.0,0.0134,0.0,0.0,0.0,0.0,0.3218,0.0,0.0,0.0,0.6648,0.7253694581280788,17.688939756,209.11956768,1.822269568965517,104.2190355
07_RT,1,Q3,Sign,FrogS,3.0,21.0,36.0,3,1,2,1,70,1,0,0.0,0.0,0,0,5.0,0.4,0.0,0,0,0.2,0.0,0.0,0.0,0.1755,0.0187,0.0,0.0,2736.64,0.0,1.0,0.4,0.1077,-0.0187,0.197,0.06,2.4,0.0,0.593,0.035,0.0288,0.0,0.4,0.0,31.4,44.1,0,1.11,3.0,1,389.872,0.0,0.0,0.0,0.0,0.478,0.0,0.0,0.0,0.0,0.0,0.0,0.0,0.0,0.0,0.0,0.374,0.0,0.0,0.0,0.0,0.0,1.0,1.0,External_Hazard,Not_Applicable,0.0,0,-0.4,0,-0.2,0.0,-0.1568,0.0,-2736.64,-0.6,-0.1264,-0.137,-2.4,-0.5579999999999999,-0.0288,-0.4,12.700000000000005,-389.872,0.0,0.478,0.0,0.0,0.0,0.0,0.0,-0.374,0.0,0.0,-0.3558306306306306,0.0,0.0,0.0,5.0,0.0,0.0,0.0,0.0,0.0,0.0,0.0,0.0,0.0,0.0,0.0,0.0,0.0,1.0,0.0,3314.38,2.8,-1.0,0.19,0.0,0.0,0.0,0.0,0.0,0.162,0.0,0.0,0.0,6.0,1.2,1459.81,0.596,0.0,0.4,2.4,1.0,1.637,5.0,0.0,0,1,0.0,0.0,0.0,0.0,0.0,0,0.0,0.0,0.0,0.0,0.0,0.0,0.0,0.0748,0.0,0.0,0.0,0.9252,0.5693693693693694,29.069636064,204.04935168,0.0,0.0
08_RT,1,Q1,Animal,Fox,7.0,13.0,21.0,2,1,1,0,60,0,1,0.0,0.0,0,0,5.0,0.0,0.0,0,0,0.0,0.0,0.0,0.0,0.4784,0.781,0.0,0.0,2965.97,1997.15,0.9,2.8,-0.4784,-0.781,0.215,0.167,1.8,2.16,0.366,0.327,0.14245,0.04204,0.6,0.309,11.3,48.9,1,3.24,7.0,0,235.12600000000003,180.83024691358025,0.0,0.848,0.0,0.0,0.974,0.0,0.0,0.0,0.0,0.331,0.0,0.0,0.0,0.0,0.554,0.0,0.0,0.0,0.0,0.0,1.0,0.8978395061728395,External_Hazard,Not_Applicable,0.0,0,0.0,0,0.0,0.0,0.3026,0.0,-968.8199999999996,1.9,-0.3026,-0.0479999999999999,0.3600000000000001,-0.0389999999999999,-0.10041,-0.291,37.599999999999994,-54.29575308641981,0.848,0.0,-0.974,0.0,0.331,0.0,0.0,-0.554,0.0,0.0,-0.0582888888888889,0.0,0.0,0.0,0.0,0.0,0.0,0.0,0.0,0.0,0.0,0.0,0.0,0.0,0.0,0.0,0.0,0.0,0.0,0.0,0.0,0.0,0.0,0.0,0.0,0.0,0.0,0.0,0.0,0.0,0.0,0.0,0.0,0.0,0.0,0.0,0.0,0.0,0.0,0.0,0.0,0.0,0.0,0.0,0,1,0.0,0.0,0.0,0.0,0.0,0,0.0,0.0,0.1948,0.0,0.0,0.0,0.0,0.11080000000000001,0.0,0.0,0.0,0.6944,0.6361111111111111,17.531464812000003,221.14865514,13.483064870370372,148.9114983
08_RT,1,Q3,Sign,FrogS,7.0,13.0,21.0,2,1,1,0,60,0,1,0.0,0.0,0,0,5.0,0.2,0.248,0,0,0.2,0.248,0.0,0.0,0.8657,0.6544,0.0,0.0,2073.01,2134.49,2.1,2.0,0.8657,0.6544,0.195,0.0,2.2,0.99,0.919,0.761,0.06035,0.02365,0.4,0.0,39.6,100.0,1,4.038,7.0,0,169.224,118.32095096582464,0.0,0.114,0.0,0.294,0.0,0.0,0.0,0.0,0.0,0.0,0.0,0.0,0.0,0.0,0.475,0.0,0.0,0.0,0.0,0.0,1.0,1.0,External_Hazard,Not_Applicable,0.0,0,0.0479999999999999,0,0.0479999999999999,0.0,-0.2113,0.0,61.47999999999956,-0.1,-0.2113,-0.195,-1.2100000000000002,-0.158,-0.0366999999999999,-0.4,60.4,-50.90304903417534,0.114,0.294,0.0,0.0,0.0,0.0,0.0,-0.475,0.0,0.0,-0.006040118870728,0.0,0.0,0.0,5.0,0.2,0.0,0.0,0.0,0.0,0.0,0.0,0.0,0.0,0.0,0.0,0.2,0.0,0.946,0.0,1979.55,2.2,0.946,0.194,0.0,0.0,0.202,0.0,0.0,0.0,0.0,0.0,0.0,10.0,2.0,716.71,1.148,0.00948,0.4,39.6,1.0,3.319,6.0,0.0,0,1,0.0,0.0,0.0,0.0,0.0,0,0.0,0.0,0.0,0.0,0.0,0.0,0.0,0.095,0.0,0.0,0.0,0.905,0.8989598811292719,12.617679888,154.56777162000003,8.822246745913818,159.15184338
09_RT,1,Q1,Animal,Fox,7.0,22.0,30.0,3,3,2,0,11,0,1,0.0,0.0,0,0,5.0,0.0,0.0,0,0,0.0,0.0,0.0,0.0,1.0,0.7691,0.0,0.0,2912.97,2141.76,1.3,1.9,-1.0,-0.7691,0.108,0.093,2.4,1.67,0.101,0.025,0.0,0.02277,0.0,0.0,12.4,6.3,1,2.389,7.0,0,317.514,86.65550439514442,0.0,0.269,0.0,0.0,0.728,0.0,0.0,0.0,0.0,0.0,0.0,0.0,0.0,0.0,0.864,0.0,0.0,0.264,0.302,0.097,1.0,1.0,External_Hazard,Not_Applicable,0.0,0,0.0,0,0.0,0.0,-0.2309,0.0,-771.2099999999996,0.5999999999999999,0.2309,-0.015,-0.73,-0.076,0.02277,0.0,-6.1000000000000005,-230.8584956048556,0.269,0.0,-0.728,0.0,0.0,0.0,0.0,-0.864,0.264,-0.205,0.1150913352867308,0.0,0.0,0.0,0.0,0.0,0.0,0.0,0.0,0.0,0.0,0.0,0.0,0.0,0.0,0.0,0.0,0.0,0.0,0.0,0.0,0.0,0.0,0.0,0.0,0.0,0.0,0.0,0.0,0.0,0.0,0.0,0.0,0.0,0.0,0.0,0.0,0.0,0.0,0.0,0.0,0.0,0.0,0.0,0,1,0.0,0.0,0.0,0.0,0.0,0,0.0,0.0,0.1456,0.0,0.0,0.0,0.0,0.1728,0.0,0.060399999999999995,0.0,0.6212,0.7362913352867309,23.674478868,217.19686914,6.461207718710758,159.69390912000003
09_RT,1,Q3,Sign,FrogS,7.0,22.0,30.0,3,3,2,0,11,0,1,0.0,0.0,0,0,5.0,0.4,0.0,0,0,0.0,0.0,0.0,0.0,0.8844,0.7895,0.0,0.0,2529.77,3524.64,1.9,1.9,0.8844,0.7895,0.108,0.102,2.4,1.51,0.051,0.0,0.00997,7e-05,0.0,0.0,2.9,0.0,1,1.328,7.0,0,201.602,265.94879518072287,0.393,0.0,0.179,0.0,0.0,0.0,0.0,0.0,0.0,0.0,0.214,0.036,0.0,0.0,0.367,0.0,0.0,0.0,0.038,0.0,1.0,1.0,External_Hazard,Not_Applicable,0.0,0,-0.4,0,0.0,0.0,-0.0948999999999999,0.0,994.87,0.0,-0.0948999999999999,-0.006,-0.8899999999999999,-0.051,-0.0098999999999999,0.0,-2.9,64.34679518072286,-0.393,-0.179,0.0,0.0,0.0,-0.178,0.0,-0.367,0.0,-0.038,0.2110915662650602,0.0,0.0,0.0,5.0,0.0,0.0,0.0,0.0,0.0,1.204,0.0,0.0,0.0,0.304,0.0,0.0,0.0,0.6996,0.0,2145.5,1.8,0.2594,0.121,0.0,0.0,0.084,0.035,0.893,0.0,0.0,0.0,0.365,8.0,1.6,632.0,0.174,0.50784,0.6,17.5,1.0,0.939,7.0,0.0,0,1,0.0,0.0,0.0,0.0,0.0,0,0.0786,0.0358,0.0,0.0,0.0,0.0428,0.0,0.07339999999999999,0.0,0.0076,0.0,0.7618,0.9728915662650602,15.031848324,188.62471074,19.82967406626506,262.80420768
10_RT,1,Q1,Animal,Fox,5.0,10.0,0.0,4,4,0,0,90,1,0,0.0,0.0,0,0,5.0,0.4,0.0,0,0,0.0,0.0,0.0,0.0,0.9651,0.9323,0.0,0.0,2434.23,2412.25,1.8,1.3,-0.9651,-0.9323,0.105,0.125,2.8,1.45,0.077,0.003,0.00154,0.0,0.0,0.0,0.0,0.0,1,0.692,5.0,0,358.228,230.40462427745663,0.138,0.02,0.0,0.0,0.237,0.0,0.0,0.0,0.0,0.0,0.0,0.0,0.0,0.0,0.0,0.0,0.0,0.0,0.876,0.127,1.0,1.0,External_Hazard,Not_Applicable,0.0,0,-0.4,0,0.0,0.0,-0.0327999999999999,0.0,-21.980000000000015,-0.5,0.0327999999999999,0.02,-1.35,-0.074,-0.00154,0.0,0.0,-127.82337572254336,-0.118,0.0,-0.237,0.0,0.0,0.0,0.0,0.0,0.0,-0.749,0.0377722543352601,0.0,0.0,0.0,0.0,0.0,0.0,0.0,0.0,0.0,0.0,0.0,0.0,0.0,0.0,0.0,0.0,0.0,0.0,0.0,0.0,0.0,0.0,0.0,0.0,0.0,0.0,0.0,0.0,0.0,0.0,0.0,0.0,0.0,0.0,0.0,0.0,0.0,0.0,0.0,0.0,0.0,0.0,0.0,0,1,0.0,0.0,0.0,0.0,0.0,0,0.027600000000000003,0.0,0.0474,0.0,0.0,0.0,0.0,0.0,0.0,0.1752,0.0,0.7498,0.7875722543352601,26.710196136,181.50105726,17.179429595375723,179.8621845
10_RT,1,Q3,Sign,FrogS,4.0,10.0,0.0,4,4,0,0,90,1,0,0.0,0.0,0,0,5.0,0.0,0.0,0,0,0.0,0.0,0.0,0.0,1.0,0.5568,0.0,0.0,1964.85,1989.31,1.1,1.9,1.0,0.5568,0.154,0.033,1.2,2.4,0.701,0.183,0.0,0.06364,0.2,0.48,4.5,67.8,0,2.082,4.0,1,86.70599999999999,150.5907780979827,0.0,0.0,0.46,0.913,0.0,0.0,0.0,0.0,0.0,0.0,0.234,0.069,0.0,0.0,0.0,0.0,0.0,0.0,0.0,0.0,1.0,1.0,External_Hazard,Not_Applicable,0.0,0,0.0,0,0.0,0.0,-0.4432,0.0,24.460000000000036,0.7999999999999998,-0.4432,-0.121,1.2,-0.518,0.06364,0.2799999999999999,63.3,63.88477809798272,0.0,0.453,0.0,0.0,0.0,-0.165,0.0,0.0,0.0,0.0,-0.3328618635926993,0.0,0.0,0.0,5.0,0.2,0.0,0.0,0.244,0.0,0.556,0.0,0.0,0.0,0.068,0.0,0.0,0.0,0.8977,0.0,2803.55,1.3,-0.8977,0.076,0.0,0.0,0.063,0.0,0.678,0.0,0.0,0.032,0.04,14.0,2.8,2235.99,0.151,0.04079,0.4,46.5,1.0,1.236,7.0,0.0,0,1,0.0,0.0,0.0,0.0,0.0,0,0.0,0.092,0.0,0.0,0.0,0.0468,0.0,0.0,0.0,0.0,0.0,0.8612,0.5283381364073007,6.464972771999999,146.5031457,11.228349596541786,148.32693222
11_RT,1,Q1,Animal,Fox,6.0,40.0,0.0,5,5,0,0,65,0,1,0.0,0.0,0,0,5.0,0.0,0.564,0,0,0.0,0.0,0.0,0.0,0.9922,0.9804,0.0,0.0,2556.15,2279.95,1.8,1.0,-0.9922,-0.9804,0.125,0.101,1.2,1.13,0.882,0.044,0.00025,0.0001,0.4,0.564,36.4,46.4,1,1.773,6.0,1,170.096,116.98815566835871,0.181,0.684,0.0,0.0,0.917,0.0,0.0,0.0,0.0,0.0,0.0,0.0,0.0,0.0,0.071,0.0,0.0,0.0,0.0,0.03,1.0,1.0,External_Hazard,Not_Applicable,0.0,0,0.564,0,0.0,0.0,-0.0117999999999999,0.0,-276.2000000000003,-0.8,0.0117999999999999,-0.0239999999999999,-0.07,-0.838,-0.00015,0.1639999999999999,10.0,-53.10784433164129,0.5030000000000001,0.0,-0.917,0.0,0.0,0.0,0.0,-0.071,0.0,0.03,-0.1689072758037226,0.0,0.0,0.0,0.0,0.0,0.0,0.0,0.0,0.0,0.0,0.0,0.0,0.0,0.0,0.0,0.0,0.0,0.0,0.0,0.0,0.0,0.0,0.0,0.0,0.0,0.0,0.0,0.0,0.0,0.0,0.0,0.0,0.0,0.0,0.0,0.0,0.0,0.0,0.0,0.0,0.0,0.0,0.0,1,1,0.0,0.0,0.0,0.0,0.0,0,0.036199999999999996,0.0,0.1834,0.0,0.0,0.0,0.0,0.014199999999999999,0.0,0.0,0.0,0.7662,0.5972927241962773,12.682697952000002,190.5916563,8.722870862944163,169.9976319
11_RT,1,Q3,Sign,FrogS,4.0,40.0,0.0,5,5,0,0,65,0,1,0.0,0.0,0,0,5.0,0.2,0.0,0,0,0.2,0.0,0.0,0.0,0.8983,0.4416,0.0,0.0,1893.32,1844.51,2.3,0.9,0.8983,0.4416,0.133,0.0,1.6,1.32,0.498,0.013,0.01483,0.00051,0.2,0.0,39.9,100.0,1,0.76,4.0,1,138.66400000000002,82.09210526315789,0.0,0.246,0.902,0.126,0.155,0.0,0.0,0.0,0.0,0.0,0.0,0.0,0.0,0.0,0.161,0.0,0.0,0.0,0.0,0.0,1.0,1.0,External_Hazard,Not_Applicable,0.0,0,-0.2,0,-0.2,0.0,-0.4567,0.0,-48.809999999999945,-1.4,-0.4567,-0.133,-0.28,-0.485,-0.01432,-0.2,60.1,-56.571894736842125,0.246,-0.776,-0.155,0.0,0.0,0.0,0.0,-0.161,0.0,0.0,-0.2458736842105262,0.0,0.0,0.0,5.0,0.0,1.506,1.304,0.0,0.0,0.0,0.0,0.0,0.0,0.0,0.0,0.0,0.0,0.6944,0.0,1820.23,1.9,0.6944,0.052,1.061,1.072,0.0,0.0,0.0,0.0,0.0,0.0,0.0,5.0,1.0,346.53,1.048,0.11422,0.2,69.4,1.0,7.403,7.0,1.0,1,1,0.0,0.0,0.0,0.0,0.0,0,0.0,0.1804,0.031,0.0,0.0,0.0,0.0,0.0322,0.0,0.0,0.0,0.7564,0.5105263157894737,10.339065168000001,141.16972584,6.1209515526315785,137.53035462
12_RT,1,Q1,Animal,Fox,6.0,8.0,17.0,2,3,2,0,27,1,0,0.0,0.0,0,0,5.0,0.2,0.0,0,0,0.2,0.0,0.0,0.0,0.9253,0.4819,0.0,0.0,2124.06,2538.78,1.9,1.6,-0.9253,-0.4819,0.121,0.09,1.4,1.78,0.015,0.021,0.02086,0.00318,0.0,0.0,0.0,0.0,1,1.125,6.0,0,131.548,192.4088888888889,0.067,0.359,0.0,0.0,0.069,0.0,0.0,0.0,0.0,0.0,0.0,0.0,0.0,0.0,0.229,0.0,0.0,0.0,0.0,0.0,1.0,1.0,External_Hazard,Not_Applicable,0.0,0,-0.2,0,-0.2,0.0,-0.4434,0.0,414.72000000000025,-0.2999999999999998,0.4434,-0.031,0.3800000000000001,0.006,-0.01768,0.0,0.0,60.860888888888894,0.292,0.0,-0.069,0.0,0.0,0.0,0.0,-0.229,0.0,0.0,-0.246111111111111,0.0,0.0,0.0,0.0,0.0,0.0,0.0,0.0,0.0,0.0,0.0,0.0,0.0,0.0,0.0,0.0,0.0,0.0,0.0,0.0,0.0,0.0,0.0,0.0,0.0,0.0,0.0,0.0,0.0,0.0,0.0,0.0,0.0,0.0,0.0,0.0,0.0,0.0,0.0,0.0,0.0,0.0,0.0,0,1,0.0,0.0,0.0,0.0,0.0,0,0.0134,0.0,0.013800000000000002,0.0,0.0,0.0,0.0,0.0458,0.0,0.0,0.0,0.927,0.6808888888888889,9.808481976000001,158.37416172,14.346391573333335,189.29651436000003
12_RT,1,Q3,Sign,FrogS,7.0,8.0,17.0,2,3,2,0,27,1,0,0.0,0.0,0,0,5.0,0.0,0.0,0,0,0.0,0.0,0.0,0.0,0.9195,0.5322,0.0,0.0,2421.36,2068.94,1.8,1.7,0.9195,0.5322,0.116,0.104,2.2,1.95,0.028,0.001,0.01989,0.01525,0.0,0.0,0.0,0.0,1,1.54,7.0,0,243.26,177.3896103896104,0.5,0.301,0.544,0.0,0.0,0.0,0.0,0.0,0.0,0.0,0.0,0.0,0.0,0.0,0.42,0.035,0.0,0.0,0.0,0.0,1.0,1.0,External_Hazard,Not_Applicable,0.0,0,0.0,0,0.0,0.0,-0.3873,0.0,-352.4200000000001,-0.1,-0.3873,-0.012,-0.2500000000000002,-0.027,-0.00464,0.0,0.0,-65.8703896103896,-0.199,-0.544,0.0,0.0,0.0,0.0,0.0,-0.385,0.0,0.0,0.0746181818181819,0.0,0.0,0.0,5.0,0.0,0.0,0.0,0.156,0.0,0.0,0.0,0.0,0.0,0.0,0.0,0.0,0.0,0.4525,0.0,2363.17,1.4,-0.0032,0.109,0.0,0.0,0.181,0.0,0.0,0.0,0.0,0.0,0.0,12.0,2.4,1174.55,0.008,0.29922,0.0,0.0,1.0,1.404,7.0,0.0,0,1,0.0,0.0,0.0,0.0,0.0,0,0.1,0.10880000000000001,0.0,0.0,0.0,0.0,0.0,0.08399999999999999,0.0,0.0,0.0,0.7072,0.781818181818182,18.13795212,180.54144432,13.22652412987013,154.26430428
13_RT,1,Q1,Animal,Fox,7.0,40.0,0.0,4,4,0,0,63,0,1,0.0,0.0,0,0,5.0,0.2,0.476,0,0,0.2,0.238,0.0,0.0,0.8884,0.6047,0.0,0.0,3190.53,3130.24,1.3,0.7,-0.8884,-0.6047,0.101,0.078,2.2,1.67,0.002,0.043,0.01527,0.01228,0.0,0.0,0.0,10.2,1,4.2,7.0,1,362.902,263.3428571428571,0.036,0.992,0.0,0.0,0.0,0.0,0.0,0.0,0.0,0.0,0.0,0.0,0.0,0.0,0.317,0.029,0.0,0.0,0.719,0.8,1.0,1.0,External_Hazard,Not_Applicable,0.0,0,0.2759999999999999,0,0.0379999999999999,0.0,-0.2836999999999999,0.0,-60.29000000000042,-0.6000000000000001,0.2836999999999999,-0.023,-0.5300000000000002,0.0409999999999999,-0.00299,0.0,10.2,-99.55914285714287,0.956,0.0,0.0,0.0,0.0,0.0,0.0,-0.288,0.0,0.081,-0.2191714285714284,0.0,0.0,0.0,0.0,0.0,0.0,0.0,0.0,0.0,0.0,0.0,0.0,0.0,0.0,0.0,0.0,0.0,0.0,0.0,0.0,0.0,0.0,0.0,0.0,0.0,0.0,0.0,0.0,0.0,0.0,0.0,0.0,0.0,0.0,0.0,0.0,0.0,0.0,0.0,0.0,0.0,0.0,0.0,0,1,0.0,0.0,0.0,0.0,0.0,0,0.0072,0.0,0.0,0.0,0.0,0.0,0.0,0.0634,0.0,0.14379999999999998,0.0,0.7856,0.5664285714285715,27.058698924,237.89229786,19.635370114285713,233.39695487999998
13_RT,1,Q3,Sign,FrogS,4.0,40.0,0.0,4,4,0,0,63,0,1,0.0,0.0,0,0,5.0,0.0,0.0,1,0,0.0,0.0,0.0,0.0,1.0,1.0,0.0,0.0,2566.65,2499.41,1.2,0.7,1.0,1.0,0.092,0.068,2.2,1.3,0.005,0.148,0.0,0.0,0.0,0.0,0.0,25.8,0,7.67,4.0,1,223.27,147.0234680573664,0.0,0.0,0.0,3.101,0.0,0.0,0.0,0.0,0.0,0.0,0.47,0.445,0.0,0.0,1.378,0.156,0.0,0.0,1.137,0.0,1.0,1.0,External_Hazard,Not_Applicable,0.0,0,0.0,-1,0.0,0.0,0.0,0.0,-67.24000000000024,-0.5,0.0,-0.0239999999999999,-0.9000000000000001,0.143,0.0,0.0,25.8,-76.2465319426336,0.0,3.101,0.0,0.0,0.0,-0.0249999999999999,0.0,-1.222,0.0,-1.137,0.1143402868318121,0.0,0.0,0.0,5.0,0.2,0.0,0.0,1.924,0.0,3.027,0.068,0.0,0.0,0.0,0.0,0.0,0.0,0.634,0.0,2953.63,0.7,-0.5456,0.074,0.0,0.0,1.353,0.0,1.759,0.098,0.0,0.0,0.0,7.0,1.4,1034.91,0.057,0.25608,0.0,10.8,1.0,0.82,7.0,0.0,0,1,0.0,0.0,0.0,0.0,0.0,0,0.0,0.0,0.0,0.0,0.0,0.094,0.0,0.27559999999999996,0.0,0.2274,0.0,0.403,0.5173402868318122,16.64745774,191.37455730000002,10.962363825293354,186.36100842
14_RT,1,Q1,Animal,Fox,7.0,28.0,2.0,4,2,0,0,17,0,1,0.0,0.0,0,0,5.0,0.2,0.0,0,0,0.2,0.0,0.0,0.0,0.9776,0.7424,0.0,0.0,3004.76,4345.45,2.2,2.5,-0.9776,-0.7424,0.187,0.094,2.4,2.04,0.19,0.042,0.00204,0.00105,0.2,0.0,0.0,0.0,1,0.98,7.0,0,348.694,457.51020408163265,0.0,0.031,0.0,0.0,0.459,0.0,0.0,0.0,0.0,0.0,0.561,0.0,0.0,0.0,0.15,0.0,0.0,0.0,0.0,0.0,1.0,1.0,External_Hazard,Not_Applicable,0.0,0,-0.2,0,-0.2,0.0,-0.2352,0.0,1340.6899999999996,0.2999999999999998,0.2352,-0.093,-0.3599999999999999,-0.148,-0.00099,-0.2,0.0,108.81620408163263,0.031,0.0,-0.459,0.0,0.0,-0.561,0.0,-0.15,0.0,0.0,0.2023673469387754,0.0,0.0,0.0,0.0,0.0,0.0,0.0,0.0,0.0,0.0,0.0,0.0,0.0,0.0,0.0,0.0,0.0,0.0,0.0,0.0,0.0,0.0,0.0,0.0,0.0,0.0,0.0,0.0,0.0,0.0,0.0,0.0,0.0,0.0,0.0,0.0,0.0,0.0,0.0,0.0,0.0,0.0,0.0,0,1,0.0,0.0,0.0,0.0,0.0,0,0.0,0.0,0.0918,0.0,0.0,0.11220000000000001,0.0,0.03,0.0,0.0,0.0,0.766,0.9683673469387756,25.999322028,224.04091512000002,34.112875836734695,324.0054429
14_RT,1,Q3,Sign,FrogS,1.0,28.0,2.0,4,2,0,0,17,0,1,0.0,0.0,0,0,5.0,0.0,0.0,0,0,0.0,0.0,0.0,0.0,1.0,0.9976,0.0,0.0,2857.8,3071.16,2.1,2.4,1.0,0.9976,0.156,0.131,1.2,1.47,0.314,0.449,0.0,1e-05,0.4,0.588,4.7,37.5,0,3.402,1.0,1,140.628,253.0099941211052,0.0,0.1,1.308,0.432,0.0,0.0,0.0,0.0,0.0,0.0,0.0,0.0,0.0,0.0,0.038,0.04,0.0,0.0,0.0,0.0,1.0,1.0,External_Hazard,Not_Applicable,0.0,0,0.0,0,0.0,0.0,-0.0023999999999999,0.0,213.35999999999967,0.2999999999999998,-0.0023999999999999,-0.0249999999999999,0.27,0.135,1e-05,0.1879999999999999,32.8,112.38199412110524,0.1,-0.8760000000000001,0.0,0.0,0.0,0.0,0.0,0.002,0.0,0.0,0.1010636096413873,0.0,0.0,0.0,5.0,0.4,0.0,0.0,0.0,0.888,0.0,0.0,0.0,0.0,0.0,0.0,0.2,0.0,0.8603,0.0,3996.6,1.8,0.0036,0.152,0.0,0.0,0.038,0.466,0.0,0.0,0.0,0.0,0.0,6.0,1.2,862.76,0.283,0.82039,0.6,28.5,1.0,1.717,7.0,0.0,0,1,0.0,0.0,0.0,0.0,0.0,0,0.0,0.2616,0.0,0.0,0.0,0.0,0.0,0.0076,0.0,0.0,0.0,0.7308,0.8318636096413874,10.485504936,213.08328360000002,18.864931181657845,228.99183192
15_RT,1,Q1,Animal,Fox,7.0,4.0,0.0,3,4,0,0,77,0,1,0.0,0.0,0,0,5.0,0.2,0.0,0,0,0.2,0.0,0.0,0.0,0.7621,0.8309,0.0,0.0,2007.61,3225.49,2.3,3.4,-0.7621,-0.8309,0.184,0.186,2.0,0.51,0.607,0.024,0.02748,0.00888,0.0,0.0,0.0,0.0,1,1.98,7.0,0,182.646,94.489898989899,0.388,0.912,0.0,0.0,0.062,0.0,0.0,0.0,0.0,0.0,0.0,0.0,0.0,0.0,1.537,0.0,0.0,0.0,0.0,0.0,1.0,1.0,External_Hazard,Not_Applicable,0.0,0,-0.2,0,-0.2,0.0,0.0687999999999999,0.0,1217.88,1.1,-0.0687999999999999,0.002,-1.49,-0.583,-0.0186,0.0,0.0,-88.15610101010103,0.524,0.0,-0.062,0.0,0.0,0.0,0.0,-1.537,0.0,0.0,-0.0632060606060606,0.0,0.0,0.0,0.0,0.0,0.0,0.0,0.0,0.0,0.0,0.0,0.0,0.0,0.0,0.0,0.0,0.0,0.0,0.0,0.0,0.0,0.0,0.0,0.0,0.0,0.0,0.0,0.0,0.0,0.0,0.0,0.0,0.0,0.0,0.0,0.0,0.0,0.0,0.0,0.0,0.0,0.0,0.0,0,1,0.0,0.0,0.0,0.0,0.0,0,0.0776,0.0,0.0124,0.0,0.0,0.0,0.0,0.3074,0.0,0.0,0.0,0.6026,0.5393939393939394,13.618451052,149.69141682,7.04535584848485,240.49898538
15_RT,1,Q3,Sign,FrogS,2.0,4.0,0.0,3,4,0,0,77,0,1,0.0,0.0,0,0,5.0,0.4,0.0,0,0,0.2,0.0,0.0,0.0,0.9162,0.9708,0.0,0.0,2287.14,2917.75,2.6,2.6,0.9162,0.9708,0.169,0.16,1.4,1.21,0.891,0.702,0.04605,0.00352,0.4,0.202,32.1,22.9,0,4.96,2.0,1,134.93,235.2298387096774,0.0,0.271,0.148,0.643,0.0,0.0,0.0,0.0,0.0,0.0,0.072,0.12,0.0,0.0,0.331,0.0,0.0,0.0,0.0,0.0,1.0,1.0,External_Hazard,Not_Applicable,0.0,0,-0.4,0,-0.2,0.0,0.0545999999999999,0.0,630.6100000000001,0.0,0.0545999999999999,-0.009,-0.1899999999999999,-0.189,-0.04253,-0.198,-9.200000000000005,100.2998387096774,0.271,0.495,0.0,0.0,0.0,0.048,0.0,-0.331,0.0,0.0,-0.0982677419354837,0.0,0.0,0.0,5.0,0.4,1.131,0.0,0.292,0.0,0.0,0.0,0.0,0.0,0.0,0.0,0.2,0.0,0.9383,0.0,2287.14,2.6,0.9383,0.168,0.242,0.0,0.331,0.0,0.072,0.0,0.0,0.0,0.0,7.0,1.4,674.65,0.89,0.02695,0.4,32.1,1.0,1.584,7.0,0.0,0,1,0.0,0.0,0.0,0.0,0.0,0,0.0,0.029599999999999998,0.0,0.0,0.0,0.0144,0.0,0.06620000000000001,0.0,0.0,0.0,0.8897999999999999,0.7915322580645162,10.06065066,170.53373267999999,17.539207233870968,217.5532755
16_RT,1,Q1,Animal,Fox,7.0,8.0,20.0,2,1,2,0,28,1,0,0.0,0.0,0,0,5.0,0.4,0.0,0,0,0.2,0.0,0.0,0.0,0.611,0.8443,0.0,0.0,3204.65,0.0,2.3,1.6,-0.611,-0.8443,0.261,0.162,1.8,0.0,0.959,0.003,0.09758,4e-05,0.2,0.0,29.1,0.0,1,0.772,7.0,0,295.508,0.0,0.36,0.598,0.0,0.0,0.136,0.0,0.0,0.0,0.0,0.0,0.038,0.0,0.0,0.0,0.178,0.0,0.0,0.0,0.0,0.0,1.0,1.0,External_Hazard,Not_Applicable,0.0,0,-0.4,0,-0.2,0.0,0.2333,0.0,-3204.65,-0.6999999999999997,-0.2333,-0.099,-1.8,-0.956,-0.09754,-0.2,-29.1,-295.508,0.238,0.0,-0.136,0.0,0.0,-0.038,0.0,-0.178,0.0,0.0,-0.6322113989637306,0.0,0.0,0.0,0.0,0.0,0.0,0.0,0.0,0.0,0.0,0.0,0.0,0.0,0.0,0.0,0.0,0.0,0.0,0.0,0.0,0.0,0.0,0.0,0.0,0.0,0.0,0.0,0.0,0.0,0.0,0.0,0.0,0.0,0.0,0.0,0.0,0.0,0.0,0.0,0.0,0.0,0.0,0.0,0,1,0.0,0.0,0.0,0.0,0.0,0,0.072,0.0,0.027200000000000002,0.0,0.0,0.0076,0.0,0.0356,0.0,0.0,0.0,0.8576,0.2253886010362694,22.033667496,238.94511330000003,0.0,0.0
16_RT,1,Q3,Sign,FrogS,1.0,8.0,20.0,2,1,2,0,28,1,0,0.0,0.0,0,0,5.0,0.4,0.0,0,0,0.0,0.0,0.0,0.0,0.9474,0.8755,0.0,0.0,2349.86,3073.17,2.7,2.5,0.9474,0.8755,0.185,0.137,1.6,2.26,0.382,0.243,0.00279,0.0225,0.4,0.501,9.3,34.3,0,3.991,1.0,1,145.352,332.02956652468055,0.0,0.0,0.093,0.1,0.0,0.0,0.0,0.0,0.0,0.0,0.0,0.0,0.0,0.0,0.0,0.0,0.0,0.0,0.0,0.0,1.0,1.0,External_Hazard,Not_Applicable,0.0,0,-0.4,0,0.0,0.0,-0.0719,0.0,723.31,-0.2000000000000001,-0.0719,-0.0479999999999999,0.6599999999999997,-0.139,0.01971,0.1009999999999999,24.999999999999996,186.67756652468057,0.0,0.007,0.0,0.0,0.0,0.0,0.0,0.0,0.0,0.0,-0.0064563768479078,0.0,0.0,0.0,5.0,0.4,0.0,0.0,0.0,0.0,0.0,0.0,0.0,0.0,0.0,0.0,0.2,0.0,0.8966,0.0,2008.7,2.8,0.8966,0.18,0.0,0.0,0.0,0.0,0.0,0.0,0.0,0.0,0.0,7.0,1.4,470.73,0.385,0.02111,0.4,17.1,1.0,0.586,6.0,0.0,0,1,0.0,0.0,0.0,0.0,0.0,0,0.0,0.0186,0.0,0.0,0.0,0.0,0.0,0.0,0.0,0.0,0.0,0.9814,0.9749436231520922,10.837735824000001,175.21026132000003,24.756788539213233,229.14170154
17_RT,1,Q1,Animal,Fox,7.0,29.0,0.0,4,5,0,0,42,1,0,0.0,0.0,0,0,5.0,0.0,0.0,0,0,0.0,0.0,0.0,0.0,0.0428,0.0365,0.0,0.0,2690.39,3739.13,0.0,0.0,-0.0428,-0.0365,0.0,0.007,1.4,1.11,0.0,0.0,0.0,3e-05,0.0,0.0,100.0,92.5,1,2.7,7.0,1,189.994,441.44444444444446,0.589,0.643,0.0,0.0,0.0,0.0,0.0,0.0,0.0,0.0,0.0,0.0,0.0,0.0,0.0,0.445,0.259,0.0,0.0,0.0,1.0,1.0,External_Hazard,Not_Applicable,0.0,0,0.0,0,0.0,0.0,-0.0063,0.0,1048.7400000000002,0.0,0.0063,0.007,-0.2899999999999998,0.0,3e-05,0.0,-7.5,251.45044444444449,0.054,0.0,0.0,0.0,0.0,0.0,0.0,0.445,-0.259,0.0,-0.233362962962963,0.0,0.0,0.0,0.0,0.0,0.0,0.0,0.0,0.0,0.0,0.0,0.0,0.0,0.0,0.0,0.0,0.0,0.0,0.0,0.0,0.0,0.0,0.0,0.0,0.0,0.0,0.0,0.0,0.0,0.0,0.0,0.0,0.0,0.0,0.0,0.0,0.0,0.0,0.0,0.0,0.0,0.0,0.0,0,1,0.0,0.0,0.0,0.0,0.0,0,0.11779999999999999,0.0,0.0,0.0,0.0,0.0,0.0,0.0,0.0518,0.0,0.0,0.8304,0.597037037037037,14.166332628000001,200.60085918,32.91498066666667,278.79701106000005
17_RT,1,Q3,Sign,FrogS,6.0,29.0,0.0,4,5,0,0,42,1,0,0.0,0.0,0,0,5.0,0.2,0.45,0,0,0.2,0.0,0.0,0.0,0.8958,0.8168,0.0,0.0,3107.45,2131.56,2.1,2.0,0.8958,0.8168,0.143,0.104,2.4,2.25,0.26,0.006,0.02235,0.00345,0.0,0.0,0.0,0.0,1,2.22,6.0,0,312.86,319.65315315315314,0.0,0.441,0.402,0.04,0.031,0.0,0.0,0.0,0.0,0.0,1.448,0.064,0.104,0.0,0.105,0.033,0.0,0.0,0.0,0.0,0.9792,1.0,External_Hazard,Not_Applicable,0.0,0,0.25,0,-0.2,0.0,-0.079,0.0,-975.89,-0.1,-0.079,-0.0389999999999999,-0.1499999999999999,-0.254,-0.0189,0.0,0.0,6.793153153153128,0.441,-0.362,-0.031,0.0,0.0,-1.384,-0.104,-0.072,0.0,0.0,0.1576396396396396,0.0,0.0,0.0,5.0,0.0,0.0,0.0,0.0,2.014,0.0,0.0,0.0,0.0,0.0,0.0,0.0,0.0,0.9631,0.0,2427.2,1.3,-0.9631,0.1,0.0,0.0,0.136,0.588,0.166,0.0,0.0,0.0,0.0,10.0,2.0,1069.33,0.021,0.00592,0.0,0.0,1.0,0.6,6.0,0.0,0,1,0.0,0.0,0.0,0.0,0.0,0,0.0,0.0804,0.0062,0.0,0.0,0.28959999999999997,0.0208,0.020999999999999998,0.0,0.0,0.0,0.582,0.7396396396396396,23.327467320000004,231.6976869,23.833978405405407,158.93337672
18_RT,1,Q1,Animal,Fox,7.0,2.0,5.0,1,1,0,0,66,0,1,0.0,0.0,0,0,5.0,0.2,0.0,0,0,0.2,0.0,0.0,0.0,0.8938,1.0,0.0,0.0,2188.85,0.0,1.8,1.7,-0.8938,-1.0,0.15,0.0,1.6,0.0,0.431,0.038,0.02465,0.0,0.2,0.0,9.7,100.0,1,0.7,7.0,0,145.106,0.0,0.284,0.237,0.0,0.0,0.0,0.0,0.0,0.0,0.0,0.0,0.0,0.0,0.325,0.0,0.0,0.0,0.0,0.0,0.0,0.0,0.935,1.0,External_Hazard,Not_Applicable,0.0,0,-0.2,0,-0.2,0.0,0.1061999999999999,0.0,-2188.85,-0.1,-0.1061999999999999,-0.15,-1.6,-0.393,-0.02465,-0.2,90.3,-145.106,-0.0469999999999999,0.0,0.0,0.0,0.0,0.0,-0.325,0.0,0.0,0.0,-0.2167714285714285,0.0,0.0,0.0,0.0,0.0,0.0,0.0,0.0,0.0,0.0,0.0,0.0,0.0,0.0,0.0,0.0,0.0,0.0,0.0,0.0,0.0,0.0,0.0,0.0,0.0,0.0,0.0,0.0,0.0,0.0,0.0,0.0,0.0,0.0,0.0,0.0,0.0,0.0,0.0,0.0,0.0,0.0,0.0,1,1,0.0,0.0,0.0,0.0,0.0,0,0.056799999999999996,0.0,0.0,0.0,0.0,0.0,0.065,0.0,0.0,0.0,0.0,0.8782,0.6614285714285715,10.819393572,163.2050337,0.0,0.0
18_RT,1,Q3,Sign,FrogS,3.0,2.0,5.0,1,1,0,0,66,0,1,0.0,0.0,0,0,5.0,0.0,0.327,0,0,0.0,0.0,0.0,0.0,0.968,0.6693,0.0,0.0,2720.73,3992.61,1.9,1.1,0.968,0.6693,0.118,0.076,1.6,0.98,0.227,0.006,0.00311,0.02877,0.0,0.0,17.1,24.6,1,3.061,3.0,0,362.294,258.4580202548187,0.0,0.21,0.376,0.836,0.0,0.194,0.0,0.0,0.0,0.0,0.0,0.0,0.238,0.432,0.0,0.0,0.0,0.0,0.0,0.0,0.9524,0.8588696504410324,External_Hazard,Not_Applicable,0.0,0,0.327,0,0.0,0.0,-0.2986999999999999,0.0,1271.88,-0.7999999999999998,-0.2986999999999999,-0.0419999999999999,-0.6200000000000001,-0.221,0.02566,0.0,7.5,-103.8359797451813,0.21,0.4599999999999999,0.194,0.0,0.0,0.0,0.194,0.0,0.0,0.0,-0.4234267232930414,0.0,0.0,0.0,5.0,0.0,0.0,0.0,0.14,0.696,0.0,0.0,0.0,0.0,0.707,0.0,0.0,0.0,0.9987,0.0,2456.41,1.3,-0.9987,0.094,0.0,0.0,0.238,0.032,0.0,0.0,0.0,0.0,0.726,12.0,2.4,1366.71,0.031,1e-05,0.0,0.0,1.0,1.1,7.0,0.0,0,1,0.0,0.0,0.0,0.0,0.0,0,0.0,0.0752,0.0,0.0,0.0,0.0,0.047599999999999996,0.0,0.0,0.0,0.0,0.8772,0.4537732767069585,27.013365228,202.86307026,19.271146906239792,297.69698682
19_RT,1,Q1,Animal,Fox,7.0,25.0,0.0,4,4,0,0,3,1,0,0.0,0.0,0,0,5.0,0.0,0.0,0,0,0.0,0.0,0.0,0.0,1.0,1.0,0.0,0.0,2592.86,1213.75,1.0,1.9,-1.0,-1.0,0.14,0.092,2.4,0.57,0.582,0.048,0.0,0.0,0.2,0.0,13.4,18.7,1,1.763,7.0,0,254.824,16.90300623936472,0.0,0.098,0.0,0.0,0.0,0.0,0.0,0.0,0.0,0.0,0.0,0.0,0.342,0.0,0.568,0.0,0.0,0.0,0.274,0.0,0.9316,1.0,External_Hazard,Not_Applicable,0.0,0,0.0,0,0.0,0.0,0.0,0.0,-1379.11,0.8999999999999999,0.0,-0.048,-1.83,-0.5339999999999999,0.0,-0.2,5.299999999999999,-237.92099376063527,0.098,0.0,0.0,0.0,0.0,0.0,-0.342,-0.568,0.0,-0.274,0.181212932501418,0.0,0.0,0.0,0.0,0.0,0.0,0.0,0.0,0.0,0.0,0.0,0.0,0.0,0.0,0.0,0.0,0.0,0.0,0.0,0.0,0.0,0.0,0.0,0.0,0.0,0.0,0.0,0.0,0.0,0.0,0.0,0.0,0.0,0.0,0.0,0.0,0.0,0.0,0.0,0.0,0.0,0.0,0.0,0,1,0.0,0.0,0.0,0.0,0.0,0,0.0,0.0,0.0,0.0,0.0,0.0,0.0684,0.11359999999999999,0.0,0.0548,0.0,0.7632,0.944412932501418,19.000187088,193.32882732000002,1.2603219512195125,90.4996275
19_RT,1,Q3,Sign,FrogS,7.0,25.0,0.0,4,4,0,0,3,1,0,0.0,0.0,0,0,5.0,0.0,0.0,0,0,0.0,0.0,0.0,0.0,1.0,1.0,0.0,0.0,2774.08,1237.87,1.6,1.9,1.0,1.0,0.096,0.111,1.6,0.53,0.258,0.006,0.0,0.0,0.0,0.0,14.7,0.0,1,1.88,7.0,0,197.2,16.085106382978722,0.0,1.083,0.249,0.598,0.101,0.0,0.0,0.0,0.0,0.0,0.0,0.0,0.0,0.0,0.238,0.0,0.0,0.0,0.0,0.0,1.0,1.0,External_Hazard,Not_Applicable,0.0,0,0.0,0,0.0,0.0,0.0,0.0,-1536.21,0.2999999999999998,0.0,0.015,-1.07,-0.252,0.0,0.0,-14.7,-181.11489361702127,1.083,0.349,-0.101,0.0,0.0,0.0,0.0,-0.238,0.0,0.0,-0.7765489361702128,0.0,0.0,0.0,5.0,0.0,0.0,0.0,0.0,0.507,0.0,0.0,0.0,0.0,0.0,0.0,0.0,0.0,0.949,0.0,2149.87,1.1,-0.949,0.089,0.0,0.0,0.0,0.34,0.0,0.0,0.0,0.0,0.0,9.0,1.8,721.05,0.086,0.00907,0.0,9.0,1.0,1.211,7.0,0.0,0,1,0.0,0.0,0.0,0.0,0.0,0,0.0,0.0498,0.020200000000000003,0.0,0.0,0.0,0.0,0.047599999999999996,0.0,0.0,0.0,0.8824,0.1058510638297871,14.7036264,206.84095296,1.1993377021276594,92.29806294
20_RT,1,Q1,Animal,Fox,1.0,2.0,15.0,1,2,6,0,64,0,1,0.0,0.0,0,0,5.0,0.2,0.0,0,0,0.2,0.0,0.0,0.0,0.6844,0.9795,0.0,0.0,3156.52,3185.82,2.7,1.5,-0.6787,-0.9795,0.336,0.098,1.4,2.49,1.749,0.707,0.17271,0.00123,0.4,0.249,0.0,10.2,0,4.01,1.0,1,202.614,389.51620947630926,0.0,0.0,0.0,0.0,2.14,1.138,0.0,0.0,0.0,0.0,0.0,0.0,0.0,0.086,0.4,0.032,0.0,0.0,0.0,0.0,1.0,0.9785536159600997,External_Hazard,Not_Applicable,0.0,0,-0.2,0,-0.2,0.0,0.2951,0.0,29.300000000000185,-1.2000000000000002,-0.3008,-0.238,1.0900000000000003,-1.0420000000000005,-0.17148,-0.151,10.2,186.90220947630925,0.0,0.0,-1.0020000000000002,0.0,0.0,0.0,0.086,-0.368,0.0,0.0,0.1947830423940149,0.0,0.0,0.0,0.0,0.0,0.0,0.0,0.0,0.0,0.0,0.0,0.0,0.0,0.0,0.0,0.0,0.0,0.0,0.0,0.0,0.0,0.0,0.0,0.0,0.0,0.0,0.0,0.0,0.0,0.0,0.0,0.0,0.0,0.0,0.0,0.0,0.0,0.0,0.0,0.0,0.0,0.0,0.0,0,1,0.0,0.0,0.0,0.0,0.0,0,0.0,0.0,0.42800000000000005,0.0,0.0,0.0,0.0,0.08,0.0,0.0,0.0,0.492,0.6867830423940149,15.107305068,235.35644424,29.043107610972573,237.54111084000002
20_RT,1,Q3,Sign,FrogS,2.0,2.0,15.0,1,2,6,0,64,0,1,0.0,0.0,0,0,5.0,0.4,0.313,0,0,0.2,0.313,0.0,0.0,0.9153,0.8154,0.0,0.0,2199.07,1525.64,2.4,1.2,0.9153,0.8154,0.151,0.032,1.8,0.63,0.448,0.286,0.04461,0.00476,0.4,0.0,1.2,74.7,1,3.19,2.0,0,161.79000000000002,26.808777429467085,0.0,1.035,0.832,0.564,1.02,0.0,0.0,0.0,0.0,0.0,0.0,0.0,0.0,0.0,0.311,0.0,0.0,0.0,0.0,0.0,1.0,1.0,External_Hazard,Not_Applicable,0.0,0,-0.087,0,0.1129999999999999,0.0,-0.0998999999999999,0.0,-673.4300000000001,-1.2,-0.0998999999999999,-0.119,-1.17,-0.162,-0.03985,-0.4,73.5,-134.98122257053294,1.035,-0.268,-1.02,0.0,0.0,0.0,0.0,-0.311,0.0,0.0,-0.0686539184952977,0.0,0.0,0.0,5.0,0.4,0.0,0.0,0.188,0.328,0.0,0.0,0.0,0.0,0.984,0.0,0.2,0.0,0.8581,0.0,2320.92,2.1,0.1906,0.156,0.0,0.0,0.036,0.0,0.0,0.0,0.0,0.0,0.795,12.0,2.4,1179.93,0.247,0.77886,0.0,0.0,1.0,1.44,7.0,0.0,0,1,0.0,0.0,0.0,0.0,0.0,0,0.0,0.1664,0.20400000000000001,0.0,0.0,0.0,0.0,0.0622,0.0,0.0,0.0,0.5674,0.4987460815047023,12.063385980000001,163.96705734000003,1.9989160626959248,113.75476968000001
21_RT,1,Q3,Sign,FrogS,7.0,35.0,0.0,5,3,0,0,69,1,0,0.0,0.0,0,0,5.0,0.0,0.0,1,0,0.0,0.0,0.0,0.0,1.0,1.0,0.0,0.0,1834.3,2067.83,2.2,2.5,1.0,1.0,0.133,0.101,1.4,1.48,0.051,0.02,0.0,0.0,0.0,0.0,0.0,0.0,0,1.347,7.0,1,89.24600000000001,167.9138827023014,0.703,0.0,0.271,0.0,0.0,0.0,0.0,0.0,0.0,0.0,0.0,0.0,0.0,0.0,0.0,0.0,0.0,0.0,0.0,0.0,1.0,1.0,External_Hazard,Not_Applicable,0.0,0,0.0,-1,0.0,0.0,0.0,0.0,233.52999999999997,0.2999999999999998,0.0,-0.032,0.08,-0.0309999999999999,0.0,0.0,0.0,78.6678827023014,-0.703,-0.271,0.0,0.0,0.0,0.0,0.0,0.0,0.0,0.0,0.1948,0.0,0.0,0.0,0.0,0.0,0.0,0.0,0.0,0.0,0.0,0.0,0.0,0.0,0.0,0.0,0.0,0.0,0.0,0.0,0.0,0.0,0.0,0.0,0.0,0.0,0.0,0.0,0.0,0.0,0.0,0.0,0.0,0.0,0.0,0.0,0.0,0.0,0.0,0.0,0.0,0.0,0.0,0.0,0,1,0.0,0.0,0.0,0.0,0.0,0,0.1406,0.054200000000000005,0.0,0.0,0.0,0.0,0.0,0.0,0.0,0.0,0.0,0.8051999999999999,1.0,6.654360252000001,136.7690766,12.519994922048998,154.18154046
22_RT,1,Q1,Animal,Fox,7.0,11.0,0.0,2,4,3,0,75,1,0,0.0,0.0,0,0,5.0,0.2,0.0,0,0,0.2,0.0,0.0,0.0,0.9467,0.8864,0.0,0.0,3127.48,0.0,1.8,2.4,-0.9467,-0.8864,0.127,0.11,3.2,0.0,0.1,0.0,0.01221,0.0,0.0,0.0,0.0,0.0,1,0.28,7.0,0,509.804,0.0,0.0,0.09,0.0,0.0,1.455,0.0,0.0,0.0,0.234,0.0,0.0,0.0,0.064,0.0,0.305,0.0,0.0,0.0,0.0,0.0,0.9404,1.0,External_Hazard,Not_Applicable,0.0,0,-0.2,0,-0.2,0.0,-0.0603,0.0,-3127.48,0.5999999999999999,0.0603,-0.017,-3.2,-0.1,-0.01221,0.0,0.0,-509.804,0.09,0.0,-1.455,0.0,-0.234,0.0,-0.064,-0.305,0.0,0.0,0.0901714285714286,0.0,0.0,0.0,0.0,0.0,0.0,0.0,0.0,0.0,0.0,0.0,0.0,0.0,0.0,0.0,0.0,0.0,0.0,0.0,0.0,0.0,0.0,0.0,0.0,0.0,0.0,0.0,0.0,0.0,0.0,0.0,0.0,0.0,0.0,0.0,0.0,0.0,0.0,0.0,0.0,0.0,0.0,0.0,0,1,0.0,0.0,0.0,0.0,0.0,0,0.0,0.0,0.29100000000000004,0.0,0.0468,0.0,0.0128,0.061,0.0,0.0,0.0,0.5883999999999999,0.6785714285714286,38.012005848,233.19116376000002,0.0,0.0
22_RT,1,Q3,Sign,FrogS,6.0,11.0,0.0,2,4,3,0,75,1,0,0.0,0.0,0,0,5.0,0.0,0.0,0,0,0.0,0.0,0.0,0.0,0.9642,0.546,0.0,0.0,3454.34,6156.03,1.9,1.5,0.9642,0.546,0.122,0.093,2.2,0.5,0.081,0.011,0.00463,3e-05,0.0,0.0,0.0,0.0,1,1.985,6.0,0,275.488,18.594458438287152,0.279,1.224,0.948,0.0,0.202,0.0,0.0,0.0,0.0,0.0,0.066,0.0,0.0,0.0,0.0,0.069,0.0,0.0,0.0,0.0,1.0,1.0,External_Hazard,Not_Applicable,0.0,0,0.0,0,0.0,0.0,-0.4181999999999999,0.0,2701.6899999999996,-0.3999999999999999,-0.4181999999999999,-0.0289999999999999,-1.7000000000000002,-0.07,-0.0046,0.0,0.0,-256.8935415617128,0.945,-0.948,-0.202,0.0,0.0,-0.066,0.0,0.069,0.0,0.0,-0.3523853904282115,0.0,0.0,0.0,5.0,0.2,0.0,0.0,0.0,0.408,0.0,0.0,0.0,0.0,0.738,0.0,0.0,0.0,0.8521,0.0,2872.06,1.6,-0.2955,0.119,0.0,0.0,0.077,0.096,0.0,0.0,0.0,0.0,0.835,9.0,1.8,977.26,0.154,0.71799,0.0,4.5,1.0,0.92,7.0,0.0,0,1,0.0,0.0,0.0,0.0,0.0,0,0.0558,0.1896,0.040400000000000005,0.0,0.0,0.0132,0.0,0.0,0.0,0.0,0.0,0.701,0.3486146095717884,20.540936256000002,257.56249908,1.3864400100755667,459.00590886
23_RT,1,Q1,Animal,Fox,3.0,4.0,0.0,2,1,0,0,59,1,0,0.0,0.0,0,0,5.0,0.2,0.0,0,0,0.0,0.0,0.0,0.0,0.9936,1.0,0.0,0.0,3192.32,1351.79,1.9,2.0,-0.9936,-1.0,0.117,0.134,2.0,1.38,0.408,0.035,0.00038,0.0,0.4,0.0,33.5,18.8,1,2.171,3.0,0,326.07800000000003,60.156609857208664,0.0,0.42,0.0,0.0,0.397,0.0,0.0,0.0,0.0,0.0,0.0,0.0,0.0,0.0,0.11,0.0,0.0,0.0,0.0,0.0,1.0,1.0,External_Hazard,Not_Applicable,0.0,0,-0.2,0,0.0,0.0,0.0063999999999999,0.0,-1840.53,0.1,-0.0063999999999999,0.017,-0.6200000000000001,-0.373,-0.00038,-0.4,-14.7,-265.9213901427914,0.42,0.0,-0.397,0.0,0.0,0.0,0.0,-0.11,0.0,0.0,-0.092059235375403,0.0,0.0,0.0,0.0,0.0,0.0,0.0,0.0,0.0,0.0,0.0,0.0,0.0,0.0,0.0,0.0,0.0,0.0,0.0,0.0,0.0,0.0,0.0,0.0,0.0,0.0,0.0,0.0,0.0,0.0,0.0,0.0,0.0,0.0,0.0,0.0,0.0,0.0,0.0,0.0,0.0,0.0,0.0,0,1,0.0,0.0,0.0,0.0,0.0,0,0.0,0.0,0.0794,0.0,0.0,0.0,0.0,0.022,0.0,0.0,0.0,0.8986000000000001,0.806540764624597,24.313027836000003,238.02576384000002,4.485397144173192,100.79216598000001
23_RT,1,Q3,Sign,FrogS,2.0,4.0,0.0,2,1,0,0,59,1,0,0.0,0.0,0,0,5.0,0.2,0.0,0,0,0.2,0.0,0.0,0.0,0.912,0.8736,0.0,0.0,1896.99,3166.78,2.2,2.3,0.912,0.8736,0.178,0.106,1.4,1.62,0.531,0.197,0.02757,0.01879,0.4,0.404,37.0,51.9,1,2.476,2.0,0,86.652,279.9798061389338,0.0,0.821,0.431,0.704,0.0,0.0,0.0,0.0,0.0,0.0,0.0,0.0,0.0,0.0,0.0,0.0,0.0,0.0,0.0,0.0,1.0,1.0,External_Hazard,Not_Applicable,0.0,0,-0.2,0,-0.2,0.0,-0.0383999999999999,0.0,1269.7900000000002,0.0999999999999996,-0.0383999999999999,-0.072,0.2200000000000002,-0.334,-0.00878,0.004,14.9,193.3278061389338,0.821,0.2729999999999999,0.0,0.0,0.0,0.0,0.0,0.0,0.0,0.0,-0.5297127625201938,0.0,0.0,0.0,5.0,0.2,0.0,0.0,0.236,1.855,0.0,0.0,0.0,0.0,0.0,0.0,0.0,0.0,0.7991,0.0,2712.05,2.1,-0.6728,0.126,0.0,0.0,0.302,1.297,0.0,0.0,0.037,0.0,0.0,9.0,1.8,1055.05,0.427,0.28318,0.4,46.9,1.0,1.446,5.0,0.0,0,1,0.0,0.0,0.0,0.0,0.0,0,0.0,0.0862,0.0,0.0,0.0,0.0,0.0,0.0,0.0,0.0,0.0,0.9138,0.3840872374798061,6.460946424,141.44336838,20.87585430533118,236.12145036
24_RT,1,Q1,Animal,Fox,5.0,3.0,3.0,1,1,1,0,77,1,0,36.0,17.56,0,0,5.0,0.4,0.293,0,0,0.2,0.293,0.0,0.0,0.8946,0.7149,0.0,0.0,3073.55,2547.5,2.3,1.7,-0.8946,-0.7149,0.135,0.128,2.0,0.88,0.107,0.028,0.03933,0.04341,0.0,0.0,0.0,0.0,0,3.417,5.0,1,222.42800000000005,197.09686859818555,0.062,1.043,0.0,0.0,0.069,0.0,0.0,0.0,0.0,0.0,0.0,0.0,0.0,0.0,0.225,0.0,0.0,0.0,0.036,0.072,1.0,1.0,External_Hazard,Not_Applicable,-18.44,0,-0.107,0,0.0929999999999999,0.0,-0.1796999999999999,0.0,-526.0500000000002,-0.5999999999999999,0.1796999999999999,-0.007,-1.12,-0.079,0.00408,0.0,0.0,-25.33113140181447,0.981,0.0,-0.069,0.0,0.0,0.0,0.0,-0.225,0.0,0.036,-0.2479096283289436,0.0,0.0,0.0,0.0,0.0,0.0,0.0,0.0,0.0,0.0,0.0,0.0,0.0,0.0,0.0,0.0,0.0,0.0,0.0,0.0,0.0,0.0,0.0,0.0,0.0,0.0,0.0,0.0,0.0,0.0,0.0,0.0,0.0,0.0,0.0,0.0,0.0,0.0,0.0,0.0,0.0,0.0,0.0,0,1,0.0,0.0,0.0,0.0,0.0,0,0.0124,0.0,0.013800000000000002,0.0,0.0,0.0,0.0,0.045,0.0,0.0072,0.0,0.9216,0.6736903716710564,16.584676536000003,229.17003510000004,14.695936716417911,189.946695
24_RT,1,Q3,Sign,FrogS,2.0,3.0,3.0,1,1,1,0,77,1,0,12.0,12.45,0,0,5.0,0.0,0.415,0,0,0.0,0.207,0.0,0.0,1.0,0.4507,0.0,0.0,2311.67,3299.06,1.9,1.5,1.0,0.4507,0.147,0.126,1.0,0.83,0.066,0.387,0.0,0.09515,0.2,0.207,0.0,31.7,0,4.82,2.0,1,32.198,105.61203319502074,0.037,0.032,0.562,2.002,0.0,0.0,0.0,0.0,0.0,0.0,0.076,0.0,0.0,0.0,0.0,0.0,0.0,0.0,0.0,0.0,1.0,1.0,External_Hazard,Not_Applicable,0.4499999999999993,0,0.415,0,0.207,0.0,-0.5493,0.0,987.39,-0.3999999999999999,-0.5493,-0.0209999999999999,-0.17,0.321,0.09515,0.0069999999999999,31.7,73.41403319502075,-0.0049999999999999,1.4399999999999995,0.0,0.0,0.0,-0.076,0.0,0.0,0.0,0.0,-0.2869917012448132,2.0,24.0,0.0,5.0,0.4,0.0,0.0,0.0,0.0,0.0,0.122,0.0,0.488,0.172,0.0,0.2,0.0,0.8617,0.0,3403.19,1.0,0.6208,0.01,0.0,0.0,0.066,0.0,0.318,0.168,0.0,0.286,0.225,8.0,1.6,1215.91,1.397,0.4297,0.0,87.8,1.0,1.4,5.0,0.0,1,1,0.0,0.0,0.0,0.0,0.0,0,0.0073999999999999995,0.11240000000000001,0.0,0.0,0.0,0.0152,0.0,0.0,0.0,0.0,0.0,0.865,0.5780082987551868,2.400747276,172.36273854,7.874644419087137,245.98451172
25_RT,1,Q1,Animal,Fox,4.0,47.0,0.0,5,3,0,0,60,0,1,0.0,0.0,0,0,5.0,0.2,0.0,0,0,0.2,0.0,0.0,0.0,0.6605,0.7412,0.0,0.0,1836.09,2338.52,1.9,2.8,-0.6605,-0.7412,0.152,0.213,0.2,0.81,0.491,0.123,0.14761,0.00713,0.4,0.0,17.0,0.0,1,1.228,4.0,0,10.078,62.61400651465798,0.0,0.332,0.0,0.0,0.0,0.0,0.0,0.0,0.0,0.0,0.0,0.0,0.0,0.0,0.0,0.0,0.0,0.0,0.0,0.0,1.0,1.0,External_Hazard,Not_Applicable,0.0,0,-0.2,0,-0.2,0.0,0.0807,0.0,502.43000000000006,0.8999999999999999,-0.0807,0.061,0.6100000000000001,-0.368,-0.14048,-0.4,-17.0,52.536006514657984,0.332,0.0,0.0,0.0,0.0,0.0,0.0,0.0,0.0,0.0,-0.2703583061889251,0.0,0.0,0.0,0.0,0.0,0.0,0.0,0.0,0.0,0.0,0.0,0.0,0.0,0.0,0.0,0.0,0.0,0.0,0.0,0.0,0.0,0.0,0.0,0.0,0.0,0.0,0.0,0.0,0.0,0.0,0.0,0.0,0.0,0.0,0.0,0.0,0.0,0.0,0.0,0.0,0.0,0.0,0.0,0,1,0.0,0.0,0.0,0.0,0.0,0,0.0,0.0,0.0,0.0,0.0,0.0,0.0,0.0,0.0,0.0,0.0,1.0,0.7296416938110749,0.751435836,136.90254258,4.668625553745929,174.36472824
25_RT,1,Q3,Sign,FrogS,6.0,47.0,0.0,5,3,0,0,60,0,1,0.0,0.0,0,0,5.0,0.2,0.698,0,0,0.2,0.698,0.0,0.0,0.8531,0.6425,0.0,0.0,1738.88,3232.98,2.8,4.0,0.34,0.6425,0.202,0.141,1.6,0.7,0.227,0.027,0.69018,0.00524,0.2,0.0,0.0,14.7,1,1.433,6.0,0,104.646,87.17376133984648,0.0,0.39,0.0,0.093,0.157,0.0,0.067,0.0,0.0,0.0,0.0,0.0,0.0,0.0,0.0,0.0,0.0,0.0,0.0,0.0,1.0,1.0,External_Hazard,Not_Applicable,0.0,0,0.4979999999999999,0,0.4979999999999999,0.0,-0.2106,0.0,1494.1,1.2000000000000002,0.3024999999999999,-0.061,-0.9000000000000001,-0.2,-0.68494,-0.2,14.7,-17.472238660153522,0.39,0.093,-0.157,-0.067,0.0,0.0,0.0,0.0,0.0,0.0,-0.2922551290997905,0.0,0.0,0.0,5.0,0.2,0.0,0.0,0.0,2.228,0.0,0.0,0.0,0.0,0.0,0.0,0.2,0.0,0.8464,0.0,1421.47,2.9,0.4656,0.208,0.0,0.0,0.0,0.067,0.0,0.0,0.0,0.0,0.0,7.0,1.4,271.43,0.306,0.5757,0.2,0.0,1.0,1.696,7.0,0.0,0,1,0.0,0.0,0.0,0.0,0.0,0,0.0,0.0,0.0314,0.0134,0.0,0.0,0.0,0.0,0.0,0.0,0.0,0.9552,0.6629448709002094,7.802615052,129.65437056000002,6.499849993021633,241.05745476
26_RT,1,Q1,Animal,Fox,5.0,6.0,9.0,1,1,0,0,61,0,1,0.0,0.0,0,0,5.0,0.2,0.0,0,0,0.2,0.0,0.0,0.0,0.5338,0.5292,0.0,0.0,2868.21,2039.09,2.7,4.1,-0.5338,-0.5292,0.617,0.07,2.0,2.29,2.435,0.168,0.14142,0.00069,0.4,0.0,1.3,4.2,1,0.875,5.0,0,246.756,112.14857142857144,0.601,0.074,0.0,0.0,0.0,0.0,0.0,0.0,0.0,0.0,0.0,0.0,0.0,0.0,0.398,0.0,0.0,0.266,0.0,0.0,1.0,1.0,External_Hazard,Not_Applicable,0.0,0,-0.2,0,-0.2,0.0,-0.0046,0.0,-829.1200000000001,1.3999999999999997,0.0046,-0.5469999999999999,0.29,-2.267,-0.14073,-0.4,2.9000000000000004,-134.60742857142856,-0.527,0.0,0.0,0.0,0.0,0.0,0.0,-0.398,0.266,0.0,-0.1887714285714287,0.0,0.0,0.0,0.0,0.0,0.0,0.0,0.0,0.0,0.0,0.0,0.0,0.0,0.0,0.0,0.0,0.0,0.0,0.0,0.0,0.0,0.0,0.0,0.0,0.0,0.0,0.0,0.0,0.0,0.0,0.0,0.0,0.0,0.0,0.0,0.0,0.0,0.0,0.0,0.0,0.0,0.0,0.0,0,1,0.0,0.0,0.0,0.0,0.0,0,0.1202,0.0,0.0,0.0,0.0,0.0,0.0,0.0796,0.0,0.0,0.0,0.8002,0.6114285714285713,18.398620872000002,213.85947402000002,8.362021782857145,152.03862858
26_RT,1,Q3,Sign,FrogS,3.0,6.0,9.0,1,1,0,0,61,0,1,0.0,0.0,0,0,5.0,0.4,0.447,0,0,0.2,0.0,0.0,0.0,0.8631,0.8776,0.0,0.0,2977.47,3180.28,2.0,3.6,0.2085,0.8776,0.242,0.072,2.0,0.45,0.6,0.341,0.77897,0.00156,0.4,0.447,23.4,56.6,1,2.239,3.0,0,246.44,60.719071013845465,0.016,2.164,0.689,0.0,0.192,0.0,0.0,0.0,0.0,0.0,0.0,0.0,0.0,0.0,0.037,0.0,0.0,0.0,0.0,0.0,1.0,1.0,External_Hazard,Not_Applicable,0.0,0,0.0469999999999999,0,-0.2,0.0,0.0145,0.0,202.8100000000004,1.6,0.6691,-0.1699999999999999,-1.55,-0.2589999999999999,-0.77741,0.0469999999999999,33.2,-185.72092898615455,2.148,-0.689,-0.192,0.0,0.0,0.0,0.0,-0.037,0.0,0.0,-0.779702903081733,0.0,0.0,0.0,5.0,0.2,0.0,0.0,0.0,0.0,0.0,0.0,0.0,0.0,0.168,0.0,0.0,0.0,0.8458,0.0,2569.09,1.5,-0.4766,0.122,0.0,0.0,0.037,0.0,0.0,0.0,0.0,0.0,0.192,10.0,2.0,926.01,0.49,0.56243,0.4,45.5,1.0,1.365,4.0,0.0,1,1,0.0,0.0,0.0,0.0,0.0,0,0.0032,0.13779999999999998,0.038400000000000004,0.0,0.0,0.0,0.0,0.0073999999999999995,0.0,0.0,0.0,0.8131999999999999,0.0334970969182669,18.375059280000002,222.00611813999998,4.5273353729343455,237.12803736000004
27_RT,1,Q1,Animal,Fox,7.0,12.0,20.0,2,3,5,0,28,0,1,0.0,0.0,0,0,5.0,0.2,0.0,0,0,0.2,0.0,0.0,0.0,0.809,0.8016,0.0,0.0,1491.97,0.0,1.8,2.2,-0.809,-0.8016,0.127,0.11,1.2,0.0,0.128,0.003,0.07166,0.00303,0.0,0.0,0.0,0.0,1,1.042,7.0,0,46.528,0.0,0.982,1.042,0.0,0.0,0.0,0.0,0.0,0.0,0.0,0.0,0.0,0.0,0.0,0.0,0.0,0.0,0.0,0.0,0.0,0.0,1.0,1.0,External_Hazard,Not_Applicable,0.0,0,-0.2,0,-0.2,0.0,-0.0074,0.0,-1491.97,0.4000000000000001,0.0074,-0.017,-1.2,-0.125,-0.06863,0.0,0.0,-46.528,0.06,0.0,0.0,0.0,0.0,0.0,0.0,0.0,0.0,0.0,-0.8036,0.0,0.0,0.0,0.0,0.0,0.0,0.0,0.0,0.0,0.0,0.0,0.0,0.0,0.0,0.0,0.0,0.0,0.0,0.0,0.0,0.0,0.0,0.0,0.0,0.0,0.0,0.0,0.0,0.0,0.0,0.0,0.0,0.0,0.0,0.0,0.0,0.0,0.0,0.0,0.0,0.0,0.0,0.0,0,1,0.0,0.0,0.0,0.0,0.0,0,0.1964,0.0,0.0,0.0,0.0,0.0,0.0,0.0,0.0,0.0,0.0,0.8036,0.0,3.469220736,111.24426714,0.0,0.0
27_RT,1,Q3,Sign,FrogS,2.0,12.0,20.0,2,3,5,0,28,0,1,0.0,0.0,0,0,5.0,0.2,0.0,0,0,0.0,0.0,0.0,0.0,0.803,0.6459,0.0,0.0,1548.89,0.0,1.5,1.6,0.803,0.6459,0.109,0.093,0.4,0.0,0.004,0.007,0.01404,0.00528,0.0,0.0,0.0,0.0,1,3.384,2.0,0,21.178,0.0,0.0,0.5,0.993,0.425,0.0,0.0,0.0,0.0,0.0,0.0,0.0,0.0,0.0,0.0,0.0,0.0,0.0,0.0,0.0,0.0,1.0,1.0,External_Hazard,Not_Applicable,0.0,0,-0.2,0,0.0,0.0,-0.1571,0.0,-1548.89,0.1,-0.1571,-0.016,-0.4,0.003,-0.00876,0.0,0.0,-21.178,0.5,-0.5680000000000001,0.0,0.0,0.0,0.0,0.0,0.0,0.0,0.0,-0.0747451536643025,0.0,0.0,0.0,5.0,0.0,0.0,0.0,0.236,0.0,0.0,0.0,0.0,0.0,0.236,0.0,0.0,0.0,0.9469,0.0,2502.45,1.3,-0.9469,0.104,0.0,0.0,0.037,0.0,0.0,0.0,0.0,0.0,0.201,9.0,1.8,963.64,0.006,0.0109,0.0,0.0,1.0,1.561,7.0,0.0,0,1,0.0,0.0,0.0,0.0,0.0,0,0.0,0.1986,0.0,0.0,0.0,0.0,0.0,0.0,0.0,0.0,0.0,0.8013999999999999,0.7266548463356973,1.5790740360000002,115.48833618000002,0.0,0.0
28_RT,1,Q1,Animal,Fox,6.0,5.0,0.0,1,4,0,0,30,0,1,0.0,0.0,0,0,5.0,0.2,0.0,0,0,0.2,0.0,0.0,0.0,0.8328,0.6297,0.0,0.0,3345.29,1097.12,2.1,2.7,-0.8328,-0.6297,0.168,0.145,2.0,0.9,0.396,0.002,0.03068,0.00342,0.0,0.0,0.0,0.0,1,1.117,6.0,0,316.73400000000004,19.131602506714415,0.0,0.24,0.0,0.0,0.922,0.0,0.0,0.0,0.0,0.0,0.0,0.0,0.0,0.0,1.022,0.0,0.0,0.0,0.0,0.0,1.0,1.0,External_Hazard,Not_Applicable,0.0,0,-0.2,0,-0.2,0.0,-0.2030999999999999,0.0,-2248.17,0.6000000000000001,0.2030999999999999,-0.023,-1.1,-0.394,-0.02726,0.0,0.0,-297.6023974932856,0.24,0.0,-0.922,0.0,0.0,0.0,0.0,-1.022,0.0,0.0,0.1739387645478961,0.0,0.0,0.0,0.0,0.0,0.0,0.0,0.0,0.0,0.0,0.0,0.0,0.0,0.0,0.0,0.0,0.0,0.0,0.0,0.0,0.0,0.0,0.0,0.0,0.0,0.0,0.0,0.0,0.0,0.0,0.0,0.0,0.0,0.0,0.0,0.0,0.0,0.0,0.0,0.0,0.0,0.0,0.0,0,1,0.0,0.0,0.0,0.0,0.0,0,0.0,0.0,0.1844,0.0,0.0,0.0,0.0,0.2044,0.0,0.0,0.0,0.6112,0.7851387645478961,23.616320508000005,249.43151298,1.4264905461056403,81.80346143999999
28_RT,1,Q3,Sign,FrogS,6.0,5.0,0.0,1,4,0,0,30,0,1,0.0,0.0,0,0,5.0,0.2,0.0,0,0,0.2,0.0,0.0,0.0,0.9056,0.757,0.0,0.0,2406.21,3772.1,2.3,2.7,0.9056,0.757,0.145,0.139,1.6,0.58,0.015,0.003,0.01991,0.02724,0.0,0.0,0.0,0.0,1,1.712,6.0,0,167.946,96.23247663551402,0.843,1.357,0.639,0.0,0.322,0.0,0.0,0.0,0.0,0.0,0.0,0.0,0.0,0.0,0.101,0.0,0.0,0.0,0.0,0.0,1.0,1.0,External_Hazard,Not_Applicable,0.0,0,-0.2,0,-0.2,0.0,-0.1485999999999999,0.0,1365.89,0.4000000000000003,-0.1485999999999999,-0.0059999999999999,-1.02,-0.012,0.00733,0.0,0.0,-71.71352336448598,0.514,-0.639,-0.322,0.0,0.0,0.0,0.0,-0.101,0.0,0.0,-0.4116401869158879,0.0,0.0,0.0,5.0,0.2,0.0,0.0,0.688,0.0,0.0,0.0,0.0,0.0,0.632,0.0,0.2,0.0,0.8292,0.0,2892.63,2.3,0.2798,0.143,0.0,0.0,0.368,0.0,0.0,0.0,0.0,0.0,0.437,11.0,2.2,1379.05,0.019,0.6935,0.0,0.0,1.0,1.32,7.0,0.0,0,1,0.0,0.0,0.0,0.0,0.0,0,0.1686,0.1278,0.0644,0.0,0.0,0.0,0.0,0.020200000000000003,0.0,0.0,0.0,0.619,0.2073598130841121,12.522389652000001,179.41183002,7.175285922897197,281.2553202
29_RT,1,Q1,Animal,Fox,7.0,26.5,0.0,3,4,0,0,86,0,1,0.0,0.0,0,0,5.0,0.2,0.492,0,0,0.2,0.492,0.0,0.0,0.9142,0.6563,0.0,0.0,2775.23,1889.8,1.7,1.4,-0.9142,-0.6563,0.151,0.033,1.6,1.97,0.62,0.289,0.03326,0.00536,0.0,0.0,7.6,78.2,1,2.032,7.0,0,201.406,140.65944881889763,0.0,0.41,0.0,0.0,0.901,0.0,0.0,0.0,0.0,0.0,0.0,0.0,0.0,0.0,0.453,0.0,0.0,0.0,0.038,0.0,1.0,1.0,External_Hazard,Not_Applicable,0.0,0,0.292,0,0.292,0.0,-0.2579,0.0,-885.4300000000001,-0.3,0.2579,-0.118,0.3699999999999999,-0.331,-0.0278999999999999,0.0,70.60000000000001,-60.746551181102376,0.41,0.0,-0.901,0.0,0.0,0.0,0.0,-0.453,0.0,-0.038,0.076628346456693,0.0,0.0,0.0,0.0,0.0,0.0,0.0,0.0,0.0,0.0,0.0,0.0,0.0,0.0,0.0,0.0,0.0,0.0,0.0,0.0,0.0,0.0,0.0,0.0,0.0,0.0,0.0,0.0,0.0,0.0,0.0,0.0,0.0,0.0,0.0,0.0,0.0,0.0,0.0,0.0,0.0,0.0,0.0,0,1,0.0,0.0,0.0,0.0,0.0,0,0.0,0.0,0.1802,0.0,0.0,0.0,0.0,0.0906,0.0,0.0076,0.0,0.7215999999999999,0.7982283464566929,15.017234172,206.92669926000002,10.487849822834646,140.9072676
29_RT,1,Q3,Sign,FrogS,5.0,26.5,0.0,3,4,0,0,86,0,1,0.0,0.0,0,0,5.0,0.2,0.0,0,0,0.2,0.0,0.0,0.0,0.9142,0.6657,0.0,0.0,2399.47,1830.14,2.0,2.8,0.9142,0.6657,0.155,0.13,1.8,1.83,0.921,0.009,0.02007,0.0708,0.4,0.0,5.3,0.0,1,1.643,5.0,0,192.516,102.11199026171636,0.0,0.119,0.0,0.395,0.752,0.0,0.0,0.0,0.0,0.0,0.0,0.0,0.0,0.0,0.045,0.0,0.0,0.0,0.0,0.0,1.0,1.0,External_Hazard,Not_Applicable,0.0,0,-0.2,0,-0.2,0.0,-0.2485,0.0,-569.3299999999997,0.7999999999999998,-0.2485,-0.0249999999999999,0.03,-0.912,0.05073,-0.4,-5.3,-90.40400973828363,0.119,0.395,-0.752,0.0,0.0,0.0,0.0,-0.045,0.0,0.0,-0.1534423615337796,0.0,0.0,0.0,5.0,0.2,0.0,0.0,0.0,0.0,0.0,0.0,0.0,0.0,0.663,0.0,0.2,0.0,0.8673,0.0,2257.57,1.7,0.4038,0.131,0.0,0.0,0.045,0.0,0.0,0.0,0.0,0.0,0.79,11.0,2.2,1087.23,0.518,0.66311,0.4,20.4,1.0,1.595,7.0,0.0,1,1,0.0,0.0,0.0,0.0,0.0,0,0.0,0.0,0.1504,0.0,0.0,0.0,0.0,0.009,0.0,0.0,0.0,0.8406,0.6871576384662204,14.354377992,178.90928214,7.613674217894095,136.45889868
30_RT,1,Q1,Animal,Fox,5.0,43.0,0.0,5,2,0,0,50,1,0,48.0,18.02,0,0,5.0,0.2,0.0,0,0,0.2,0.0,0.0,0.0,0.8621,1.0,0.0,0.0,3890.51,3180.75,1.6,1.7,-0.8621,-1.0,0.152,0.107,2.0,1.5,0.104,0.031,0.03697,0.0,0.2,0.0,5.1,0.0,1,3.329,5.0,0,309.252,187.92730549714628,0.0,0.171,0.0,0.0,0.0,0.0,0.0,0.0,0.0,0.0,0.0,0.0,0.0,0.0,0.04,0.0,0.0,0.032,0.191,0.0,1.0,1.0,External_Hazard,Not_Applicable,-29.98,0,-0.2,0,-0.2,0.0,0.1379,0.0,-709.7600000000002,0.0999999999999998,-0.1379,-0.045,-0.5,-0.073,-0.03697,-0.2,-5.1,-121.32469450285372,0.171,0.0,0.0,0.0,0.0,0.0,0.0,-0.04,0.032,-0.191,-0.0147792730549713,0.0,0.0,0.0,0.0,0.0,0.0,0.0,0.0,0.0,0.0,0.0,0.0,0.0,0.0,0.0,0.0,0.0,0.0,0.0,0.0,0.0,0.0,0.0,0.0,0.0,0.0,0.0,0.0,0.0,0.0,0.0,0.0,0.0,0.0,0.0,0.0,0.0,0.0,0.0,0.0,0.0,0.0,0.0,0,1,0.0,0.0,0.0,0.0,0.0,0,0.0,0.0,0.0,0.0,0.0,0.0,0.0,0.008,0.0,0.0382,0.0,0.9538,0.9390207269450286,23.058447624000003,290.08420662000003,14.01223575247822,237.1630815
30_RT,1,Q3,Sign,FrogS,7.0,43.0,0.0,5,2,0,0,50,1,0,72.0,0.0,0,0,5.0,0.2,0.0,0,0,0.2,0.0,0.0,0.0,0.9393,1.0,0.0,0.0,3287.69,1192.88,1.7,1.5,0.9393,1.0,0.123,0.0,2.6,0.44,0.257,0.194,0.01064,0.0,0.4,0.0,32.6,100.0,1,2.264,7.0,0,303.544,17.23498233215548,0.0,1.238,0.37,0.465,0.176,0.0,0.0,0.0,0.0,0.0,1.167,0.0,0.0,0.0,0.238,0.0,0.0,0.0,0.0,0.0,1.0,1.0,External_Hazard,Not_Applicable,-72.0,0,-0.2,0,-0.2,0.0,0.0606999999999999,0.0,-2094.81,-0.1999999999999999,0.0606999999999999,-0.123,-2.16,-0.063,-0.01064,-0.4,67.4,-286.3090176678445,1.238,0.095,-0.176,0.0,0.0,-1.167,0.0,-0.238,0.0,0.0,-0.3620084805653711,5.0,60.0,0.0,5.0,0.2,0.0,0.0,0.0,0.0,2.004,0.0,0.0,0.0,0.0,0.0,0.2,0.0,0.8152,0.0,3033.32,1.2,0.8152,0.117,0.0,0.0,0.069,0.0,1.285,0.0,0.0,0.0,0.176,12.0,2.4,1075.86,0.453,0.03472,0.4,36.9,1.0,6.605,2.0,1.0,0,1,0.0,0.0,0.0,0.0,0.0,0,0.0,0.074,0.035199999999999995,0.0,0.0,0.2334,0.0,0.047599999999999996,0.0,0.0,0.0,0.6098,0.2477915194346288,22.632847727999998,245.13674178000002,1.285074752650177,88.94351856000002
31_RT,1,Q1,Animal,Fox,5.0,1.67,12.0,1,4,3,0,42,0,1,0.0,0.0,0,0,5.0,0.2,0.239,0,0,0.2,0.239,0.0,0.0,0.7596,0.5984,0.0,0.0,2720.76,1340.44,1.9,1.4,-0.7596,-0.5984,0.145,0.09,1.4,0.24,0.071,0.212,0.10099,0.08483,0.0,0.0,0.0,27.8,1,4.18,5.0,0,186.25,7.593301435406699,0.0,1.607,0.0,0.0,0.555,0.0,0.0,0.0,0.0,0.0,0.0,0.0,0.0,0.0,0.036,0.0,0.033,1.327,0.0,0.0,1.0,1.0,External_Hazard,Not_Applicable,0.0,0,0.0389999999999999,0,0.0389999999999999,0.0,-0.1612,0.0,-1380.3200000000002,-0.5,0.1612,-0.0549999999999999,-1.16,0.141,-0.0161599999999999,0.0,27.8,-178.6566985645933,1.607,0.0,-0.555,0.0,0.0,0.0,0.0,-0.036,1.294,0.0,-0.577113875598086,0.0,0.0,0.0,0.0,0.0,0.0,0.0,0.0,0.0,0.0,0.0,0.0,0.0,0.0,0.0,0.0,0.0,0.0,0.0,0.0,0.0,0.0,0.0,0.0,0.0,0.0,0.0,0.0,0.0,0.0,0.0,0.0,0.0,0.0,0.0,0.0,0.0,0.0,0.0,0.0,0.0,0.0,0.0,0,1,0.0,0.0,0.0,0.0,0.0,0,0.0,0.0,0.11100000000000002,0.0,0.0,0.0,0.0,0.0072,0.0066,0.0,0.0,0.8751999999999999,0.2980861244019138,13.8871725,202.86530712,0.5661717416267944,99.94588728000001
31_RT,1,Q3,Sign,FrogS,6.0,1.67,12.0,1,4,3,0,42,0,1,0.0,0.0,0,0,5.0,0.4,0.0,1,0,0.2,0.0,0.0,0.0,0.9462,0.981,0.0,0.0,2954.56,1290.47,2.5,1.8,0.9462,0.981,0.136,0.069,2.2,0.6,0.264,0.067,0.01757,0.00018,0.0,0.0,6.0,42.5,1,1.654,6.0,0,335.236,22.24304715840387,0.224,0.764,0.248,0.185,0.097,0.0,0.0,0.0,0.0,0.0,0.0,0.0,0.0,0.0,0.068,0.0,0.0,0.0,0.238,0.0,1.0,1.0,External_Hazard,Not_Applicable,0.0,0,-0.4,-1,-0.2,0.0,0.0347999999999999,0.0,-1664.09,-0.7,0.0347999999999999,-0.067,-1.6,-0.197,-0.01739,0.0,36.5,-312.9929528415961,0.54,-0.063,-0.097,0.0,0.0,0.0,0.0,-0.068,0.0,-0.238,-0.3987605804111245,0.0,0.0,0.0,5.0,0.2,0.0,0.0,0.228,0.896,0.0,0.0,0.0,0.0,0.964,0.0,0.0,0.0,0.7923,0.0,2627.44,2.1,-0.7175,0.14,0.0,0.0,0.166,0.0,0.0,0.0,0.0,0.0,0.928,9.0,1.8,1123.33,0.05,0.22215,0.0,0.0,1.0,0.82,5.0,0.0,0,1,0.0,0.0,0.0,0.0,0.0,0,0.0448,0.0496,0.0194,0.0,0.0,0.0,0.0,0.013600000000000001,0.0,0.047599999999999996,0.0,0.825,0.4262394195888754,24.995866632000002,220.29790272,1.6584860822249092,96.22002414
32_RT,1,Q1,Animal,Fox,5.0,18.0,20.0,3,1,2,0,74,1,0,12.0,30.15,0,0,5.0,0.2,0.0,0,0,0.2,0.0,0.0,0.0,0.6016,0.8214,0.0,0.0,2473.74,2467.96,2.0,0.8,-0.6008,-0.8214,0.188,0.01,1.8,1.01,1.103,0.159,0.15127,0.00994,0.2,0.0,29.7,87.6,1,1.99,5.0,1,187.478,74.62311557788945,0.0,0.968,0.0,0.0,0.032,0.0,0.0,0.0,0.0,0.0,0.0,0.0,0.0,0.0,0.654,0.0,0.0,0.0,0.0,0.0,1.0,1.0,External_Hazard,Not_Applicable,18.15,0,-0.2,0,-0.2,0.0,0.2198,0.0,-5.779999999999745,-1.2,-0.2206,-0.178,-0.79,-0.944,-0.1413299999999999,-0.2,57.89999999999999,-112.85488442211056,0.968,0.0,-0.032,0.0,0.0,0.0,0.0,-0.654,0.0,0.0,-0.3492321608040201,0.0,0.0,0.0,0.0,0.0,0.0,0.0,0.0,0.0,0.0,0.0,0.0,0.0,0.0,0.0,0.0,0.0,0.0,0.0,0.0,0.0,0.0,0.0,0.0,0.0,0.0,0.0,0.0,0.0,0.0,0.0,0.0,0.0,0.0,0.0,0.0,0.0,0.0,0.0,0.0,0.0,0.0,0.0,0,1,0.0,0.0,0.0,0.0,0.0,0,0.0,0.0,0.0064,0.0,0.0,0.0,0.0,0.1308,0.0,0.0,0.0,0.8628,0.5135678391959799,13.978734636,184.44700188,5.564048743718593,184.01603352
32_RT,1,Q3,Sign,FrogS,3.0,18.0,20.0,3,1,2,0,74,1,0,12.0,9.49,0,0,5.0,0.2,0.0,0,0,0.2,0.0,0.0,0.0,0.8966,0.9989,0.0,0.0,3719.33,2383.1,1.6,0.9,0.8966,0.9989,0.092,0.0,2.2,1.74,0.496,0.383,0.03096,1e-05,0.2,0.0,54.4,100.0,1,6.32,3.0,1,433.152,132.87025316455697,0.0,1.66,0.526,1.245,0.0,0.0,0.0,0.0,0.0,0.0,0.0,0.0,0.0,0.0,0.033,0.036,0.0,0.0,0.0,0.0,1.0,1.0,External_Hazard,Not_Applicable,-2.51,0,-0.2,0,-0.2,0.0,0.1023,0.0,-1336.23,-0.7000000000000001,0.1023,-0.092,-0.4600000000000002,-0.1129999999999999,-0.03095,-0.2,45.6,-300.2817468354431,1.66,0.7190000000000001,0.0,0.0,0.0,0.0,0.0,0.0029999999999999,0.0,0.0,-0.3535481012658227,1.0,12.0,0.0,5.0,0.0,0.959,0.0,0.0,0.0,0.0,0.0,0.0,0.0,0.0,0.0,0.0,0.0,0.9981,0.0,2626.39,1.6,0.9981,0.084,1.77,0.0,0.033,0.0,0.0,0.0,0.0,0.0,0.0,7.0,1.4,703.88,0.451,1e-05,0.4,54.4,0.0,4.59,1.0,1.0,0,1,0.0,0.0,0.0,0.0,0.0,0,0.0,0.1052,0.0,0.0,0.0,0.0,0.0,0.0066,0.0,0.0,0.0,0.8882,0.5346518987341773,32.296679424,277.32068346,9.907071816455698,177.6887022
33_RT,1,Q1,Animal,Fox,6.0,6.0,1.0,3,3,2,0,100,0,1,0.0,0.0,0,0,5.0,0.2,0.0,0,0,0.2,0.0,0.0,0.0,0.5305,0.6552,0.0,0.0,2737.19,2100.07,1.8,3.7,-0.5239,-0.6552,0.262,0.1,2.2,0.58,2.12,0.32,0.19434,0.01988,0.2,0.578,3.3,25.0,1,1.73,6.0,0,292.08000000000004,31.907514450867055,0.0,0.007,0.0,0.0,0.0,0.0,0.0,0.0,0.0,0.0,0.0,0.0,0.075,0.0,0.0,0.0,0.0,0.0,0.0,0.0,0.985,1.0,External_Hazard,Not_Applicable,0.0,0,-0.2,0,-0.2,0.0,0.1247,0.0,-637.1199999999999,1.9,-0.1312999999999999,-0.162,-1.62,-1.8,-0.17446,0.3779999999999999,21.7,-260.172485549133,0.007,0.0,0.0,0.0,0.0,0.0,-0.075,0.0,0.0,0.0,0.0109537572254335,0.0,0.0,0.0,0.0,0.0,0.0,0.0,0.0,0.0,0.0,0.0,0.0,0.0,0.0,0.0,0.0,0.0,0.0,0.0,0.0,0.0,0.0,0.0,0.0,0.0,0.0,0.0,0.0,0.0,0.0,0.0,0.0,0.0,0.0,0.0,0.0,0.0,0.0,0.0,0.0,0.0,0.0,0.0,0,1,0.0,0.0,0.0,0.0,0.0,0,0.0,0.0,0.0,0.0,0.0,0.0,0.015,0.0,0.0,0.0,0.0,0.985,0.9959537572254336,21.778068960000002,204.09036078000003,2.3790880924855493,156.58541934000002
33_RT,1,Q3,Sign,FrogS,1.0,6.0,1.0,3,3,2,0,100,0,1,24.0,20.34,0,0,5.0,0.2,0.0,1,0,0.2,0.0,0.0,0.0,0.9872,1.0,0.0,0.0,2852.04,1564.89,2.2,2.3,0.9872,1.0,0.136,0.101,1.8,1.02,0.401,0.197,0.0016,0.0,0.6,0.339,29.5,34.6,0,2.949,1.0,1,359.306,63.26551373346897,0.0,0.102,0.0,0.233,0.0,0.0,0.0,0.0,0.0,0.0,0.0,0.0,0.0,0.0,0.304,0.0,0.0,0.0,0.0,0.0,1.0,1.0,External_Hazard,Not_Applicable,-3.66,0,-0.2,-1,-0.2,0.0,0.0128,0.0,-1287.15,0.0999999999999996,0.0128,-0.035,-0.78,-0.204,-0.0016,-0.2609999999999999,5.100000000000001,-296.040486266531,0.102,0.233,0.0,0.0,0.0,0.0,0.0,-0.304,0.0,0.0,-0.0527978297728042,1.0,12.0,0.0,5.0,0.4,0.0,0.0,0.0,0.247,0.0,0.0,0.0,0.0,0.0,0.0,0.2,0.0,0.8602,0.0,2936.17,2.1,0.0709,0.198,0.0,0.0,0.0,0.82,0.0,0.0,0.0,0.0,0.0,3.0,0.6,628.23,0.398,0.81462,0.4,22.1,1.0,3.68,4.0,0.0,0,1,0.0,0.0,0.0,0.0,0.0,0,0.0,0.0,0.0,0.0,0.0,0.0,0.0,0.0608,0.0,0.0,0.0,0.9392,0.8864021702271957,26.790573972,212.65380648000001,4.717203234994914,116.68132818000001
34_RT,1,Q1,Animal,Fox,5.0,27.0,5.0,3,4,1,0,71,1,0,24.0,0.0,0,0,5.0,0.2,0.343,0,0,0.2,0.0,0.0,0.0,0.529,0.8002,0.0,0.0,2277.38,1737.53,1.6,2.6,-0.529,-0.8002,0.188,0.052,1.8,2.75,1.367,0.647,0.11638,0.00343,0.0,0.343,0.0,63.1,1,2.912,5.0,0,106.768,146.77884615384616,0.0,0.194,0.0,0.0,0.0,0.0,0.0,0.0,0.0,0.0,0.0,0.0,0.075,0.0,0.311,0.0,0.0,0.04,0.238,0.0,0.985,1.0,External_Hazard,Not_Applicable,-24.0,0,0.143,0,-0.2,0.0,0.2712,0.0,-539.8500000000001,1.0,-0.2712,-0.136,0.95,-0.72,-0.11295,0.343,63.1,40.01084615384616,0.194,0.0,0.0,0.0,0.0,0.0,-0.075,-0.311,0.04,-0.238,0.044442857142857,0.0,0.0,0.0,0.0,0.0,0.0,0.0,0.0,0.0,0.0,0.0,0.0,0.0,0.0,0.0,0.0,0.0,0.0,0.0,0.0,0.0,0.0,0.0,0.0,0.0,0.0,0.0,0.0,0.0,0.0,0.0,0.0,0.0,0.0,0.0,0.0,0.0,0.0,0.0,0.0,0.0,0.0,0.0,0,1,0.0,0.0,0.0,0.0,0.0,0,0.0,0.0,0.0,0.0,0.0,0.0,0.015,0.0622,0.0,0.047599999999999996,0.0,0.8752000000000001,0.9196428571428572,7.960835616000001,169.80600756,10.944124326923077,129.55371186
34_RT,1,Q3,Sign,FrogS,2.0,27.0,5.0,3,4,1,0,71,1,0,72.0,49.59,0,0,5.0,0.4,0.0,1,0,0.2,0.0,0.0,0.0,0.8699,1.0,0.0,0.0,2675.44,2508.76,2.0,1.4,0.8604,1.0,0.171,0.019,2.4,2.48,1.042,0.642,0.09718,0.0,0.4,0.0,32.1,81.0,1,4.84,2.0,0,191.748,244.0103305785124,0.0,0.406,0.0,0.0,0.266,0.0,0.0,0.0,0.0,0.0,0.376,0.0,0.0,0.0,0.398,0.109,0.0,0.0,0.04,0.0,1.0,1.0,External_Hazard,Not_Applicable,-22.409999999999997,0,-0.4,-1,-0.2,0.0,0.1301,0.0,-166.67999999999984,-0.6000000000000001,0.1395999999999999,-0.152,0.08,-0.4,-0.09718,-0.4,48.9,52.262330578512405,0.406,0.0,-0.266,0.0,0.0,-0.376,0.0,-0.289,0.0,-0.04,0.1095950413223141,6.0,72.0,0.0,5.0,0.4,0.0,0.0,0.456,0.0,0.0,0.0,0.0,0.0,0.112,0.0,0.2,0.0,0.8299,0.0,2589.48,1.9,0.6632,0.155,0.0,0.0,0.398,0.0,0.376,0.0,0.0,0.04,0.266,12.0,2.4,893.9,0.789,0.33175,0.2,38.9,1.0,2.082,6.0,0.0,0,1,0.0,0.0,0.0,0.0,0.0,0,0.0,0.0,0.053200000000000004,0.0,0.0,0.0752,0.0,0.0796,0.0,0.008,0.0,0.784,0.8935950413223142,14.297114376,199.48615728000001,18.193898268595042,187.05816312000002
35_RT,1,Q1,Animal,Fox,7.0,36.0,5.0,5,4,1,0,77,0,1,0.0,0.0,0,0,5.0,0.2,0.0,0,0,0.2,0.0,0.0,0.0,0.9166,0.9813,0.0,0.0,1606.45,0.0,1.5,1.5,-0.9166,-0.9813,0.128,0.003,1.2,0.0,0.063,0.015,0.01408,0.00015,0.4,0.0,20.5,100.0,1,1.428,7.0,0,63.416,0.0,0.0,0.207,0.0,0.0,0.0,0.0,0.0,0.0,0.0,0.0,0.0,0.0,0.0,0.0,0.0,0.0,0.0,0.033,0.239,0.0,1.0,1.0,External_Hazard,Not_Applicable,0.0,0,-0.2,0,-0.2,0.0,0.0646999999999999,0.0,-1606.45,0.0,-0.0646999999999999,-0.125,-1.2,-0.048,-0.01393,-0.4,79.5,-63.416,0.207,0.0,0.0,0.0,0.0,0.0,0.0,0.0,0.033,-0.239,-0.1202672268907563,0.0,0.0,0.0,0.0,0.0,0.0,0.0,0.0,0.0,0.0,0.0,0.0,0.0,0.0,0.0,0.0,0.0,0.0,0.0,0.0,0.0,0.0,0.0,0.0,0.0,0.0,0.0,0.0,0.0,0.0,0.0,0.0,0.0,0.0,0.0,0.0,0.0,0.0,0.0,0.0,0.0,0.0,0.0,0,1,0.0,0.0,0.0,0.0,0.0,0,0.0,0.0,0.0,0.0,0.0,0.0,0.0,0.0,0.0,0.047799999999999995,0.0,0.9522,0.8319327731092437,4.728423792,119.7801249,0.0,0.0
35_RT,1,Q3,Sign,FrogS,7.0,36.0,5.0,5,4,1,0,77,0,1,0.0,0.0,0,0,5.0,0.0,0.0,0,0,0.0,0.0,0.0,0.0,1.0,0.9599,0.0,0.0,1919.17,0.0,1.4,1.9,1.0,0.9599,0.127,0.109,1.8,0.0,0.075,0.064,0.0,0.00175,0.6,0.432,25.9,58.6,1,2.315,7.0,0,132.902,0.0,0.0,0.976,0.173,0.838,0.0,0.0,0.0,0.0,0.0,0.0,0.0,0.0,0.0,0.0,0.0,0.0,0.0,0.0,0.0,0.0,1.0,1.0,External_Hazard,Not_Applicable,0.0,0,0.0,0,0.0,0.0,-0.0401,0.0,-1919.17,0.5,-0.0401,-0.018,-1.8,-0.0109999999999999,0.00175,-0.1679999999999999,32.7,-132.902,0.976,0.665,0.0,0.0,0.0,0.0,0.0,0.0,0.0,0.0,-0.7489853131749461,0.0,0.0,0.0,5.0,0.2,0.0,0.0,0.0,0.548,0.0,0.0,0.0,0.0,0.0,0.0,0.2,0.0,0.7513,0.0,1794.26,1.7,0.1668,0.048,0.0,0.0,0.0,0.292,0.0,0.0,0.0,0.0,0.0,7.0,1.4,466.39,0.235,0.63349,0.4,58.0,1.0,1.793,7.0,0.0,0,1,0.0,0.0,0.0,0.0,0.0,0,0.0,0.0346,0.0,0.0,0.0,0.0,0.0,0.0,0.0,0.0,0.0,0.9654,0.2164146868250539,9.909438924,143.09715354000002,0.0,0.0
36_RT,1,Q1,Animal,Fox,7.0,24.0,0.0,4,4,1,0,81,1,0,12.0,32.81,0,0,5.0,0.2,0.273,0,0,0.2,0.273,0.0,0.0,0.7277,0.7284,0.0,0.0,1780.67,2456.59,2.0,2.3,-0.7277,-0.7284,0.397,0.002,0.4,3.01,0.642,0.266,0.12783,0.04437,0.2,0.0,0.0,99.9,1,3.657,7.0,0,21.606,311.0226961990703,0.0,0.595,0.0,0.0,0.0,0.038,0.0,0.0,0.0,0.0,0.0,0.0,0.03,0.031,0.0,0.0,0.0,0.0,0.066,0.031,0.994,0.9915231063713427,External_Hazard,Not_Applicable,20.81,0,0.073,0,0.073,0.0,0.0007,0.0,675.9200000000001,0.2999999999999998,-0.0007,-0.395,2.61,-0.376,-0.08346,-0.2,99.9,289.4166961990703,0.595,0.0,0.038,0.0,0.0,0.0,0.001,0.0,0.0,-0.035,-0.1708464861908669,0.0,0.0,0.0,0.0,0.0,0.0,0.0,0.0,0.0,0.0,0.0,0.0,0.0,0.0,0.0,0.0,0.0,0.0,0.0,0.0,0.0,0.0,0.0,0.0,0.0,0.0,0.0,0.0,0.0,0.0,0.0,0.0,0.0,0.0,0.0,0.0,0.0,0.0,0.0,0.0,0.0,0.0,0.0,0,1,0.0,0.0,0.0,0.0,0.0,0,0.0,0.0,0.0,0.0,0.0,0.0,0.006,0.0,0.0,0.0132,0.0,0.9808,0.809953513809133,1.6109865720000003,132.77031654,23.190474273995083,183.16826358000003
36_RT,1,Q3,Sign,FrogS,7.0,24.0,0.0,4,4,1,0,81,1,0,24.0,11.5,0,0,5.0,0.0,0.383,0,0,0.0,0.192,0.0,0.488,1.0,0.2056,0.0,0.032,2984.49,1861.68,1.4,0.7,1.0,0.1024,0.354,0.0,2.0,3.26,0.495,0.197,0.0,0.10674,0.4,0.0,23.6,100.0,0,5.216,7.0,1,269.99,214.94056748466255,0.0,0.279,0.1,0.512,0.689,0.187,0.0,0.0,0.0,0.0,0.036,0.064,0.0,0.0,0.292,0.37,0.0,0.0,0.0,0.0,1.0,1.0,External_Hazard,Not_Applicable,-12.5,0,0.383,0,0.192,0.488,-0.7944,0.032,-1122.8099999999995,-0.7,-0.8976,-0.354,1.2599999999999998,-0.298,0.10674,-0.4,76.4,-55.04943251533743,0.279,0.412,-0.502,0.0,0.0,0.028,0.0,0.078,0.0,0.0,-0.0473055214723925,1.0,12.0,0.0,5.0,0.4,0.0,0.0,0.248,0.0,0.0,0.352,0.0,0.14,0.852,0.0,0.2,0.0,0.8352,0.0,2914.39,0.6,0.8352,0.007,0.0,0.0,0.034,0.0,0.0,0.467,0.0,0.196,0.71,18.0,3.6,3096.0,0.108,0.07642,0.0,92.8,0.0,5.064,1.0,1.0,0,1,0.0,0.0,0.0,0.0,0.0,0,0.0,0.02,0.13779999999999998,0.0,0.0,0.0072,0.0,0.058399999999999994,0.0,0.0,0.0,0.7766,0.7292944785276074,20.13099438,222.52954338,16.02639859279141,138.81058416000002
37_RT,1,Q1,Animal,Fox,6.0,39.0,43.0,5,2,4,0,75,0,1,24.0,23.43,0,0,5.0,0.2,0.39,0,0,0.2,0.0,0.0,0.0,0.6664,0.8511,0.0,0.0,1279.43,2024.13,1.9,2.6,-0.6664,-0.8511,0.24,0.072,0.8,1.95,0.56,0.085,0.13107,0.00387,0.2,0.39,0.0,46.0,1,2.561,6.0,0,26.232,155.4509957048028,0.0,0.495,0.0,0.0,0.0,0.0,0.0,0.0,0.0,0.0,0.0,0.0,0.0,0.0,0.0,0.0,0.0,0.0,0.0,0.0,1.0,1.0,External_Hazard,Not_Applicable,-0.5700000000000003,0,0.19,0,-0.2,0.0,0.1846999999999999,0.0,744.7,0.7000000000000002,-0.1846999999999999,-0.1679999999999999,1.15,-0.475,-0.1271999999999999,0.19,46.0,129.2189957048028,0.495,0.0,0.0,0.0,0.0,0.0,0.0,0.0,0.0,0.0,-0.1932838734869192,0.0,0.0,0.0,0.0,0.0,0.0,0.0,0.0,0.0,0.0,0.0,0.0,0.0,0.0,0.0,0.0,0.0,0.0,0.0,0.0,0.0,0.0,0.0,0.0,0.0,0.0,0.0,0.0,0.0,0.0,0.0,0.0,0.0,0.0,0.0,0.0,0.0,0.0,0.0,0.0,0.0,0.0,0.0,0,1,0.0,0.0,0.0,0.0,0.0,0,0.0,0.0,0.0,0.0,0.0,0.0,0.0,0.0,0.0,0.0,0.0,1.0,0.8067161265130808,1.955910384,95.39685966,11.590737141741508,150.92318106000002
37_RT,1,Q3,Sign,FrogS,3.0,39.0,43.0,5,2,4,0,75,0,1,24.0,23.61,0,0,5.0,0.2,0.0,0,0,0.2,0.0,0.0,0.0,0.8177,1.0,0.0,0.0,2069.15,2697.67,1.8,1.5,0.8177,1.0,0.126,0.063,0.6,0.98,0.112,0.231,0.06492,0.0,0.2,0.0,14.9,33.8,0,5.082,3.0,1,12.248,195.30893349075168,0.0,0.539,0.0,0.0,0.0,0.0,0.0,0.0,0.0,0.0,0.0,0.0,0.0,0.0,0.0,0.0,0.0,0.0,0.0,0.0,1.0,1.0,External_Hazard,Not_Applicable,-0.3900000000000005,0,-0.2,0,-0.2,0.0,0.1823,0.0,628.52,-0.3,0.1823,-0.063,0.38,0.119,-0.06492,-0.2,18.9,183.0609334907517,0.539,0.0,0.0,0.0,0.0,0.0,0.0,0.0,0.0,0.0,-0.1060606060606059,1.0,12.0,0.0,5.0,0.2,0.0,0.0,0.0,0.0,0.0,0.0,0.0,0.0,0.0,0.0,0.0,0.0,0.7366,0.0,2221.31,1.8,-0.0574,0.089,0.0,0.0,0.0,0.539,0.0,0.0,0.0,0.0,0.0,2.0,0.4,52.69,0.085,0.62245,0.4,41.2,1.0,2.048,6.0,0.0,0,1,0.0,0.0,0.0,0.0,0.0,0,0.0,0.0,0.0,0.0,0.0,0.0,0.0,0.0,0.0,0.0,0.0,1.0,0.893939393939394,0.913235376,154.27996230000002,14.562624698937428,201.14367054000002
01_RT,2,Q1,Name,Name1,7.0,10.0,7.0,3,4,0,1,50,0,1,12.0,0.0,0,0,5.0,0.2,0.345,0,0,0.2,0.345,0.0,0.0,0.8979,0.9627,0.0,0.0,2103.08,1947.52,2.2,1.9,0.8979,0.9627,0.194,0.346,1.6,1.72,0.929,0.282,0.0237,0.00649,0.4,0.345,38.7,33.2,1,2.9,7.0,0,100.0,118.76206896551726,0.0,0.0,0.0,0.0,0.0,0.0,0.0,0.0,0.0,0.0,0.0,0.0,0.0,0.0,0.0,0.0,0.0,0.0,0.0,0.0,1.0,1.0,Dashboard_Recall,Working_Memory,-12.0,0,0.1449999999999999,0,0.1449999999999999,0.0,0.0647999999999999,0.0,-155.55999999999997,-0.3000000000000002,0.0647999999999999,0.1519999999999999,0.1199999999999998,-0.647,-0.01721,-0.055,-5.5,18.76206896551726,0.0,0.0,0.0,0.0,0.0,0.0,0.0,0.0,0.0,0.0,0.0,0.0,0.0,0.0,0.0,0.0,0.0,0.0,0.0,0.0,0.0,0.0,0.0,0.0,0.0,0.0,0.0,0.0,0.0,0.0,0.0,0.0,0.0,0.0,0.0,0.0,0.0,0.0,0.0,0.0,0.0,0.0,0.0,0.0,0.0,0.0,0.0,0.0,0.0,0.0,0.0,0.0,0.0,0.0,0,2,0.0,0.0,0.0,0.0,0.0,0,0.0,0.0,0.0,0.0,0.0,0.0,0.0,0.0,0.0,0.0,0.0,1.0,1.0,7.4562,156.80985096,8.855137386206898,145.21098624
01_RT,2,Q2,Sign,Blind,7.0,10.0,7.0,3,4,0,1,50,0,1,0.0,0.0,0,0,5.0,0.4,0.0,0,0,0.2,0.0,0.0,0.0,0.7057,0.4261,0.0,0.0,1999.5,2735.92,3.3,3.4,0.1881,0.4261,0.268,0.135,1.2,0.89,0.687,0.194,0.55002,0.0507,0.4,0.444,36.0,47.0,1,2.25,7.0,0,93.54,102.81777777777778,0.228,0.679,0.0,0.0,0.0,0.0,0.0,0.0,0.0,0.0,0.0,0.0,0.0,0.0,0.0,0.0,0.0,0.0,0.0,0.0,1.0,1.0,External_Hazard,Not_Applicable,0.0,0,-0.4,0,-0.2,0.0,-0.2796,0.0,736.4200000000001,0.1,0.238,-0.133,-0.3099999999999999,-0.493,-0.4993199999999999,0.0439999999999999,11.0,9.277777777777786,0.451,0.0,0.0,0.0,0.0,0.0,0.0,0.0,0.0,0.0,-0.2561777777777778,0.0,0.0,0.0,5.0,0.4,0.0,0.0,0.0,0.0,0.0,0.0,0.0,0.0,0.0,0.0,0.2,0.0,0.671,0.0,2085.55,3.3,0.1627,0.258,0.0,0.378,0.0,0.0,0.0,0.0,0.0,0.0,0.0,5.0,1.0,425.31,0.685,0.5228,0.4,36.0,1.0,2.9,7.0,0.0,0,2,0.0,0.0,0.0,0.0,0.0,0,0.0456,0.0,0.0,0.0,0.0,0.0,0.0,0.0,0.0,0.0,0.0,0.9544,0.6982222222222222,6.974529480000001,149.08671900000002,7.666299146666667,203.99566704
01_RT,2,Q3,Animal,Squirrel,1.0,10.0,7.0,3,4,0,1,50,0,1,0.0,0.0,0,0,5.0,0.0,0.483,0,1,0.0,0.242,0.0,0.0,0.9926,0.8662,0.0,0.0,1741.42,1619.81,2.9,2.1,0.9926,0.8662,0.218,0.135,1.8,0.72,0.588,0.728,0.00026,0.04052,0.4,0.483,31.3,62.1,0,4.14,1.0,1,99.182,33.94927536231884,0.0,0.0,0.0,0.0,0.0,0.0,0.0,0.11,0.0,0.0,0.0,0.0,0.0,0.0,0.0,0.0,0.0,0.2,0.0,0.0,1.0,1.0,External_Hazard,Not_Applicable,0.0,0,0.483,1,0.242,0.0,-0.1264,0.0,-121.61000000000011,-0.7999999999999998,-0.1264,-0.0829999999999999,-1.08,0.14,0.04026,0.0829999999999999,30.8,-65.23272463768116,0.0,0.0,0.0,0.11,0.0,0.0,0.0,0.0,0.2,0.0,-0.0748792270531401,0.0,0.0,0.0,5.0,0.0,0.0,0.0,0.0,0.0,0.0,0.0,0.0,0.0,0.0,0.0,0.0,0.0,1.0,0.0,1798.87,2.7,1.0,0.173,0.0,0.0,0.0,0.0,0.0,0.0,0.0,0.0,0.0,8.0,1.6,451.95,0.651,0.0,0.4,37.5,1.0,2.25,7.0,0.0,0,2,0.0,0.0,0.0,0.0,0.0,0,0.0,0.0,0.0,0.0,0.0,0.0,0.0,0.0,0.0,0.0,0.0,1.0,0.92512077294686,7.395208284000001,129.84375804,2.531325869565218,120.77627322000001
02_RT,2,Q1,Name,Name1,1.0,1.0,10.0,1,5,2,0,42,0,1,0.0,0.0,0,0,5.0,0.0,0.227,0,1,0.0,0.0,0.0,0.0,1.0,0.8882,0.0,0.0,2187.74,2485.98,1.2,1.1,1.0,0.8882,0.069,0.093,3.0,2.5,0.21,0.324,0.0,0.03686,0.4,0.455,56.8,46.7,0,4.4,1.0,1,304.526,255.66363636363636,0.0,0.0,0.0,0.0,0.0,0.0,0.0,0.274,0.0,0.0,0.0,0.0,0.0,0.0,0.583,0.0,0.0,0.0,0.0,0.0,1.0,1.0,Dashboard_Recall,Working_Memory,0.0,0,0.227,1,0.0,0.0,-0.1118,0.0,298.24000000000024,-0.0999999999999998,-0.1118,0.0239999999999999,-0.5,0.114,0.03686,0.0549999999999999,-10.099999999999994,-48.86236363636365,0.0,0.0,0.0,0.274,0.0,0.0,0.0,-0.583,0.0,0.0,0.0543272727272727,0.0,0.0,0.0,0.0,0.0,0.0,0.0,0.0,0.0,0.0,0.0,0.0,0.0,0.0,0.0,0.0,0.0,0.0,0.0,0.0,0.0,0.0,0.0,0.0,0.0,0.0,0.0,0.0,0.0,0.0,0.0,0.0,0.0,0.0,0.0,0.0,0.0,0.0,0.0,0.0,0.0,0.0,0.0,0,2,0.0,0.0,0.0,0.0,0.0,0,0.0,0.0,0.0,0.0,0.0,0.0,0.0,0.1166,0.0,0.0,0.0,0.8834,0.9377272727272729,22.706067612000002,163.12226988,19.062792054545454,185.35964076000002
02_RT,2,Q2,Sign,Blind,7.0,1.0,10.0,1,5,2,0,42,0,1,12.0,0.0,0,0,5.0,0.4,0.0,0,0,0.0,0.0,0.0,0.0,0.0413,0.2369,0.0,0.0,2462.44,3031.37,1.5,1.9,0.0279,0.2369,0.172,0.055,3.4,3.57,0.392,0.068,0.00249,0.00272,0.2,0.0,0.0,55.7,1,1.68,7.0,0,391.416,520.9285714285714,0.042,0.034,0.432,0.0,0.0,0.0,0.0,0.0,0.0,0.0,0.0,0.0,0.0,0.0,0.196,0.239,0.0,0.0,0.0,0.0,1.0,1.0,External_Hazard,Not_Applicable,-12.0,0,-0.4,0,0.0,0.0,0.1956,0.0,568.9299999999998,0.3999999999999999,0.209,-0.1169999999999999,0.1699999999999999,-0.324,0.00023,-0.2,55.7,129.51257142857145,-0.008,-0.432,0.0,0.0,0.0,0.0,0.0,0.0429999999999999,0.0,0.0,-0.0284999999999999,0.0,0.0,0.0,5.0,0.4,0.0,0.0,0.0,0.0,0.0,0.0,0.0,0.0,0.0,0.0,0.0,0.0,0.0784,0.0,2689.96,0.7,-0.0784,0.0,0.068,0.0,0.0,0.0,0.0,0.0,0.0,0.0,0.0,5.0,1.0,556.41,0.164,0.00169,0.0,100.0,0.0,4.4,1.0,1.0,0,2,0.0,0.0,0.0,0.0,0.0,0,0.008400000000000001,0.0864,0.0,0.0,0.0,0.0,0.0,0.0392,0.0,0.0,0.0,0.866,0.8375,29.184759792,183.60445128,38.84147614285715,226.02500994
02_RT,2,Q3,Animal,Squirrel,5.0,1.0,10.0,1,5,2,0,42,0,1,0.0,53.38,0,0,5.0,0.2,0.178,0,1,0.0,0.089,0.0,0.0,0.9209,0.9033,0.0,0.0,2809.81,3073.64,1.7,0.4,0.9209,0.886,0.088,0.041,3.6,1.33,0.287,0.207,0.02027,0.08697,0.4,0.178,67.0,57.0,1,11.24,5.0,1,587.298,108.644128113879,0.0,4.991,0.0,0.0,0.232,0.37,0.0,0.0,0.0,0.0,0.0,0.164,0.507,0.0,0.167,0.303,0.0,0.181,0.0,0.133,0.8986,1.0,External_Hazard,Not_Applicable,53.38,0,-0.022,1,0.089,0.0,-0.0176,0.0,263.8299999999999,-1.2999999999999998,-0.0349,-0.0469999999999999,-2.27,-0.0799999999999999,0.0667,-0.222,-10.0,-478.653871886121,4.991,0.0,0.1379999999999999,0.0,0.0,0.164,-0.507,0.1359999999999999,0.181,0.133,-0.36524128113879,2.0,24.0,0.0,5.0,0.4,0.0,0.0,0.156,0.0,0.076,0.0,0.0,0.0,0.0,0.0,0.2,0.0,0.7708,0.0,2850.39,2.3,0.7708,0.273,0.0,0.0,0.209,0.0,0.139,0.0,0.0,0.0,0.0,9.0,1.8,1199.45,1.267,0.00203,0.4,33.7,1.0,1.68,7.0,0.0,0,2,0.0,0.0,0.0,0.0,0.0,0,0.0,0.0,0.046400000000000004,0.0,0.0,0.0,0.1014,0.0334,0.0,0.0,0.0,0.8188000000000001,0.45355871886121,43.790113476,209.50505322,8.100723480427046,229.17674568
03_RT,2,Q1,Name,Name1,7.0,6.0,1.0,1,2,0,0,68,1,0,48.0,41.77,0,0,5.0,0.2,0.0,0,1,0.2,0.0,0.0,0.0,0.7569,1.0,0.0,0.0,3112.43,2912.23,1.9,1.5,0.7569,1.0,0.124,0.136,2.0,2.44,0.06,0.045,0.02086,0.0,0.0,0.0,0.0,0.0,1,2.873,7.0,0,287.298,410.3898364079359,0.0,0.257,0.0,0.0,0.0,0.0,0.0,0.0,0.0,0.0,0.0,0.0,0.0,0.105,0.364,0.036,0.0,0.0,0.0,0.0,1.0,0.9634528367560042,Dashboard_Recall,Visual_Search,-6.229999999999997,0,-0.2,1,-0.2,0.0,0.2430999999999999,0.0,-200.19999999999985,-0.3999999999999999,0.2430999999999999,0.012,0.4399999999999999,-0.015,-0.02086,0.0,0.0,123.09183640793589,0.257,0.0,0.0,0.0,0.0,0.0,0.105,-0.328,0.0,0.0,-0.0657311521058128,0.0,0.0,0.0,0.0,0.0,0.0,0.0,0.0,0.0,0.0,0.0,0.0,0.0,0.0,0.0,0.0,0.0,0.0,0.0,0.0,0.0,0.0,0.0,0.0,0.0,0.0,0.0,0.0,0.0,0.0,0.0,0.0,0.0,0.0,0.0,0.0,0.0,0.0,0.0,0.0,0.0,0.0,0.0,0,2,0.0,0.0,0.0,0.0,0.0,0,0.0,0.0,0.0,0.0,0.0,0.0,0.0,0.0728,0.0,0.0,0.0,0.9272,0.8614688478941872,21.421513476,232.06900566,30.599486982248518,217.14169326
03_RT,2,Q2,Sign,Blind,6.0,6.0,1.0,1,2,0,0,68,1,0,48.0,71.54,0,0,5.0,0.2,0.0,0,0,0.0,0.0,0.0,0.0,0.0762,0.7963,0.0,0.0,3048.12,3426.02,1.9,1.6,0.0631,0.7963,0.123,0.1,3.4,2.38,0.014,0.085,0.00821,0.03405,0.0,0.0,0.0,0.0,1,2.516,6.0,0,513.554,395.44117647058823,0.0,0.039,0.17,0.0,0.0,0.0,0.0,0.0,0.0,0.0,0.0,0.0,0.369,0.0,0.0,0.0,0.0,0.0,0.035,0.0,0.9262,1.0,External_Hazard,Not_Applicable,23.540000000000006,0,-0.2,0,0.0,0.0,0.7201,0.0,377.9000000000001,-0.2999999999999998,0.7332,-0.0229999999999999,-1.02,0.071,0.0258399999999999,0.0,0.0,-118.11282352941174,0.039,-0.17,0.0,0.0,0.0,0.0,-0.369,0.0,0.0,-0.035,0.0992992050874403,2.0,24.0,0.0,5.0,0.2,0.0,0.0,0.0,0.0,0.0,0.0,0.0,0.0,0.0,0.0,0.2,0.0,0.3319,0.0,2233.27,1.8,0.3319,0.118,0.0,0.0,0.002,0.0,0.0,0.0,0.0,0.032,0.0,13.0,2.6,1080.34,0.001,0.10345,0.0,0.0,1.0,2.873,7.0,0.0,0,2,0.0,0.0,0.0,0.0,0.0,0,0.0,0.034,0.0,0.0,0.0,0.0,0.0738,0.0,0.0,0.007000000000000001,0.0,0.8852,0.9844992050874404,38.291613348,227.27392344,29.484885000000002,255.45090324
03_RT,2,Q3,Animal,Squirrel,5.0,6.0,1.0,1,2,0,0,68,1,0,36.0,27.71,0,0,5.0,0.6,0.231,0,0,0.0,0.0,0.0,0.0,0.6224,0.9968,0.0,0.0,2970.8,3562.67,1.0,1.0,0.6224,0.9968,0.082,0.078,1.0,1.62,0.12,0.111,0.00248,6e-05,0.4,0.462,30.0,32.8,1,4.331,5.0,1,103.884,269.22881551604706,3.066,2.208,0.0,0.0,0.0,0.0,0.0,0.743,0.0,0.0,0.0,0.0,0.0,0.0,0.0,0.381,0.0,0.0,0.0,0.03,1.0,1.0,External_Hazard,Not_Applicable,-8.29,0,-0.369,0,0.0,0.0,0.3744,0.0,591.8699999999999,0.0,0.3744,-0.004,0.6200000000000001,-0.0089999999999999,-0.00242,0.062,2.799999999999997,165.34481551604708,-0.8579999999999997,0.0,0.0,0.743,0.0,0.0,0.0,0.381,0.0,0.03,-0.1630641422304317,3.0,36.0,0.0,5.0,0.4,0.0,0.0,0.0,0.0,0.0,0.705,0.0,0.0,0.0,0.0,0.2,0.0,0.8266,0.0,3049.17,1.8,0.8266,0.132,0.0,0.0,0.0,0.0,0.0,0.713,0.0,0.03,0.0,12.0,2.4,1877.28,0.066,0.00298,0.0,0.0,1.0,2.516,6.0,0.0,1,2,0.0,0.0,0.0,0.0,0.0,0,0.6132,0.0,0.0,0.0,0.0,0.0,0.0,0.0,0.0,0.0,0.0,0.3868,0.2237358577695682,7.745798808,221.50878960000003,20.074238942507503,265.63980054
04_RT,2,Q1,Name,Name1,6.0,5.0,10.0,1,4,0,0,77,1,0,0.0,0.0,0,0,5.0,0.2,0.575,0,0,0.2,0.0,0.0,0.0,0.8867,0.9609,0.0,0.0,2735.52,4300.72,1.7,1.3,0.8867,0.9609,0.099,0.172,2.2,2.87,0.423,0.181,0.01685,9e-05,0.2,0.0,35.2,0.0,1,1.74,6.0,0,315.786,1200.66091954023,0.0,0.304,0.0,0.0,0.0,0.0,0.0,0.0,0.0,0.0,0.0,0.0,0.433,0.327,0.0,0.0,0.0,0.0,0.0,0.0,0.9134,0.8120689655172414,Dashboard_Recall,Visual_Search,0.0,0,0.3749999999999999,0,-0.2,0.0,0.0741999999999999,0.0,1565.2000000000005,-0.3999999999999999,0.0741999999999999,0.0729999999999999,0.6699999999999999,-0.242,-0.01676,-0.2,-35.2,884.8749195402299,0.304,0.0,0.0,0.0,0.0,0.0,-0.1059999999999999,0.0,0.0,0.0,-0.2760436781609195,0.0,0.0,0.0,0.0,0.0,0.0,0.0,0.0,0.0,0.0,0.0,0.0,0.0,0.0,0.0,0.0,0.0,0.0,0.0,0.0,0.0,0.0,0.0,0.0,0.0,0.0,0.0,0.0,0.0,0.0,0.0,0.0,0.0,0.0,0.0,0.0,0.0,0.0,0.0,0.0,0.0,0.0,0.0,0,2,0.0,0.0,0.0,0.0,0.0,0,0.0,0.0,0.0,0.0,0.0,0.0,0.0866,0.0,0.0,0.0,0.0,0.9134,0.6373563218390804,23.545635732,203.96584224,89.52367948275864,320.67028464000003
04_RT,2,Q2,Sign,Blind,6.0,5.0,10.0,1,4,0,0,77,1,0,0.0,0.0,0,0,5.0,0.4,0.0,0,0,0.4,0.0,0.0,0.0,0.1309,0.0653,0.0,0.0,4068.99,2064.31,2.4,2.6,0.0615,0.0653,0.145,0.049,2.0,3.33,0.114,0.154,0.04057,0.0005,0.0,0.0,0.0,66.2,1,1.2,6.0,0,478.16,418.78333333333336,0.902,0.257,0.234,0.0,0.0,0.0,0.294,0.0,0.0,0.172,0.0,0.0,0.069,0.261,0.0,0.0,0.0,0.0,0.0,0.0,0.9862,0.6391666666666667,External_Hazard,Not_Applicable,0.0,0,-0.4,0,-0.4,0.0,-0.0655999999999999,0.0,-2004.68,0.2000000000000001,0.0037999999999999,-0.0959999999999999,1.33,0.0399999999999999,-0.04007,0.0,66.2,-59.376666666666665,-0.645,-0.234,0.0,-0.294,0.172,0.0,0.192,0.0,0.0,0.0,-0.2751999999999999,0.0,0.0,0.0,5.0,0.2,0.0,0.0,0.0,0.0,0.0,0.34,0.196,0.0,0.0,0.0,0.0,0.0,0.8178,0.0,3401.43,2.3,0.8178,0.142,0.0,0.0,0.0,0.0,0.0,0.478,0.24,0.0,0.0,13.0,2.6,3239.96,0.043,0.0187,0.0,0.0,1.0,1.74,6.0,0.0,0,2,0.0,0.0,0.0,0.0,0.0,0,0.1804,0.0468,0.0,0.0588,0.0,0.0,0.013800000000000002,0.0,0.0,0.0,0.0,0.7001999999999999,0.425,35.65256592,303.39203238,31.225322900000002,153.91908222
04_RT,2,Q3,Animal,Squirrel,7.0,5.0,10.0,1,4,0,0,77,1,0,0.0,0.0,0,0,5.0,0.4,0.0,0,0,0.2,0.0,0.0,0.0,0.653,0.166,0.0,0.0,2876.67,0.0,1.3,1.5,0.6329,0.166,0.092,0.1,1.8,0.0,0.258,0.013,0.19856,0.00067,0.2,0.0,36.6,28.8,1,1.163,7.0,0,330.748,0.0,1.558,0.47,0.0,0.0,0.0,0.0,0.134,0.0,0.0,0.0,0.0,0.0,0.39,0.0,0.0,0.0,0.061,0.0,0.0,0.0,0.922,1.0,External_Hazard,Not_Applicable,0.0,0,-0.4,0,-0.2,0.0,-0.487,0.0,-2876.67,0.1999999999999999,-0.4669,0.008,-1.8,-0.245,-0.1978899999999999,-0.2,-7.800000000000001,-330.748,-1.088,0.0,0.0,-0.134,0.0,0.0,-0.39,0.0,-0.061,0.0,0.0244727429062769,0.0,0.0,0.0,5.0,0.2,0.0,0.0,0.0,0.0,0.0,0.0,0.0,0.0,0.0,0.0,0.2,0.0,0.8065,0.0,3009.54,1.3,0.8065,0.097,0.0,0.13,0.0,0.0,0.0,0.0,0.004,0.0,0.0,10.0,2.0,2388.17,0.19,0.06223,0.4,36.0,1.0,1.2,6.0,0.0,0,2,0.0,0.0,0.0,0.0,0.0,0,0.3116,0.0,0.0,0.0268,0.0,0.0,0.078,0.0,0.012199999999999999,0.0,0.0,0.5713999999999999,0.5958727429062769,24.661232376,214.49026854000002,0.0,0.0
05_RT,2,Q1,Name,Name1,7.0,11.0,5.0,2,4,1,0,15,0,1,0.0,0.0,0,0,5.0,0.2,0.0,0,0,0.2,0.0,0.0,0.0,0.8301,1.0,0.0,0.0,2447.84,3833.69,2.2,2.1,0.8301,1.0,0.134,0.131,2.0,0.74,0.005,0.002,0.02827,0.0,0.0,0.0,0.0,0.0,1,1.353,7.0,0,214.118,163.75461936437546,0.0,0.0,0.0,0.0,0.073,0.0,0.0,0.0,0.0,0.0,0.033,0.0,0.0,0.0,0.296,0.401,0.0,0.0,0.0,0.0,1.0,1.0,Dashboard_Recall,Working_Memory,0.0,0,-0.2,0,-0.2,0.0,0.1699,0.0,1385.85,-0.1,0.1699,-0.003,-1.26,-0.003,-0.02827,0.0,0.0,-50.36338063562454,0.0,0.0,-0.073,0.0,0.0,-0.033,0.0,0.105,0.0,0.0,-0.2159784183296378,0.0,0.0,0.0,0.0,0.0,0.0,0.0,0.0,0.0,0.0,0.0,0.0,0.0,0.0,0.0,0.0,0.0,0.0,0.0,0.0,0.0,0.0,0.0,0.0,0.0,0.0,0.0,0.0,0.0,0.0,0.0,0.0,0.0,0.0,0.0,0.0,0.0,0.0,0.0,0.0,0.0,0.0,0.0,0,2,0.0,0.0,0.0,0.0,0.0,0,0.0,0.0,0.014599999999999998,0.0,0.0,0.0066,0.0,0.059199999999999996,0.0,0.0,0.0,0.9196,0.7036215816703622,15.965066316,182.51584608000002,12.209871929046564,285.84759378
05_RT,2,Q2,Sign,Blind,7.0,11.0,5.0,2,4,1,0,15,0,1,0.0,0.0,0,0,5.0,0.6,0.0,0,0,0.0,0.0,0.0,0.0,0.024,0.2326,0.0,0.0,2485.73,2707.57,2.5,2.6,-0.0135,0.2326,0.141,0.153,1.2,2.26,0.009,0.002,0.00092,0.00305,0.0,0.0,0.0,0.0,1,1.33,7.0,0,149.348,435.0375939849624,0.0,0.309,0.161,0.0,0.033,0.39,0.0,0.0,0.0,0.0,0.0,0.0,0.0,0.0,0.34,0.066,0.0,0.0,0.0,0.0,1.0,1.0,External_Hazard,Not_Applicable,0.0,0,-0.6,0,0.0,0.0,0.2086,0.0,221.84000000000017,0.1,0.2461,0.012,1.0599999999999998,-0.0069999999999999,0.00213,0.0,0.0,285.6895939849624,0.309,-0.161,0.357,0.0,0.0,0.0,0.0,-0.274,0.0,0.0,-0.468387969924812,0.0,0.0,0.0,5.0,0.2,0.0,0.136,0.368,0.0,0.0,0.1,0.0,0.0,0.0,0.0,0.0,0.0,0.894,0.0,2404.79,2.1,0.894,0.139,0.0,0.0,0.4,0.0,0.0,0.0,0.0,0.0,0.033,9.0,1.8,1767.23,0.011,0.03973,0.0,0.0,1.0,1.353,7.0,0.0,0,2,0.0,0.0,0.0,0.0,0.0,0,0.0,0.0322,0.0066,0.0,0.0,0.0,0.0,0.068,0.0,0.0,0.0,0.8932,0.424812030075188,11.135685576000002,185.34100026000002,32.43727308270677,201.88183434
05_RT,2,Q3,Animal,Squirrel,7.0,11.0,5.0,2,4,1,0,15,0,1,0.0,0.0,0,0,5.0,0.2,0.0,0,0,0.0,0.0,0.0,0.0,0.8061,0.5286,0.0,0.0,1956.31,0.0,2.1,2.2,0.8061,0.5286,0.133,0.136,1.2,0.0,0.008,0.001,0.08675,0.00118,0.0,0.0,0.0,0.0,1,0.746,7.0,0,104.198,0.0,0.161,0.505,0.0,0.0,0.0,0.0,0.0,0.0,0.0,0.0,0.0,0.0,0.0,0.0,0.0,0.0,1.646,0.0,0.0,0.0,1.0,1.0,External_Hazard,Not_Applicable,0.0,0,-0.2,0,0.0,0.0,-0.2775000000000001,0.0,-1956.31,0.1,-0.2775000000000001,0.003,-1.2,-0.007,-0.08557,0.0,0.0,-104.198,0.344,0.0,0.0,0.0,0.0,0.0,0.0,0.0,-1.646,0.0,-0.3155436997319035,0.0,0.0,0.0,5.0,0.2,0.0,0.0,0.284,0.0,0.0,0.0,0.0,0.0,0.704,0.0,0.2,0.0,0.764,0.0,2231.68,2.3,0.764,0.14,0.0,0.0,0.41,0.0,0.032,0.0,0.0,0.0,0.826,10.0,2.0,1249.36,0.022,0.10142,0.0,0.0,1.0,1.33,7.0,0.0,0,2,0.0,0.0,0.0,0.0,0.0,0,0.0322,0.0,0.0,0.0,0.0,0.0,0.0,0.0,0.3292,0.0,0.0,0.6386000000000001,0.3230563002680965,7.769211276,145.86638622,0.0,0.0
06_RT,2,Q1,Name,Name1,1.0,42.0,0.0,5,3,0,0,100,0,1,0.0,0.0,0,0,5.0,0.0,0.0,0,0,0.0,0.0,0.0,0.0,0.904,0.4839,0.0,0.0,2629.64,2906.49,0.5,1.5,0.904,0.4836,0.098,0.037,2.2,2.29,0.244,0.177,0.03193,0.09243,0.2,0.459,38.7,74.5,0,2.18,1.0,1,372.13,388.894495412844,0.0,0.082,0.0,0.0,0.0,0.0,0.0,0.0,0.0,0.0,0.0,0.0,1.839,0.0,0.0,0.0,0.0,0.0,0.0,0.0,0.6322,1.0,Dashboard_Recall,Visual_Search,0.0,0,0.0,0,0.0,0.0,-0.4201,0.0,276.8499999999999,1.0,-0.4204,-0.061,0.0899999999999998,-0.067,0.0605,0.259,35.8,16.764495412843985,0.082,0.0,0.0,0.0,0.0,0.0,-1.839,0.0,0.0,0.0,0.3301853211009175,0.0,0.0,0.0,0.0,0.0,0.0,0.0,0.0,0.0,0.0,0.0,0.0,0.0,0.0,0.0,0.0,0.0,0.0,0.0,0.0,0.0,0.0,0.0,0.0,0.0,0.0,0.0,0.0,0.0,0.0,0.0,0.0,0.0,0.0,0.0,0.0,0.0,0.0,0.0,0.0,0.0,0.0,0.0,0,2,0.0,0.0,0.0,0.0,0.0,0,0.0,0.0,0.0,0.0,0.0,0.0,0.3678,0.0,0.0,0.0,0.0,0.6322,0.9623853211009176,27.74675706,196.07121768,28.996751366972475,216.71370738
06_RT,2,Q2,Sign,Blind,7.0,42.0,0.0,5,3,0,0,100,0,1,0.0,0.0,0,0,5.0,0.4,0.0,0,0,0.0,0.0,0.0,0.0,0.0281,0.5345,0.0,0.0,2633.2,1075.37,2.0,2.3,-0.0053,0.5345,0.126,0.143,2.0,0.67,0.015,0.002,0.00101,0.00839,0.0,0.0,0.0,0.0,1,1.487,7.0,0,241.23,17.094821788836583,0.032,0.757,0.524,0.0,0.0,0.0,0.0,0.0,0.0,0.0,0.0,0.0,0.0,0.0,0.0,0.0,0.0,0.0,0.0,0.0,1.0,1.0,External_Hazard,Not_Applicable,0.0,0,-0.4,0,0.0,0.0,0.5064,0.0,-1557.83,0.2999999999999998,0.5398,0.0169999999999999,-1.33,-0.013,0.0073799999999999,0.0,0.0,-224.13517821116343,0.725,-0.524,0.0,0.0,0.0,0.0,0.0,0.0,0.0,0.0,-0.3978786819098857,0.0,0.0,0.0,5.0,0.2,0.0,0.0,0.0,0.0,0.0,0.0,0.43,0.0,0.0,0.0,0.0,0.0,0.9935,0.0,2159.91,0.7,0.9935,0.11,0.0,0.0,0.0,0.0,0.0,0.0,0.477,0.0,0.0,7.0,1.4,762.45,0.231,0.00031,0.2,23.5,0.0,2.18,1.0,1.0,0,2,0.0,0.0,0.0,0.0,0.0,0,0.0064,0.1048,0.0,0.0,0.0,0.0,0.0,0.0,0.0,0.0,0.0,0.8888,0.4909213180901143,17.98659126,196.3366584,1.2746241022192333,80.18173793999999
06_RT,2,Q3,Animal,Squirrel,7.0,42.0,0.0,5,3,0,0,100,0,1,0.0,0.0,0,0,5.0,0.4,0.0,0,0,0.4,0.0,0.0,0.0,0.488,0.5601,0.0,0.0,2038.0,1468.72,0.5,0.8,0.4878,0.5601,0.06,0.055,1.0,0.85,0.093,0.028,0.07981,0.0148,0.2,0.0,46.7,34.0,0,1.178,7.0,1,119.444,42.92020373514432,0.163,0.776,0.0,0.0,0.0,0.0,0.0,0.0,0.0,0.0,0.0,0.0,0.0,0.0,0.0,0.0,0.353,0.0,0.0,0.0,1.0,1.0,External_Hazard,Not_Applicable,0.0,0,-0.4,0,-0.4,0.0,0.0721,0.0,-569.28,0.3,0.0723,-0.0049999999999999,-0.15,-0.065,-0.06501,-0.2,-12.700000000000005,-76.52379626485569,0.613,0.0,0.0,0.0,0.0,0.0,0.0,0.0,-0.353,0.0,-0.5555436332767403,0.0,0.0,0.0,5.0,0.2,0.0,0.039,0.0,0.0,0.0,0.0,0.0,0.0,0.0,0.0,0.2,0.0,0.9316,0.0,1867.91,1.9,0.9316,0.12,0.0,0.0,0.0,0.0,0.0,0.0,0.0,0.0,0.0,6.0,1.2,420.24,0.035,0.01157,0.0,0.0,1.0,1.487,7.0,0.0,0,2,0.0,0.0,0.0,0.0,0.0,0,0.032600000000000004,0.0,0.0,0.0,0.0,0.0,0.0,0.0,0.0706,0.0,0.0,0.8968,0.3412563667232597,8.905983528,151.957356,3.200216230899831,109.51070064000001
07_RT,2,Q1,Name,Name1,7.0,21.0,36.0,3,1,2,0,74,1,0,0.0,0.0,0,0,5.0,0.0,0.0,0,0,0.0,0.0,0.0,0.0,0.9902,0.5862,0.0,0.0,2119.6,1899.03,1.9,1.8,0.9902,0.5862,0.139,0.001,1.8,1.64,0.325,0.108,0.00046,0.00561,0.6,0.0,11.4,100.0,1,1.22,7.0,0,139.816,133.64754098360658,0.0,0.0,0.0,0.0,0.0,0.0,0.0,0.0,0.0,0.0,0.0,0.038,0.0,0.0,0.0,0.0,0.0,0.0,0.0,0.0,1.0,1.0,Dashboard_Recall,Working_Memory,0.0,0,0.0,0,0.0,0.0,-0.4039999999999999,0.0,-220.5699999999999,-0.0999999999999998,-0.4039999999999999,-0.138,-0.1600000000000001,-0.217,0.00515,-0.6,88.6,-6.168459016393427,0.0,0.0,0.0,0.0,0.0,0.038,0.0,0.0,0.0,0.0,-0.0311475409836066,0.0,0.0,0.0,0.0,0.0,0.0,0.0,0.0,0.0,0.0,0.0,0.0,0.0,0.0,0.0,0.0,0.0,0.0,0.0,0.0,0.0,0.0,0.0,0.0,0.0,0.0,0.0,0.0,0.0,0.0,0.0,0.0,0.0,0.0,0.0,0.0,0.0,0.0,0.0,0.0,0.0,0.0,0.0,0,2,0.0,0.0,0.0,0.0,0.0,0,0.0,0.0,0.0,0.0,0.0,0.0,0.0,0.0,0.0,0.0,0.0,1.0,0.9688524590163934,10.424960592000001,158.0416152,9.965027950819675,141.59547486
07_RT,2,Q2,Sign,Blind,2.0,21.0,36.0,3,1,2,0,74,1,0,0.0,0.0,0,0,5.0,0.6,0.301,0,0,0.2,0.301,0.0,0.0,0.1069,0.7773,0.0,0.0,2989.9,1636.62,2.7,1.5,0.0943,0.7773,0.133,0.028,1.0,0.9,0.308,0.65,0.00946,0.08479,0.4,0.301,14.5,78.4,1,3.321,2.0,0,105.708,45.57362240289069,0.206,0.291,0.19,1.265,0.0,0.0,0.0,0.0,0.0,0.0,0.0,0.0,0.0,0.0,0.0,0.0,0.0,0.0,0.0,0.0,1.0,1.0,External_Hazard,Not_Applicable,0.0,0,-0.299,0,0.1009999999999999,0.0,0.6704,0.0,-1353.2800000000002,-1.2000000000000002,0.683,-0.105,-0.0999999999999999,0.342,0.07533,-0.099,63.900000000000006,-60.13437759710931,0.0849999999999999,1.075,0.0,0.0,0.0,0.0,0.0,0.0,0.0,0.0,-0.3893335742246311,0.0,0.0,0.0,5.0,0.2,0.0,0.0,0.0,0.0,0.0,0.0,0.0,0.0,0.0,0.0,0.2,0.0,0.8348,0.0,2777.27,2.0,0.8348,0.161,0.0,0.0,0.0,0.0,0.155,0.0,0.0,0.0,0.0,13.0,2.6,1745.8,0.408,0.04444,0.6,24.8,1.0,1.22,7.0,0.0,0,2,0.0,0.0,0.0,0.0,0.0,0,0.0412,0.038,0.0,0.0,0.0,0.0,0.0,0.0,0.0,0.0,0.0,0.9208,0.531466425775369,7.881799896,222.93292380000003,3.398060433604336,122.02966044
07_RT,2,Q3,Animal,Squirrel,7.0,21.0,36.0,3,1,2,0,74,1,0,0.0,0.0,0,0,5.0,0.4,0.0,0,0,0.2,0.0,0.0,0.0,0.8644,0.5975,0.0,0.0,2532.11,1241.69,2.7,2.8,0.8644,0.5975,0.421,0.017,2.2,0.51,0.719,0.532,0.0295,0.10893,0.6,0.0,29.5,87.4,1,1.96,7.0,0,273.048,14.04591836734694,0.134,1.156,0.0,0.0,0.0,0.0,0.0,0.0,0.0,0.0,0.0,0.0,0.0,0.0,0.0,0.0,0.0,0.0,0.0,0.0,1.0,1.0,External_Hazard,Not_Applicable,0.0,0,-0.4,0,-0.2,0.0,-0.2668999999999999,0.0,-1290.42,0.0999999999999996,-0.2668999999999999,-0.4039999999999999,-1.6900000000000002,-0.1869999999999999,0.07943,-0.6,57.900000000000006,-259.0020816326531,1.0219999999999998,0.0,0.0,0.0,0.0,0.0,0.0,0.0,0.0,0.0,-0.5629959183673469,0.0,0.0,0.0,5.0,0.0,0.0,0.0,0.0,0.0,0.0,0.0,0.0,0.0,0.0,0.0,0.0,0.0,0.9887,0.0,3119.27,1.7,0.9887,0.71,0.0,0.0,0.105,0.0,0.184,0.0,0.0,0.0,0.0,13.0,2.6,1995.2,1.694,0.0006,0.4,7.5,1.0,3.321,2.0,0.0,1,2,0.0,0.0,0.0,0.0,0.0,0,0.0268,0.0,0.0,0.0,0.0,0.0,0.0,0.0,0.0,0.0,0.0,0.9732,0.4102040816326531,20.359004976,188.79918582000002,1.0472917653061227,92.58288978
08_RT,2,Q1,Name,Name1,7.0,13.0,21.0,2,1,1,0,57,0,1,0.0,0.0,0,0,5.0,0.2,0.381,0,0,0.2,0.381,0.0,0.0,0.9091,0.9225,0.0,0.0,3365.52,3677.66,2.2,2.3,0.9091,0.9225,0.237,0.113,2.4,1.91,0.302,0.381,0.0111,0.01203,0.4,0.381,15.7,68.8,1,2.624,7.0,0,629.86,503.0602134146341,0.0,0.336,0.0,0.0,0.527,0.0,0.0,0.0,0.0,0.0,0.073,0.0,0.437,0.125,0.032,0.0,0.0,0.0,0.0,0.0,0.9126,0.9523628048780488,Dashboard_Recall,Visual_Search,0.0,0,0.181,0,0.181,0.0,0.0133999999999999,0.0,312.1399999999999,0.0999999999999996,0.0133999999999999,-0.1239999999999999,-0.49,0.079,0.00093,-0.019,53.099999999999994,-126.7997865853659,0.336,0.0,-0.527,0.0,0.0,-0.073,-0.312,-0.032,0.0,0.0,0.0381140243902439,0.0,0.0,0.0,0.0,0.0,0.0,0.0,0.0,0.0,0.0,0.0,0.0,0.0,0.0,0.0,0.0,0.0,0.0,0.0,0.0,0.0,0.0,0.0,0.0,0.0,0.0,0.0,0.0,0.0,0.0,0.0,0.0,0.0,0.0,0.0,0.0,0.0,0.0,0.0,0.0,0.0,0.0,0.0,0,2,0.0,0.0,0.0,0.0,0.0,0,0.0,0.0,0.10540000000000001,0.0,0.0,0.014599999999999998,0.0874,0.0064,0.0,0.0,0.0,0.7862,0.8243140243902439,46.96362132,250.93990224,37.509175632621954,274.21368492
08_RT,2,Q2,Sign,Blind,7.0,13.0,21.0,2,1,1,0,57,0,1,0.0,0.0,0,0,5.0,0.2,0.0,0,0,0.2,0.0,0.0,0.0,0.2171,0.2744,0.0,0.0,3103.8,1184.17,2.8,2.5,-0.0117,0.2744,0.181,0.037,1.0,0.41,0.159,0.428,0.08899,0.02453,0.4,0.406,29.8,79.9,1,2.461,7.0,0,209.606,11.645672490857375,0.147,1.058,0.635,1.329,0.0,0.0,0.0,0.0,0.0,0.0,0.0,0.0,0.534,0.0,0.0,0.0,0.0,0.0,0.0,0.0,0.8932,1.0,External_Hazard,Not_Applicable,0.0,0,-0.2,0,-0.2,0.0,0.0572999999999999,0.0,-1919.63,-0.2999999999999998,0.2860999999999999,-0.144,-0.5900000000000001,0.269,-0.06446,0.006,50.10000000000001,-197.96032750914264,0.911,0.694,0.0,0.0,0.0,0.0,-0.534,0.0,0.0,0.0,-0.7067309223892727,0.0,0.0,0.0,5.0,0.2,0.0,0.0,0.0,0.0,0.0,0.52,0.0,0.0,0.0,0.0,0.0,0.0,0.8107,0.0,2937.49,2.0,0.8107,0.248,0.0,0.0,0.0,0.0,0.0,0.534,0.0,0.0,0.0,6.0,1.2,1106.98,1.045,0.11137,0.4,33.7,1.0,2.624,7.0,0.0,0,2,0.0,0.0,0.0,0.0,0.0,0,0.0294,0.127,0.0,0.0,0.0,0.0,0.1068,0.0,0.0,0.0,0.0,0.7368,0.0300690776107272,15.628642572,231.42553560000002,0.8683246322633077,88.29408354
08_RT,2,Q3,Animal,Squirrel,7.0,13.0,21.0,2,1,1,0,57,0,1,0.0,0.0,0,0,5.0,0.4,0.558,0,0,0.4,0.0,0.0,0.0,0.7701,0.2839,0.0,0.0,1833.3,0.0,2.8,1.8,0.7701,0.2839,0.164,0.016,1.0,0.0,0.241,0.117,0.06444,0.00041,0.6,0.0,34.8,81.5,1,1.791,7.0,0,60.436,0.0,0.0,0.923,0.0,0.0,0.0,0.0,0.0,0.0,0.0,0.0,0.0,0.0,0.0,0.0,0.0,0.0,0.0,0.0,0.0,0.0,1.0,1.0,External_Hazard,Not_Applicable,0.0,0,0.158,0,-0.4,0.0,-0.4862,0.0,-1833.3,-0.9999999999999998,-0.4862,-0.148,-1.0,-0.1239999999999999,-0.06403,-0.6,46.7,-60.436,0.923,0.0,0.0,0.0,0.0,0.0,0.0,0.0,0.0,0.0,-0.51535455053043,0.0,0.0,0.0,5.0,0.2,0.0,0.754,0.0,0.0,1.708,0.336,0.0,0.0,0.0,0.0,0.0,0.0,0.996,0.0,2822.43,1.2,0.996,0.098,0.0,0.298,0.0,0.0,1.024,0.143,0.0,0.0,0.0,8.0,1.6,1743.5,0.417,0.00019,0.4,57.6,1.0,2.461,7.0,0.0,1,2,0.0,0.0,0.0,0.0,0.0,0,0.0,0.0,0.0,0.0,0.0,0.0,0.0,0.0,0.0,0.0,0.0,1.0,0.48464544946957,4.506229032,136.6945146,0.0,0.0
09_RT,2,Q1,Name,Name1,7.0,22.0,30.0,3,3,2,0,26,0,1,0.0,0.0,0,0,5.0,0.2,0.0,0,0,0.2,0.0,0.0,0.0,0.681,0.7388,0.0,0.0,2984.99,3199.76,1.7,1.7,0.681,0.7388,0.113,0.101,2.6,3.78,0.009,0.004,0.01606,0.00048,0.0,0.0,0.0,0.0,1,1.058,7.0,0,486.1060000000001,639.7542533081286,0.292,0.026,0.0,0.0,0.588,0.176,0.0,0.0,0.0,0.0,0.099,0.042,0.331,0.0,0.198,0.0,0.0,0.0,0.0,0.0,0.9338,1.0,Dashboard_Recall,Visual_Search,0.0,0,-0.2,0,-0.2,0.0,0.0577999999999999,0.0,214.77000000000044,0.0,0.0577999999999999,-0.0119999999999999,1.1799999999999995,-0.0049999999999999,-0.01558,0.0,0.0,153.64825330812852,-0.2659999999999999,0.0,-0.412,0.0,0.0,-0.057,-0.331,-0.198,0.0,0.0,0.0709761814744801,0.0,0.0,0.0,0.0,0.0,0.0,0.0,0.0,0.0,0.0,0.0,0.0,0.0,0.0,0.0,0.0,0.0,0.0,0.0,0.0,0.0,0.0,0.0,0.0,0.0,0.0,0.0,0.0,0.0,0.0,0.0,0.0,0.0,0.0,0.0,0.0,0.0,0.0,0.0,0.0,0.0,0.0,0.0,0,2,0.0,0.0,0.0,0.0,0.0,0,0.058399999999999994,0.0,0.1176,0.0,0.0,0.0198,0.06620000000000001,0.0396,0.0,0.0,0.0,0.6984,0.7693761814744802,36.245035572000006,222.56682437999999,47.701356635160685,238.58050512000003
09_RT,2,Q2,Sign,Blind,7.0,22.0,30.0,3,3,2,0,26,0,1,0.0,0.0,0,0,5.0,0.0,0.0,0,0,0.0,0.0,0.0,0.0,0.1236,0.4789,0.0,0.0,2497.01,1261.81,2.0,1.5,0.0494,0.4789,0.116,0.095,1.2,1.15,0.014,0.007,0.01983,0.00028,0.0,0.0,0.0,0.0,1,0.868,7.0,0,125.12,41.15207373271889,1.218,0.505,0.291,0.0,0.0,0.0,0.0,0.0,0.0,0.0,0.041,0.0,0.0,0.0,0.0,0.0,0.0,0.0,0.035,0.0,1.0,1.0,External_Hazard,Not_Applicable,0.0,0,0.0,0,0.0,0.0,0.3553,0.0,-1235.2000000000005,-0.5,0.4295,-0.021,-0.05,-0.007,-0.01955,0.0,0.0,-83.96792626728111,-0.713,-0.291,0.0,0.0,0.0,-0.041,0.0,0.0,0.0,-0.035,-0.2647972350230415,0.0,0.0,0.0,5.0,0.2,0.0,0.0,0.152,0.0,0.0,0.0,0.271,0.0,0.0,0.0,0.0,0.0,0.9812,0.0,3296.77,1.7,0.9812,0.114,0.0,0.0,0.231,0.0,0.203,0.0,0.304,0.031,0.0,12.0,2.4,1920.46,0.026,0.00144,0.0,1.8,1.0,1.058,7.0,0.0,0,2,0.0,0.0,0.0,0.0,0.0,0,0.24359999999999998,0.058199999999999995,0.0,0.0,0.0,0.0082,0.0,0.0,0.0,0.007000000000000001,0.0,0.683,0.4182027649769585,9.329197440000002,186.18205962000002,3.068380921658986,94.08307722
09_RT,2,Q3,Animal,Squirrel,5.0,22.0,30.0,3,3,2,0,26,0,1,0.0,0.0,0,0,5.0,0.2,0.0,0,0,0.2,0.0,0.0,0.0,0.7018,1.0,0.0,0.0,2800.9,2076.43,1.5,0.7,0.7018,1.0,0.097,0.082,1.6,2.07,0.084,0.006,0.04096,0.0,0.0,0.0,24.2,1.7,1,0.967,5.0,1,138.106,189.95863495346433,0.847,0.435,0.0,0.0,0.073,0.0,0.0,0.0,0.0,0.0,0.032,0.0,0.0,0.0,0.069,0.0,0.067,0.0,0.038,0.0,1.0,1.0,External_Hazard,Not_Applicable,0.0,0,-0.2,0,-0.2,0.0,0.2982,0.0,-724.4700000000003,-0.8,0.2982,-0.015,0.4699999999999997,-0.078,-0.04096,0.0,-22.5,51.85263495346433,-0.412,0.0,-0.073,0.0,0.0,-0.032,0.0,-0.069,-0.067,-0.038,-0.2246448810754912,0.0,0.0,0.0,5.0,0.4,0.0,0.211,0.528,0.0,0.0,0.0,0.0,0.0,0.0,0.0,0.4,0.0,0.7797,0.0,2707.53,1.7,0.7797,0.127,0.0,0.0,0.584,0.0,0.099,0.0,0.0,0.0,0.0,11.0,2.2,1488.35,0.048,0.01451,0.0,0.0,1.0,0.868,7.0,0.0,0,2,0.0,0.0,0.0,0.0,0.0,0,0.1694,0.0,0.014599999999999998,0.0,0.0,0.0064,0.0,0.013800000000000002,0.0134,0.0076,0.0,0.7748,0.5501551189245089,10.297459572,208.84070580000002,14.163695739400207,154.82277366
10_RT,2,Q1,Name,Name1,6.0,10.0,0.0,4,4,0,0,96,1,0,0.0,0.0,0,0,5.0,0.2,0.0,0,0,0.2,0.0,0.0,0.0,0.9628,1.0,0.0,0.0,2151.76,1707.83,1.1,2.3,0.9628,1.0,0.115,0.13,2.2,1.91,0.417,0.001,0.00505,0.0,0.2,0.0,26.6,0.0,1,1.57,6.0,0,233.394,205.91082802547768,0.0,0.32,0.0,0.0,0.201,0.0,0.0,0.0,0.0,0.0,0.0,0.0,0.0,0.204,0.44,0.138,0.0,0.0,0.0,0.0,1.0,0.870063694267516,Dashboard_Recall,Visual_Search,0.0,0,-0.2,0,-0.2,0.0,0.0372,0.0,-443.9300000000003,1.1999999999999995,0.0372,0.015,-0.2900000000000002,-0.416,-0.00505,-0.2,-26.6,-27.48317197452232,0.32,0.0,-0.201,0.0,0.0,0.0,0.204,-0.302,0.0,0.0,-0.293456050955414,0.0,0.0,0.0,0.0,0.0,0.0,0.0,0.0,0.0,0.0,0.0,0.0,0.0,0.0,0.0,0.0,0.0,0.0,0.0,0.0,0.0,0.0,0.0,0.0,0.0,0.0,0.0,0.0,0.0,0.0,0.0,0.0,0.0,0.0,0.0,0.0,0.0,0.0,0.0,0.0,0.0,0.0,0.0,0,2,0.0,0.0,0.0,0.0,0.0,0,0.0,0.0,0.0402,0.0,0.0,0.0,0.0,0.088,0.0,0.0,0.0,0.8718,0.578343949044586,17.402323428000003,160.43952912000003,15.353123159235668,127.33922046
10_RT,2,Q2,Sign,Blind,6.0,10.0,0.0,4,4,0,0,96,1,0,0.0,0.0,0,0,5.0,0.4,0.0,0,0,0.0,0.0,0.0,0.0,0.201,0.9087,0.0,0.0,2042.03,2119.16,2.2,1.9,0.201,0.9087,0.124,0.117,1.0,1.67,0.006,0.007,0.02618,0.00216,0.0,0.0,0.0,0.0,1,1.196,6.0,0,109.022,226.62207357859535,0.2,0.536,0.0,0.421,0.0,0.0,0.0,0.0,0.0,0.0,0.0,0.0,0.0,0.0,0.0,0.0,0.0,0.0,0.0,0.0,1.0,1.0,External_Hazard,Not_Applicable,0.0,0,-0.4,0,0.0,0.0,0.7077,0.0,77.12999999999988,-0.3000000000000002,0.7077,-0.0069999999999999,0.6699999999999999,0.001,-0.02402,0.0,0.0,117.60007357859534,0.336,0.421,0.0,0.0,0.0,0.0,0.0,0.0,0.0,0.0,-0.7601672240802676,0.0,0.0,0.0,5.0,0.4,0.0,0.0,0.0,0.0,0.0,0.0,0.016,0.164,0.0,0.0,0.2,0.0,0.4992,0.0,2156.66,1.6,0.4477,0.052,0.0,0.0,0.0,0.0,0.0,0.0,0.043,0.039,0.0,13.0,2.6,1879.69,0.539,0.19982,0.2,57.7,1.0,1.57,6.0,0.0,0,2,0.0,0.0,0.0,0.0,0.0,0,0.04,0.0,0.0,0.0,0.0,0.0,0.0,0.0,0.0,0.0,0.0,0.96,0.1998327759197323,8.128898364000001,152.25784086000002,16.897395050167226,158.00880792
10_RT,2,Q3,Animal,Squirrel,4.0,10.0,0.0,4,4,0,0,96,1,0,0.0,0.0,0,0,5.0,0.2,0.0,0,0,0.2,0.0,0.0,0.0,0.7674,1.0,0.0,0.0,2028.39,1392.84,1.0,0.9,0.7674,1.0,0.063,0.115,1.8,0.96,0.123,0.129,0.0604,0.0,0.2,0.0,33.3,0.0,1,3.14,4.0,1,138.03,49.75796178343949,0.095,0.933,0.0,0.0,0.0,0.0,0.0,0.0,0.0,0.0,0.0,0.0,0.0,0.0,0.0,0.0,0.285,0.013,0.0,0.0,1.0,1.0,External_Hazard,Not_Applicable,0.0,0,-0.2,0,-0.2,0.0,0.2326,0.0,-635.5500000000002,-0.0999999999999999,0.2326,0.052,-0.8400000000000001,0.006,-0.0604,-0.2,-33.3,-88.2720382165605,0.8380000000000001,0.0,0.0,0.0,0.0,0.0,0.0,0.0,-0.2719999999999999,0.0,-0.2252738853503185,0.0,0.0,0.0,5.0,0.2,0.0,0.0,0.0,0.0,0.0,0.0,0.0,0.0,0.0,0.0,0.2,0.0,0.7603,0.0,2271.94,2.1,0.7603,0.145,0.0,0.0,0.0,0.0,0.0,0.0,0.0,0.0,0.0,9.0,1.8,785.7,0.09,0.06372,0.0,0.0,1.0,1.196,6.0,0.0,0,2,0.0,0.0,0.0,0.0,0.0,0,0.019,0.0,0.0,0.0,0.0,0.0,0.0,0.0,0.056999999999999995,0.0,0.0,0.924,0.6987261146496815,10.291792860000001,151.24081518000003,3.7100531464968154,103.85293607999999
11_RT,2,Q1,Name,Name1,5.0,40.0,0.0,5,5,0,0,56,0,1,0.0,0.0,0,0,5.0,0.0,0.0,0,0,0.0,0.0,0.0,0.0,1.0,1.0,0.0,0.0,2578.91,2414.15,1.4,1.9,1.0,1.0,0.119,0.136,1.8,2.55,0.464,0.23,0.0,0.0,0.4,0.425,36.1,47.0,1,2.353,5.0,0,299.506,410.18274543136414,0.0,0.0,0.0,0.0,0.0,0.0,0.0,0.0,0.0,0.0,0.0,0.0,0.364,0.0,0.0,0.0,0.0,0.0,0.0,0.0,0.9272,1.0,Dashboard_Recall,Working_Memory,0.0,0,0.0,0,0.0,0.0,0.0,0.0,-164.75999999999976,0.5,0.0,0.017,0.7499999999999998,-0.234,0.0,0.0249999999999999,10.9,110.67674543136415,0.0,0.0,0.0,0.0,0.0,0.0,-0.364,0.0,0.0,0.0,0.0727999999999999,0.0,0.0,0.0,0.0,0.0,0.0,0.0,0.0,0.0,0.0,0.0,0.0,0.0,0.0,0.0,0.0,0.0,0.0,0.0,0.0,0.0,0.0,0.0,0.0,0.0,0.0,0.0,0.0,0.0,0.0,0.0,0.0,0.0,0.0,0.0,0.0,0.0,0.0,0.0,0.0,0.0,0.0,0.0,0,2,0.0,0.0,0.0,0.0,0.0,0,0.0,0.0,0.0,0.0,0.0,0.0,0.0728,0.0,0.0,0.0,0.0,0.9272,1.0,22.331766372,192.28868742,30.584045864853373,180.0038523
11_RT,2,Q2,Sign,Blind,7.0,40.0,0.0,5,5,0,0,56,0,1,0.0,0.0,0,0,5.0,0.2,0.0,0,0,0.2,0.0,0.0,0.0,0.1816,0.034,0.0,0.0,2377.76,2357.55,1.3,1.3,-0.0267,-0.0295,0.174,0.169,2.4,2.71,0.737,0.045,0.05604,0.00109,0.4,0.677,7.6,0.0,1,1.477,7.0,0,338.716,299.14014895057545,0.0,0.475,0.0,0.0,0.0,0.0,0.0,0.0,0.0,0.0,0.0,0.0,0.462,0.0,0.0,0.399,0.0,0.0,0.0,0.0,0.9076,1.0,External_Hazard,Not_Applicable,0.0,0,-0.2,0,-0.2,0.0,-0.1476,0.0,-20.210000000000036,0.0,-0.0027999999999999,-0.0049999999999999,0.31,-0.692,-0.05495,0.277,-7.6,-39.57585104942456,0.475,0.0,0.0,0.0,0.0,0.0,-0.462,0.399,0.0,0.0,-0.4993400135409614,0.0,0.0,0.0,5.0,0.4,0.0,0.0,0.0,0.0,0.404,0.552,0.0,0.0,0.0,0.0,0.4,0.0,0.8839,0.0,2522.49,1.8,0.8839,0.188,0.0,0.0,0.0,0.0,0.0,0.662,0.146,0.0,0.0,10.0,2.0,2106.51,1.444,0.00935,0.4,37.5,1.0,2.353,5.0,0.0,0,2,0.0,0.0,0.0,0.0,0.0,0,0.0,0.0,0.0,0.0,0.0,0.0,0.09240000000000001,0.0,0.0,0.0,0.0,0.9076,0.4082599864590386,25.255342392000003,177.29054112000003,22.304487786052807,175.78364310000003
11_RT,2,Q3,Animal,Squirrel,6.0,40.0,0.0,5,5,0,0,56,0,1,0.0,0.0,0,0,5.0,0.4,0.0,0,0,0.2,0.0,0.0,0.0,0.8722,1.0,0.0,0.0,2563.21,2416.88,1.8,2.5,0.8722,1.0,0.155,0.012,1.8,2.25,0.869,0.408,0.0685,0.0,0.2,0.0,37.3,98.5,0,1.779,6.0,1,252.012,524.9803260258573,0.0,0.0,0.0,0.0,0.13,0.0,0.0,0.0,0.0,0.0,0.032,0.0,0.0,0.387,0.362,0.0,0.0,0.67,0.0,0.0,1.0,0.7824620573355818,External_Hazard,Not_Applicable,0.0,0,-0.4,0,-0.2,0.0,0.1278,0.0,-146.32999999999993,0.7,0.1278,-0.143,0.4499999999999999,-0.461,-0.0685,-0.2,61.2,272.96832602585727,0.0,0.0,-0.13,0.0,0.0,-0.032,0.387,-0.362,0.67,0.0,-0.4893540191118606,0.0,0.0,0.0,5.0,0.2,0.0,0.0,0.0,0.0,0.0,0.0,0.0,0.0,0.0,0.0,0.2,0.0,0.7201,0.0,2014.1,3.1,0.7201,0.178,0.0,0.0,0.0,0.0,0.0,0.0,0.0,0.0,0.0,5.0,1.0,394.73,0.19,0.08241,0.2,1.6,1.0,1.477,7.0,0.0,0,2,0.0,0.0,0.0,0.0,0.0,0,0.0,0.0,0.026000000000000002,0.0,0.0,0.0064,0.0,0.07239999999999999,0.0,0.0,0.0,0.8952,0.4058459808881394,18.790518744,191.11806402000002,39.14358306913997,180.20740656
12_RT,2,Q1,Name,Name1,6.0,8.0,17.0,2,3,2,0,61,1,0,0.0,0.0,0,0,5.0,0.2,0.0,1,0,0.2,0.0,0.0,0.0,0.8288,1.0,0.0,0.0,2601.58,1697.84,1.9,1.7,0.8288,1.0,0.125,0.099,2.0,1.43,0.046,0.026,0.03186,0.0,0.0,0.0,0.0,0.0,1,1.395,6.0,0,255.272,43.85663082437276,0.0,0.0,0.0,0.0,0.495,0.0,0.0,0.0,0.0,0.0,0.0,0.0,0.0,0.0,0.033,0.0,0.0,0.0,0.0,0.0,1.0,1.0,Dashboard_Recall,Working_Memory,0.0,0,-0.2,-1,-0.2,0.0,0.1712,0.0,-903.74,-0.1999999999999999,0.1712,-0.0259999999999999,-0.5700000000000001,-0.02,-0.03186,0.0,0.0,-211.41536917562723,0.0,0.0,-0.495,0.0,0.0,0.0,0.0,-0.033,0.0,0.0,0.1056000000000001,0.0,0.0,0.0,0.0,0.0,0.0,0.0,0.0,0.0,0.0,0.0,0.0,0.0,0.0,0.0,0.0,0.0,0.0,0.0,0.0,0.0,0.0,0.0,0.0,0.0,0.0,0.0,0.0,0.0,0.0,0.0,0.0,0.0,0.0,0.0,0.0,0.0,0.0,0.0,0.0,0.0,0.0,0.0,0,2,0.0,0.0,0.0,0.0,0.0,0,0.0,0.0,0.099,0.0,0.0,0.0,0.0,0.0066,0.0,0.0,0.0,0.8943999999999999,1.0,19.033590864,193.97900796,3.2700381075268816,126.59434608
12_RT,2,Q2,Sign,Blind,7.0,8.0,17.0,2,3,2,0,61,1,0,0.0,0.0,0,0,5.0,0.4,0.0,0,0,0.0,0.0,0.0,0.0,0.0751,0.9913,0.0,0.0,1776.23,1907.6,2.2,1.9,0.068,0.9913,0.124,0.136,2.2,1.64,0.006,0.004,0.01303,6e-05,0.0,0.0,0.0,0.0,1,1.222,7.0,0,124.68,78.72340425531915,0.0,0.0,0.694,0.0,0.0,0.0,0.0,0.0,0.0,0.0,0.0,0.0,0.0,0.0,0.042,0.0,0.0,0.0,0.0,0.0,1.0,1.0,External_Hazard,Not_Applicable,0.0,0,-0.4,0,0.0,0.0,0.9162,0.0,131.3699999999999,-0.3000000000000002,0.9233,0.012,-0.5600000000000003,-0.002,-0.01297,0.0,0.0,-45.95659574468084,0.0,-0.694,0.0,0.0,0.0,0.0,0.0,-0.042,0.0,0.0,0.1472,0.0,0.0,0.0,5.0,0.0,0.0,0.0,0.0,0.0,0.0,0.0,0.0,0.0,0.0,0.0,0.0,0.0,1.0,0.0,2872.76,1.3,1.0,0.102,0.0,0.0,0.037,0.0,0.0,0.0,0.0,0.0,0.065,13.0,2.6,2099.74,0.003,0.0,0.0,0.0,1.0,1.395,6.0,0.0,0,2,0.0,0.0,0.0,0.0,0.0,0,0.0,0.13879999999999998,0.0,0.0,0.0,0.0,0.0,0.008400000000000001,0.0,0.0,0.0,0.8528,1.0,9.296390160000001,132.43926126,5.869774468085107,142.2344712
12_RT,2,Q3,Animal,Squirrel,4.0,8.0,17.0,2,3,2,0,61,1,0,0.0,0.0,0,0,5.0,0.0,0.327,0,0,0.0,0.327,0.0,0.0,0.9931,0.9001,0.0,0.0,2485.19,2989.15,1.6,1.4,0.9931,0.9001,0.124,0.007,2.6,0.33,0.152,0.359,0.00022,0.01636,0.4,0.0,0.0,97.2,1,3.054,4.0,0,291.896,107.48853962017029,0.089,1.075,0.0,0.0,0.0,0.0,0.363,0.0,0.0,0.0,0.0,0.0,0.0,0.0,0.35,0.0,0.242,0.0,0.0,0.0,1.0,1.0,External_Hazard,Not_Applicable,0.0,0,0.327,0,0.327,0.0,-0.0929999999999999,0.0,503.96,-0.2000000000000001,-0.0929999999999999,-0.1169999999999999,-2.27,0.207,0.0161399999999999,-0.4,97.2,-184.40746037982973,0.986,0.0,0.0,-0.363,0.0,0.0,0.0,-0.35,-0.242,0.0,-0.1431973804846104,0.0,0.0,0.0,5.0,0.2,0.0,0.0,0.0,0.0,0.0,0.0,0.0,0.0,0.0,0.0,0.2,0.0,0.6976,0.0,1797.68,2.4,0.6976,0.15,0.0,0.0,0.149,0.0,0.0,0.0,0.0,0.0,0.0,12.0,2.4,770.63,0.047,0.04222,0.0,0.0,1.0,1.222,7.0,0.0,0,2,0.0,0.0,0.0,0.0,0.0,0,0.0178,0.0,0.0,0.0726,0.0,0.0,0.0,0.06999999999999999,0.0484,0.0,0.0,0.7912,0.6480026195153896,21.764349552000002,185.30073678000002,8.014560491159138,222.87700230000002
13_RT,2,Q1,Name,Name1,7.0,40.0,0.0,4,4,0,0,30,0,1,0.0,0.0,0,0,5.0,0.2,0.0,0,0,0.2,0.0,0.0,0.0,0.848,1.0,0.0,0.0,2680.83,2130.66,0.9,0.9,0.848,1.0,0.09,0.087,2.4,2.63,0.003,0.004,0.02491,0.0,0.0,0.0,0.0,0.0,1,2.663,7.0,1,364.486,277.885843034172,0.0,0.583,0.0,0.0,0.0,0.0,0.0,0.0,0.0,0.0,0.153,0.0,0.0,0.0,0.037,0.0,0.0,0.0,0.197,0.08,1.0,1.0,Dashboard_Recall,Visual_Search,0.0,0,-0.2,0,-0.2,0.0,0.152,0.0,-550.1700000000001,0.0,0.152,-0.003,0.2299999999999999,0.001,-0.02491,0.0,0.0,-86.60015696582798,0.583,0.0,0.0,0.0,0.0,-0.153,0.0,-0.037,0.0,-0.117,-0.1715673300788585,0.0,0.0,0.0,0.0,0.0,0.0,0.0,0.0,0.0,0.0,0.0,0.0,0.0,0.0,0.0,0.0,0.0,0.0,0.0,0.0,0.0,0.0,0.0,0.0,0.0,0.0,0.0,0.0,0.0,0.0,0.0,0.0,0.0,0.0,0.0,0.0,0.0,0.0,0.0,0.0,0.0,0.0,0.0,0,2,0.0,0.0,0.0,0.0,0.0,0,0.0,0.0,0.0,0.0,0.0,0.0306,0.0,0.0073999999999999995,0.0,0.039400000000000004,0.0,0.9226,0.7510326699211416,27.176805132000002,199.88804646,20.719724228313936,158.86627092
13_RT,2,Q2,Sign,Blind,7.0,40.0,0.0,4,4,0,0,30,0,1,0.0,0.0,0,0,5.0,0.0,0.0,0,0,0.0,0.0,0.0,0.0,0.0564,0.2761,0.0,0.0,2116.96,3588.17,1.5,1.0,0.0011,0.2761,0.097,0.085,2.0,1.73,0.014,0.004,0.0041,4e-05,0.0,0.0,0.0,0.0,1,1.154,7.0,1,191.836,383.18024263431545,1.963,0.883,0.0,0.0,0.0,0.0,0.0,0.0,0.0,0.0,0.0,0.032,0.0,0.0,0.0,0.0,0.0,0.0,0.0,0.0,1.0,1.0,External_Hazard,Not_Applicable,0.0,0,0.0,0,0.0,0.0,0.2197,0.0,1471.21,-0.5,0.275,-0.0119999999999999,-0.27,-0.01,-0.00406,0.0,0.0,191.34424263431544,-1.08,0.0,0.0,0.0,0.0,0.032,0.0,0.0,0.0,0.0,-0.400294280762565,0.0,0.0,0.0,5.0,0.0,0.0,0.0,0.0,0.0,0.0,0.0,0.197,0.0,0.0,0.0,0.0,0.0,1.0,0.0,2325.93,1.1,1.0,0.098,0.0,0.0,0.0,0.0,0.0,0.0,0.234,0.037,0.0,12.0,2.4,1127.64,0.033,0.0,0.0,0.0,1.0,2.663,7.0,1.0,0,2,0.0,0.0,0.0,0.0,0.0,0,0.3926,0.0,0.0,0.0,0.0,0.0,0.0,0.0,0.0,0.0,0.0,0.6073999999999999,0.2071057192374349,14.303675832000001,157.84477152000002,28.570685251299828,267.54113154000004
13_RT,2,Q3,Animal,Squirrel,7.0,40.0,0.0,4,4,0,0,30,0,1,0.0,0.0,0,0,5.0,0.4,0.0,0,0,0.2,0.0,0.0,0.0,0.7616,0.6765,0.0,0.0,2314.73,1902.98,0.6,0.4,0.7616,0.6765,0.039,0.097,2.2,3.26,0.12,0.013,0.0315,0.00015,0.0,0.0,68.8,0.0,0,1.841,7.0,1,271.156,353.7262357414449,0.0,0.196,0.0,0.0,0.0,0.359,0.0,0.0,0.0,0.0,1.551,0.0,0.0,0.0,0.613,0.074,0.0,0.72,0.396,0.019,1.0,1.0,External_Hazard,Not_Applicable,0.0,0,-0.4,0,-0.2,0.0,-0.0851,0.0,-411.75,-0.1999999999999999,-0.0851,0.058,1.0599999999999996,-0.107,-0.03135,0.0,-68.8,82.57023574144489,0.196,0.0,0.359,0.0,0.0,-1.551,0.0,-0.539,0.72,-0.377,-0.2310744160782182,0.0,0.0,0.0,5.0,0.0,0.0,0.266,0.118,0.0,1.168,0.0,0.0,0.0,0.0,0.0,0.0,0.0,0.761,0.0,2401.15,1.0,0.761,0.099,0.0,0.276,0.125,0.0,1.45,0.0,0.0,0.0,0.0,12.0,2.4,1574.03,0.003,0.0397,0.0,0.0,1.0,1.154,7.0,1.0,0,2,0.0,0.0,0.0,0.0,0.0,0,0.0,0.0,0.0,0.0,0.0,0.3102,0.0,0.1226,0.0,0.0792,0.0,0.488,0.2569255839217817,20.217933672,172.59089826000002,26.374535589353616,141.88999476
14_RT,2,Q1,Name,Name1,6.0,28.0,2.0,4,2,0,0,15,0,1,0.0,0.0,0,0,5.0,0.4,0.0,0,0,0.4,0.0,0.0,0.0,0.8597,1.0,0.0,0.0,3958.51,4122.98,2.2,1.8,0.8597,1.0,0.116,0.213,2.6,3.34,0.175,0.343,0.02401,0.0,0.0,0.0,10.3,0.0,1,1.798,6.0,0,532.958,927.5750834260288,0.0,0.207,0.0,0.0,0.041,0.0,0.0,0.0,0.0,0.0,0.0,0.0,0.098,0.0,0.0,0.0,0.0,0.0,0.0,0.0,0.9804,1.0,Dashboard_Recall,Visual_Search,0.0,0,-0.4,0,-0.4,0.0,0.1402999999999999,0.0,164.46999999999937,-0.4000000000000001,0.1402999999999999,0.0969999999999999,0.7399999999999998,0.168,-0.02401,0.0,-10.3,394.6170834260289,0.207,0.0,-0.041,0.0,0.0,0.0,-0.098,0.0,0.0,0.0,-0.0873279199110121,0.0,0.0,0.0,0.0,0.0,0.0,0.0,0.0,0.0,0.0,0.0,0.0,0.0,0.0,0.0,0.0,0.0,0.0,0.0,0.0,0.0,0.0,0.0,0.0,0.0,0.0,0.0,0.0,0.0,0.0,0.0,0.0,0.0,0.0,0.0,0.0,0.0,0.0,0.0,0.0,0.0,0.0,0.0,0,2,0.0,0.0,0.0,0.0,0.0,0,0.0,0.0,0.0082,0.0,0.0,0.0,0.0196,0.0,0.0,0.0,0.0,0.9722,0.8848720800889878,39.738414395999996,295.15442262000005,69.16185337041156,307.41763476
14_RT,2,Q2,Sign,Blind,7.0,28.0,2.0,4,2,0,0,15,0,1,0.0,0.0,0,0,5.0,0.2,0.0,0,0,0.2,0.0,0.0,0.0,0.2545,0.0877,0.0,0.0,2602.65,2493.0,2.9,3.7,0.1931,0.0877,0.151,0.18,1.8,2.37,0.17,0.001,0.14554,0.00059,0.0,0.0,0.0,0.0,1,1.267,7.0,0,160.676,249.70007892659828,0.305,0.274,0.369,0.536,0.0,0.0,0.0,0.0,0.0,0.0,0.0,0.0,0.0,0.0,0.0,0.0,0.0,0.0,0.031,0.0,1.0,1.0,External_Hazard,Not_Applicable,0.0,0,-0.2,0,-0.2,0.0,-0.1668,0.0,-109.65000000000008,0.8000000000000003,-0.1054,0.0289999999999999,0.5700000000000001,-0.169,-0.14495,0.0,0.0,89.02407892659829,-0.0309999999999999,0.167,0.0,0.0,0.0,0.0,0.0,0.0,0.0,-0.031,-0.4983054459352802,0.0,0.0,0.0,5.0,0.2,0.276,1.396,0.0,0.796,0.0,0.0,0.0,0.0,0.0,0.0,0.2,0.0,0.4278,0.0,2494.36,2.9,0.3648,0.149,0.167,0.305,0.0,0.0,0.0,0.0,0.0,0.0,0.0,9.0,1.8,866.95,0.165,0.22704,0.4,0.0,1.0,1.798,6.0,0.0,0,2,0.0,0.0,0.0,0.0,0.0,0,0.061,0.0738,0.0,0.0,0.0,0.0,0.0,0.0,0.0,0.0062,0.0,0.859,0.3606945540647197,11.980323912,194.05878930000003,18.618137284925023,185.883066
14_RT,2,Q3,Animal,Squirrel,3.0,28.0,2.0,4,2,0,0,15,0,1,0.0,0.0,0,0,5.0,0.2,0.459,0,0,0.2,0.459,0.0,0.0,0.9008,0.9244,0.0,0.0,3258.61,2311.58,2.5,3.0,0.9008,0.9244,0.17,0.147,2.6,1.38,0.527,0.012,0.02153,0.01426,0.4,0.0,13.9,18.2,0,2.177,3.0,1,382.478,114.48782728525494,0.0,1.769,0.0,0.0,0.208,0.0,0.0,0.253,0.0,0.0,0.0,0.0,0.0,0.0,0.133,0.0,0.0,0.0,0.0,0.0,1.0,1.0,External_Hazard,Not_Applicable,0.0,0,0.259,0,0.259,0.0,0.0235999999999999,0.0,-947.0300000000002,0.5,0.0235999999999999,-0.023,-1.2200000000000002,-0.515,-0.00727,-0.4,4.299999999999999,-267.9901727147451,1.769,0.0,-0.208,0.253,0.0,0.0,0.0,-0.133,0.0,0.0,-0.8606011024345428,0.0,0.0,0.0,5.0,0.2,0.0,0.0,0.0,0.0,0.0,0.42,0.0,0.0,0.0,0.0,0.2,0.0,0.8421,0.0,3036.99,2.7,0.8421,0.159,0.0,0.0,0.0,0.0,0.0,0.47,0.0,0.0,0.0,10.0,2.0,1722.05,0.235,0.03735,0.0,0.0,1.0,1.267,7.0,0.0,0,2,0.0,0.0,0.0,0.0,0.0,0,0.0,0.0,0.0416,0.0,0.0,0.0,0.0,0.026600000000000002,0.0,0.0,0.0,0.9318,0.0711988975654571,28.518324636000003,242.96847882000003,8.536441378043179,172.35602796
15_RT,2,Q1,Name,Name1,7.0,4.0,0.0,3,4,0,0,78,0,1,0.0,0.0,0,0,5.0,0.4,0.32,0,0,0.2,0.0,0.0,0.0,0.7609,0.9751,0.0,0.0,2103.51,3494.57,1.6,3.4,0.7609,0.9751,0.14,0.176,2.6,2.24,0.926,0.01,0.01195,0.00079,0.2,0.0,37.8,0.0,1,3.125,7.0,0,436.114,619.9168,0.0,0.032,0.0,0.0,0.0,0.0,0.0,0.0,0.0,0.0,0.105,0.033,2.008,0.096,0.272,0.072,0.0,0.0,0.037,0.0,0.5984,0.96928,Dashboard_Recall,Visual_Search,0.0,0,-0.08,0,-0.2,0.0,0.2141999999999999,0.0,1391.06,1.7999999999999998,0.2141999999999999,0.0359999999999999,-0.3599999999999999,-0.916,-0.01116,-0.2,-37.8,183.80279999999993,0.032,0.0,0.0,0.0,0.0,-0.072,-1.912,-0.2,0.0,-0.037,0.4098399999999998,0.0,0.0,0.0,0.0,0.0,0.0,0.0,0.0,0.0,0.0,0.0,0.0,0.0,0.0,0.0,0.0,0.0,0.0,0.0,0.0,0.0,0.0,0.0,0.0,0.0,0.0,0.0,0.0,0.0,0.0,0.0,0.0,0.0,0.0,0.0,0.0,0.0,0.0,0.0,0.0,0.0,0.0,0.0,0,2,0.0,0.0,0.0,0.0,0.0,0,0.0,0.0,0.0,0.0,0.0,0.020999999999999998,0.4016,0.054400000000000004,0.0,0.0073999999999999995,0.0,0.5156000000000001,0.92544,32.517532068,156.84191262000002,46.222236441599996,260.56212834
15_RT,2,Q2,Sign,Blind,7.0,4.0,0.0,3,4,0,0,78,0,1,0.0,0.0,0,0,5.0,0.2,0.0,0,0,0.2,0.0,0.0,0.0,0.3259,0.2719,0.0,0.0,2582.45,2106.8,3.1,2.7,0.2069,0.2719,0.182,0.021,2.0,3.29,0.303,0.257,0.17568,0.00245,0.6,0.0,22.1,60.0,1,1.216,7.0,0,315.68,313.3470394736842,0.362,0.184,0.0,0.365,0.0,0.0,0.158,0.0,0.032,0.0,0.033,0.0,0.096,0.0,0.066,0.0,0.0,0.0,0.0,0.0,0.9744,1.0,External_Hazard,Not_Applicable,0.0,0,-0.2,0,-0.2,0.0,-0.054,0.0,-475.6499999999997,-0.3999999999999999,0.0649999999999999,-0.161,1.29,-0.0459999999999999,-0.17323,-0.6,37.9,-2.3329605263157873,-0.178,0.365,0.0,-0.158,-0.032,-0.033,-0.096,-0.066,0.0,0.0,-0.3020802631578947,0.0,0.0,0.0,5.0,0.2,0.496,2.256,0.0,0.52,0.0,0.0,0.0,0.0,0.0,0.0,0.2,0.0,0.1712,0.0,1903.55,3.0,0.0648,0.137,0.365,0.546,0.0,0.158,0.0,0.0,0.0,0.0,0.0,11.0,2.2,757.64,0.341,0.04104,0.4,36.7,1.0,3.125,7.0,0.0,0,2,0.0,0.0,0.0,0.0,0.0,0,0.07239999999999999,0.0,0.0,0.0316,0.0064,0.0066,0.019200000000000002,0.0132,0.0,0.0,0.0,0.8506,0.5485197368421053,23.53773216,192.55263689999998,23.363781957236842,157.08722160000002
15_RT,2,Q3,Animal,Squirrel,4.0,4.0,0.0,3,4,0,0,78,0,1,0.0,0.0,0,0,5.0,0.2,0.332,0,0,0.0,0.0,0.0,0.0,0.9899,0.9156,0.0,0.0,2119.44,2422.32,2.1,1.9,0.9899,0.9156,0.115,0.102,2.6,1.49,0.522,0.265,0.0009,0.01677,0.2,0.332,36.1,37.5,1,6.032,4.0,1,226.46,183.71021220159153,0.0,0.232,0.0,0.0,0.0,0.0,0.0,0.506,0.0,0.0,0.101,0.033,0.0,0.0,0.196,0.0,0.174,1.921,0.0,0.0,1.0,1.0,External_Hazard,Not_Applicable,0.0,0,0.132,0,0.0,0.0,-0.0743,0.0,302.8800000000001,-0.2000000000000001,-0.0743,-0.013,-1.11,-0.257,0.01587,0.132,1.3999999999999986,-42.74978779840845,0.232,0.0,0.0,0.506,0.0,-0.068,0.0,-0.196,1.747,0.0,-0.352086472148541,0.0,0.0,0.0,5.0,0.4,0.0,0.0,0.46,0.0,0.0,0.0,0.0,0.0,0.0,0.0,0.4,0.0,0.8395,0.0,2208.43,3.3,0.8395,0.207,0.0,0.0,0.528,0.0,0.098,0.0,0.0,0.0,0.0,13.0,2.6,959.8,0.775,0.01803,0.4,23.7,1.0,1.216,7.0,0.0,1,2,0.0,0.0,0.0,0.0,0.0,0,0.0,0.0,0.0,0.0,0.0,0.020200000000000003,0.0,0.0392,0.0348,0.0,0.0,0.9058,0.5537135278514589,16.88531052,158.02968528000002,13.697800842175068,180.61302384
16_RT,2,Q1,Name,Name1,6.0,8.0,20.0,2,1,2,0,11,1,0,0.0,0.0,0,0,5.0,0.4,0.0,0,0,0.2,0.0,0.0,0.0,0.8832,0.9604,0.0,0.0,2958.44,3035.24,2.4,3.1,0.8832,0.9604,0.212,0.207,2.4,2.87,0.207,0.028,0.03174,4e-05,0.2,0.0,0.0,0.0,1,1.396,6.0,0,323.79,804.0759312320918,0.0,0.076,0.0,0.0,0.07,0.0,0.0,0.0,0.0,0.0,0.0,0.0,0.0,0.0,0.123,0.039,0.0,0.0,0.0,0.0,1.0,1.0,Dashboard_Recall,Visual_Search,0.0,0,-0.4,0,-0.2,0.0,0.0772,0.0,76.79999999999973,0.7000000000000002,0.0772,-0.005,0.4700000000000002,-0.179,-0.0317,-0.2,0.0,480.28593123209174,0.076,0.0,-0.07,0.0,0.0,0.0,0.0,-0.0839999999999999,0.0,0.0,-0.043778223495702,0.0,0.0,0.0,0.0,0.0,0.0,0.0,0.0,0.0,0.0,0.0,0.0,0.0,0.0,0.0,0.0,0.0,0.0,0.0,0.0,0.0,0.0,0.0,0.0,0.0,0.0,0.0,0.0,0.0,0.0,0.0,0.0,0.0,0.0,0.0,0.0,0.0,0.0,0.0,0.0,0.0,0.0,0.0,0,2,0.0,0.0,0.0,0.0,0.0,0,0.0,0.0,0.014000000000000002,0.0,0.0,0.0,0.0,0.0246,0.0,0.0,0.0,0.9614,0.917621776504298,24.142429980000003,220.58720328,59.953509584527225,226.31356488
16_RT,2,Q2,Sign,Blind,7.0,8.0,20.0,2,1,2,0,11,1,0,0.0,0.0,0,0,5.0,0.2,0.0,0,0,0.2,0.0,0.0,0.0,0.1979,0.5641,0.0,0.0,3425.94,2207.74,3.4,3.1,0.1979,0.5641,0.174,0.139,2.0,3.04,0.021,0.042,0.02823,0.01052,0.0,0.0,0.0,0.0,1,1.314,7.0,0,298.368,317.92998477929984,0.882,0.257,0.514,0.595,0.0,0.0,0.0,0.0,0.0,0.0,0.0,0.0,0.0,0.0,0.0,0.0,0.0,0.0,0.0,0.0,1.0,1.0,External_Hazard,Not_Applicable,0.0,0,-0.2,0,-0.2,0.0,0.3662000000000001,0.0,-1218.2000000000005,-0.2999999999999998,0.3662000000000001,-0.0349999999999999,1.04,0.021,-0.01771,0.0,0.0,19.56198477929985,-0.625,0.0809999999999999,0.0,0.0,0.0,0.0,0.0,0.0,0.0,0.0,-0.3692018264840182,0.0,0.0,0.0,5.0,0.4,0.468,0.0,0.0,0.0,0.0,0.0,0.0,0.0,0.0,0.0,0.2,0.0,0.4344,0.0,3079.0,3.3,0.4344,0.174,0.213,0.0,0.0,0.0,0.0,0.0,0.0,0.0,0.0,11.0,2.2,1375.81,0.031,0.14751,0.0,0.0,1.0,1.396,6.0,0.0,0,2,0.0,0.0,0.0,0.0,0.0,0,0.1764,0.1028,0.0,0.0,0.0,0.0,0.0,0.0,0.0,0.0,0.0,0.7208,0.3515981735159817,22.246914816,255.44493828,23.705495525114156,164.61350987999998
16_RT,2,Q3,Animal,Squirrel,4.0,8.0,20.0,2,1,2,0,11,1,0,0.0,0.0,0,0,5.0,0.2,0.0,0,0,0.0,0.0,0.0,0.0,0.9158,1.0,0.0,0.0,1550.01,4069.1,2.5,1.6,0.9158,1.0,0.122,0.199,1.6,1.33,0.212,0.33,0.00521,0.0,0.2,0.571,18.2,41.5,0,5.257,4.0,1,77.966,395.7865702872361,0.127,2.995,0.0,0.0,0.0,0.0,0.0,0.126,0.0,0.0,0.0,0.0,0.0,0.202,0.0,0.0,0.55,0.0,0.0,0.0,1.0,0.9615750428000761,External_Hazard,Not_Applicable,0.0,0,-0.2,0,0.0,0.0,0.0842,0.0,2519.09,-0.8999999999999999,0.0842,0.077,-0.27,0.118,-0.00521,0.3709999999999999,23.3,317.8205702872361,2.8680000000000003,0.0,0.0,0.126,0.0,0.0,0.202,0.0,-0.55,0.0,-0.4967095681947879,0.0,0.0,0.0,5.0,0.0,0.0,0.0,0.0,0.0,0.0,0.0,0.0,0.0,0.0,0.0,0.0,0.0,0.9986,0.0,2650.69,3.0,0.9986,0.164,0.0,0.0,0.0,0.0,0.0,0.0,0.0,0.0,0.0,11.0,2.2,1282.6,0.143,1e-05,0.2,0.0,1.0,1.314,7.0,0.0,0,2,0.0,0.0,0.0,0.0,0.0,0,0.0254,0.0,0.0,0.0,0.0,0.0,0.0,0.0,0.11000000000000001,0.0,0.0,0.8646,0.3678904318052121,5.813300892,115.57184562,29.5106382537569,303.4002342
17_RT,2,Q1,Name,Name1,7.0,29.0,0.0,4,5,0,0,56,1,0,0.0,0.0,0,0,5.0,0.4,0.0,0,0,0.0,0.0,0.0,0.0,0.7369,0.999,0.0,0.0,3197.78,3495.46,0.6,1.3,0.7369,0.999,0.119,0.117,2.6,1.24,0.297,0.006,0.00885,1e-05,0.2,0.0,19.0,0.0,0,2.415,7.0,1,370.472,96.67494824016563,0.0,0.0,0.0,0.0,0.469,0.0,0.0,0.0,0.0,0.0,0.27,0.0,0.0,0.0,0.127,0.07,0.0,0.0,0.0,0.0,1.0,1.0,Dashboard_Recall,Working_Memory,0.0,0,-0.4,0,0.0,0.0,0.2621,0.0,297.67999999999984,0.7000000000000001,0.2621,-0.0019999999999999,-1.36,-0.291,-0.00884,-0.2,-19.0,-273.79705175983435,0.0,0.0,-0.469,0.0,0.0,-0.27,0.0,-0.0569999999999999,0.0,0.0,0.1442144927536232,0.0,0.0,0.0,0.0,0.0,0.0,0.0,0.0,0.0,0.0,0.0,0.0,0.0,0.0,0.0,0.0,0.0,0.0,0.0,0.0,0.0,0.0,0.0,0.0,0.0,0.0,0.0,0.0,0.0,0.0,0.0,0.0,0.0,0.0,0.0,0.0,0.0,0.0,0.0,0.0,0.0,0.0,0.0,0,2,0.0,0.0,0.0,0.0,0.0,0,0.0,0.0,0.0938,0.0,0.0,0.054000000000000006,0.0,0.0254,0.0,0.0,0.0,0.8268000000000001,0.9710144927536232,27.623133264,238.43287236000003,7.20827749068323,260.62848852
17_RT,2,Q2,Sign,Blind,7.0,29.0,0.0,4,5,0,0,56,1,0,0.0,0.0,0,0,5.0,0.4,0.0,0,0,0.2,0.0,0.0,0.0,0.0995,0.4311,0.0,0.0,2923.73,2904.42,2.2,2.3,0.0995,0.4311,0.133,0.125,3.0,2.65,0.006,0.011,0.00531,0.01648,0.0,0.0,0.0,0.0,1,1.885,7.0,0,607.3399999999999,312.8700265251989,1.041,0.079,0.266,0.0,0.0,0.039,0.0,0.0,0.0,0.0,0.0,0.0,0.345,0.0,0.0,0.114,0.0,0.0,0.72,0.0,0.931,1.0,External_Hazard,Not_Applicable,0.0,0,-0.4,0,-0.2,0.0,0.3316,0.0,-19.309999999999945,0.0999999999999996,0.3316,-0.008,-0.3500000000000001,0.0049999999999999,0.01117,0.0,0.0,-294.469973474801,-0.962,-0.266,0.039,0.0,0.0,0.0,-0.345,0.114,0.0,-0.72,0.3513230769230768,0.0,0.0,0.0,5.0,0.4,0.0,0.0,0.0,0.0,0.0,0.216,0.0,0.0,0.0,0.0,0.2,0.0,0.699,0.0,2754.14,1.8,0.6715,0.124,0.0,0.0,0.037,0.0,0.133,0.034,0.0,0.0,0.0,12.0,2.4,1689.7,0.02,0.19251,0.0,0.0,0.0,2.415,7.0,1.0,0,2,0.0,0.0,0.0,0.0,0.0,0,0.2082,0.053200000000000004,0.0,0.0,0.0,0.0,0.06899999999999999,0.0,0.0,0.144,0.0,0.5256000000000001,0.8769230769230769,45.284485079999996,217.99915626,23.32821491777188,216.55936404000002
17_RT,2,Q3,Animal,Squirrel,7.0,29.0,0.0,4,5,0,0,56,1,0,0.0,0.0,0,0,5.0,0.6,0.0,0,0,0.2,0.0,0.0,0.0,0.704,0.8879,0.0,0.0,2151.98,1545.98,1.8,1.6,0.704,0.8879,0.122,0.084,1.6,0.78,0.008,0.041,0.03399,0.00421,0.0,0.0,0.0,0.0,0,1.28,7.0,1,63.053999999999995,7.1015625,1.808,1.081,0.0,0.0,0.0,0.0,0.0,0.0,0.0,0.0,0.07,0.0,0.0,0.0,0.0,0.0,0.334,0.0,0.0,0.0,1.0,1.0,External_Hazard,Not_Applicable,0.0,0,-0.6,0,-0.2,0.0,0.1839,0.0,-606.0,-0.1999999999999999,0.1839,-0.0379999999999999,-0.8200000000000001,0.033,-0.02978,0.0,0.0,-55.952437499999995,-0.7270000000000001,0.0,0.0,0.0,0.0,-0.07,0.0,0.0,-0.334,0.0,-0.4021312499999999,0.0,0.0,0.0,5.0,0.4,0.0,0.0,0.0,0.0,0.0,0.0,0.0,0.0,0.0,0.0,0.2,0.0,0.7853,0.0,3471.73,1.9,0.7853,0.135,0.0,0.0,0.322,0.0,0.033,0.03,0.0,0.0,0.037,12.0,2.4,1957.76,0.022,0.04293,0.0,0.0,1.0,1.885,7.0,0.0,1,2,0.0,0.0,0.0,0.0,0.0,0,0.36160000000000003,0.0,0.0,0.0,0.0,0.014000000000000002,0.0,0.0,0.0668,0.0,0.0,0.5576,0.15546875,4.701432348,160.45593276,0.529506703125,115.27136076000001
18_RT,2,Q1,Name,Name1,6.0,2.0,5.0,1,1,0,1,57,0,1,0.0,0.0,0,0,5.0,0.2,0.0,0,0,0.2,0.0,0.0,0.0,0.657,0.9574,0.0,0.0,2669.99,1852.34,1.7,1.8,0.657,0.9574,0.115,0.145,2.8,1.52,0.151,0.003,0.06293,0.00152,0.0,0.0,0.0,0.0,1,1.32,6.0,0,509.546,119.1060606060606,0.0,0.0,0.0,0.0,0.0,0.0,0.0,0.0,0.0,0.0,0.0,0.0,0.666,0.0,0.0,0.0,0.0,0.0,0.0,0.0,0.8668,1.0,Dashboard_Recall,Working_Memory,0.0,0,-0.2,0,-0.2,0.0,0.3004,0.0,-817.6499999999999,0.1,0.3004,0.0299999999999999,-1.2799999999999998,-0.148,-0.06141,0.0,0.0,-390.4399393939394,0.0,0.0,0.0,0.0,0.0,0.0,-0.666,0.0,0.0,0.0,0.1332000000000001,0.0,0.0,0.0,0.0,0.0,0.0,0.0,0.0,0.0,0.0,0.0,0.0,0.0,0.0,0.0,0.0,0.0,0.0,0.0,0.0,0.0,0.0,0.0,0.0,0.0,0.0,0.0,0.0,0.0,0.0,0.0,0.0,0.0,0.0,0.0,0.0,0.0,0.0,0.0,0.0,0.0,0.0,0.0,0,2,0.0,0.0,0.0,0.0,0.0,0,0.0,0.0,0.0,0.0,0.0,0.0,0.1332,0.0,0.0,0.0,0.0,0.8667999999999999,1.0,37.992768852000005,199.07979437999998,8.88078609090909,138.11417508
18_RT,2,Q2,Sign,Blind,7.0,2.0,5.0,1,1,0,1,57,0,1,0.0,0.0,0,0,5.0,0.6,0.0,0,0,0.0,0.0,0.0,0.0,0.0219,0.1813,0.0,0.0,2571.29,0.0,1.7,2.4,0.0109,0.1813,0.117,0.127,1.0,0.0,0.174,0.007,0.00062,0.00098,0.0,0.0,12.8,0.0,1,0.99,7.0,0,205.866,0.0,1.161,0.977,0.0,0.0,0.0,0.0,0.0,0.0,0.109,0.0,0.0,0.0,0.341,0.0,0.0,0.0,0.0,0.0,0.0,0.0,0.91,1.0,External_Hazard,Not_Applicable,0.0,0,-0.6,0,0.0,0.0,0.1594,0.0,-2571.29,0.7,0.1704,0.0099999999999999,-1.0,-0.1669999999999999,0.0003599999999999,0.0,-12.8,-205.866,-0.184,0.0,0.0,0.0,-0.109,0.0,-0.341,0.0,0.0,0.0,-0.664668686868687,0.0,0.0,0.0,5.0,0.0,0.0,0.0,0.0,0.0,0.0,0.0,0.0,0.0,0.0,0.0,0.0,0.0,1.0,0.0,1843.74,1.7,1.0,0.121,0.0,0.0,0.0,0.0,0.0,0.0,0.0,0.0,0.0,9.0,1.8,660.09,0.078,0.0,0.0,0.0,1.0,1.32,6.0,0.0,0,2,0.0,0.0,0.0,0.0,0.0,0,0.23220000000000002,0.0,0.0,0.0,0.0218,0.0,0.06820000000000001,0.0,0.0,0.0,0.0,0.6778000000000001,0.0131313131313131,15.349780692000001,191.72052498,0.0,0.0
18_RT,2,Q3,Animal,Squirrel,6.0,2.0,5.0,1,1,0,1,57,0,1,0.0,0.0,0,0,5.0,0.6,0.543,0,0,0.0,0.543,0.0,0.0,0.7575,0.2313,0.0,0.0,2202.59,1938.63,1.3,1.1,0.7575,0.2313,0.094,0.083,2.0,1.09,0.049,0.001,0.00614,0.01697,0.0,0.0,13.8,10.0,0,1.84,6.0,1,340.182,83.90760869565216,0.106,0.187,0.0,0.0,0.0,0.0,0.0,0.238,0.0,0.0,0.0,0.0,0.697,0.0,0.0,0.0,1.4,0.801,0.0,0.0,0.8606,1.0,External_Hazard,Not_Applicable,0.0,0,-0.0569999999999999,0,0.543,0.0,-0.5262,0.0,-263.96000000000004,-0.1999999999999999,-0.5262,-0.0109999999999999,-0.91,-0.048,0.01083,0.0,-3.8000000000000007,-256.2743913043479,0.081,0.0,0.0,0.238,0.0,0.0,-0.697,0.0,-0.5989999999999999,0.0,-0.2257043478260869,0.0,0.0,0.0,5.0,0.2,0.0,0.2,0.0,0.0,0.0,0.0,0.0,0.0,0.0,0.0,0.2,0.0,0.9703,0.0,3022.15,1.8,0.9703,0.134,0.0,0.194,0.0,0.0,0.0,0.0,0.0,0.0,0.0,11.0,2.2,2045.78,0.146,0.00678,0.0,0.0,1.0,0.99,7.0,0.0,1,2,0.0,0.0,0.0,0.0,0.0,0,0.0212,0.0,0.0,0.0,0.0,0.0,0.1394,0.0,0.27999999999999997,0.0,0.0,0.5594,0.333695652173913,25.364650284000003,164.22951558000003,6.256319119565217,144.54813006
19_RT,2,Q1,Name,Name1,7.0,25.0,0.0,4,4,0,0,4,1,0,0.0,0.0,0,0,5.0,0.2,0.0,0,0,0.2,0.0,0.0,0.0,0.6457,0.988,0.0,0.0,3086.87,1599.29,1.1,1.0,0.6457,0.988,0.097,0.093,1.8,3.18,0.012,0.002,0.10592,0.00011,0.0,0.0,0.0,0.0,1,1.257,7.0,1,394.928,173.9777247414479,0.0,0.0,0.0,0.0,0.0,0.0,0.0,0.0,0.0,0.0,0.0,0.0,0.399,0.0,0.0,0.0,0.0,0.0,0.0,0.0,0.9202,1.0,Dashboard_Recall,Working_Memory,0.0,0,-0.2,0,-0.2,0.0,0.3422999999999999,0.0,-1487.58,-0.1,0.3422999999999999,-0.004,1.38,-0.01,-0.10581,0.0,0.0,-220.9502752585521,0.0,0.0,0.0,0.0,0.0,0.0,-0.399,0.0,0.0,0.0,0.0797999999999999,0.0,0.0,0.0,0.0,0.0,0.0,0.0,0.0,0.0,0.0,0.0,0.0,0.0,0.0,0.0,0.0,0.0,0.0,0.0,0.0,0.0,0.0,0.0,0.0,0.0,0.0,0.0,0.0,0.0,0.0,0.0,0.0,0.0,0.0,0.0,0.0,0.0,0.0,0.0,0.0,0.0,0.0,0.0,0,2,0.0,0.0,0.0,0.0,0.0,0,0.0,0.0,0.0,0.0,0.0,0.0,0.07980000000000001,0.0,0.0,0.0,0.0,0.9202,1.0,29.446621536000002,230.16320094,12.972127112171838,119.24626098
19_RT,2,Q2,Sign,Blind,7.0,25.0,0.0,4,4,0,0,4,1,0,0.0,0.0,0,0,5.0,0.0,0.0,0,0,0.0,0.0,0.0,0.0,0.0299,0.3774,0.0,0.0,2421.08,1159.21,1.4,1.4,0.0207,0.3774,0.108,0.095,2.0,0.73,0.015,0.004,0.00169,0.00383,0.0,0.0,0.0,0.0,1,1.367,7.0,0,208.346,19.948792977322604,0.0,0.432,0.031,0.0,0.0,0.0,0.0,0.0,0.0,0.0,0.0,0.0,0.0,0.0,0.0,0.0,0.0,0.0,0.0,0.0,1.0,1.0,External_Hazard,Not_Applicable,0.0,0,0.0,0,0.0,0.0,0.3475,0.0,-1261.87,0.0,0.3567,-0.0129999999999999,-1.27,-0.011,0.00214,0.0,0.0,-188.3972070226774,0.432,-0.031,0.0,0.0,0.0,0.0,0.0,0.0,0.0,0.0,-0.3098204828090709,0.0,0.0,0.0,5.0,0.0,0.0,0.0,0.14,0.0,0.0,0.0,0.0,0.0,0.18,0.0,0.0,0.0,1.0,0.0,2318.92,0.6,1.0,0.07,0.0,0.0,0.205,0.0,0.0,0.0,0.0,0.0,0.189,11.0,2.2,906.72,0.131,0.0,0.4,44.4,1.0,1.257,7.0,1.0,0,2,0.0,0.0,0.0,0.0,0.0,0,0.0,0.0062,0.0,0.0,0.0,0.0,0.0,0.0,0.0,0.0,0.0,0.9938,0.6839795171909291,15.534694452,180.52056696,1.487421901975128,86.43301602000001
19_RT,2,Q3,Animal,Squirrel,6.0,25.0,0.0,4,4,0,0,4,1,0,0.0,0.0,0,0,5.0,0.2,0.0,0,0,0.2,0.0,0.0,0.0,0.5294,0.7359,0.0,0.0,1622.1,1503.91,0.6,1.0,0.5294,0.7359,0.058,0.09,1.2,0.58,0.091,0.008,0.06871,0.05373,0.0,0.0,44.4,0.0,0,3.435,6.0,1,48.836,18.88791848617176,2.657,2.837,0.0,0.0,0.0,0.0,0.0,0.0,0.0,0.0,0.0,0.0,0.0,0.0,0.0,0.0,0.0,0.0,0.0,0.0,1.0,1.0,External_Hazard,Not_Applicable,0.0,0,-0.2,0,-0.2,0.0,0.2065,0.0,-118.18999999999984,0.4,0.2065,0.0319999999999999,-0.62,-0.0829999999999999,-0.0149799999999999,0.0,-44.4,-29.94808151382824,0.1800000000000001,0.0,0.0,0.0,0.0,0.0,0.0,0.0,0.0,0.0,-0.2945097525473071,0.0,0.0,0.0,5.0,0.2,0.0,0.604,0.22,0.0,0.0,0.0,0.0,0.0,0.212,0.0,0.0,0.0,0.987,0.0,3135.84,0.9,0.987,0.1,0.0,0.391,0.24,0.0,0.0,0.032,0.0,0.0,0.241,12.0,2.4,2301.9,0.079,0.00135,0.0,0.0,1.0,1.367,7.0,0.0,0,2,0.0,0.0,0.0,0.0,0.0,0,0.5314,0.0,0.0,0.0,0.0,0.0,0.0,0.0,0.0,0.0,0.0,0.4686,0.1740902474526928,3.641309832,120.9470202,1.4083209781659387,112.13453742000002
20_RT,2,Q1,Name,Name1,7.0,2.0,15.0,1,2,6,0,52,0,1,0.0,0.0,0,0,5.0,0.2,0.0,0,0,0.0,0.0,0.0,0.0,0.0459,0.7994,0.0,0.0,2953.73,3455.55,0.4,2.6,0.0376,0.7994,0.104,0.208,2.4,3.4,0.383,0.077,0.00651,0.00136,0.2,0.0,49.1,0.0,1,1.471,7.0,0,398.556,802.05982324949,0.0,0.533,0.0,0.0,0.444,0.297,0.0,0.0,0.0,0.0,0.0,0.0,0.533,0.0,0.194,0.0,0.0,0.0,0.0,0.0,0.8934,1.0,Dashboard_Recall,Visual_Search,0.0,0,-0.2,0,0.0,0.0,0.7535,0.0,501.82000000000016,2.2,0.7618,0.104,1.0,-0.306,-0.00515,-0.2,-49.1,403.5038232494901,0.533,0.0,-0.147,0.0,0.0,0.0,-0.533,-0.194,0.0,0.0,-0.3300420122365737,0.0,0.0,0.0,0.0,0.0,0.0,0.0,0.0,0.0,0.0,0.0,0.0,0.0,0.0,0.0,0.0,0.0,0.0,0.0,0.0,0.0,0.0,0.0,0.0,0.0,0.0,0.0,0.0,0.0,0.0,0.0,0.0,0.0,0.0,0.0,0.0,0.0,0.0,0.0,0.0,0.0,0.0,0.0,0,2,0.0,0.0,0.0,0.0,0.0,0,0.0,0.0,0.0888,0.0,0.0,0.0,0.1066,0.0388,0.0,0.0,0.0,0.7657999999999999,0.4357579877634262,29.717132472,220.23601626,59.80318454112848,257.6527191
20_RT,2,Q2,Sign,Blind,7.0,2.0,15.0,1,2,6,0,52,0,1,0.0,0.0,0,0,5.0,0.2,0.0,0,0,0.0,0.0,0.0,0.0,0.8042,0.3559,0.0,0.0,3082.4,1779.79,2.2,2.2,0.7982,-0.3559,0.143,0.142,1.2,0.85,0.042,0.007,0.12909,0.01002,0.0,0.0,0.0,0.0,1,1.176,7.0,0,160.348,43.46938775510204,0.701,0.547,0.745,0.629,0.315,0.0,0.0,0.0,0.0,0.0,0.0,0.0,0.0,0.0,0.314,0.0,0.0,0.0,0.0,0.0,1.0,1.0,External_Hazard,Not_Applicable,0.0,0,-0.2,0,0.0,0.0,-0.4483,0.0,-1302.61,0.0,-1.1541,-0.001,-0.35,-0.035,-0.11907,0.0,0.0,-116.87861224489797,-0.1539999999999999,-0.1159999999999999,-0.315,0.0,0.0,0.0,0.0,-0.314,0.0,0.0,-0.5850000000000003,0.0,0.0,0.0,5.0,0.4,0.107,0.107,0.18,0.0,0.0,0.616,0.0,0.0,0.19,0.0,0.2,0.0,0.8588,0.0,2674.69,2.6,0.8588,0.131,0.0,0.0,0.32,0.0,0.0,0.695,0.0,0.0,0.205,14.0,2.8,2147.61,0.565,0.01389,0.2,0.0,1.0,1.471,7.0,0.0,0,2,0.0,0.0,0.0,0.0,0.0,0,0.1402,0.149,0.063,0.0,0.0,0.0,0.0,0.0628,0.0,0.0,0.0,0.5850000000000001,-1.8881343956210144e-16,11.955867576000001,229.82990880000003,3.2411644897959184,132.70470198
20_RT,2,Q3,Animal,Squirrel,6.0,2.0,15.0,1,2,6,0,52,0,1,0.0,0.0,0,0,5.0,0.2,0.0,0,0,0.2,0.0,0.0,0.0,0.8501,1.0,0.0,0.0,3309.75,4143.09,2.1,2.2,0.8501,1.0,0.137,0.156,2.2,0.62,0.004,0.01,0.02671,0.0,0.0,0.0,0.0,0.0,1,1.619,6.0,0,520.082,122.53860407659047,0.786,1.271,0.0,0.0,0.0,0.253,0.0,0.0,0.0,0.0,0.0,0.0,1.038,0.0,0.0,0.052,0.44,0.0,0.0,0.0,0.7924,1.0,External_Hazard,Not_Applicable,0.0,0,-0.2,0,-0.2,0.0,0.1499,0.0,833.3400000000001,0.1,0.1499,0.0189999999999999,-1.58,0.006,-0.02671,0.0,0.0,-397.54339592340955,0.4849999999999999,0.0,0.253,0.0,0.0,0.0,-1.038,0.052,-0.44,0.0,-0.5206403953057442,0.0,0.0,0.0,5.0,0.2,0.0,0.345,0.544,0.0,0.0,0.548,0.0,0.0,0.42,0.0,0.0,0.0,0.148,0.0,2677.61,2.4,0.1469,0.136,0.0,0.357,0.673,0.0,0.0,0.601,0.0,0.0,0.428,15.0,3.0,2148.22,0.049,0.02788,0.0,0.0,1.0,1.176,7.0,0.0,0,2,0.0,0.0,0.0,0.0,0.0,0,0.1572,0.0,0.0,0.0,0.0,0.0,0.2076,0.0,0.088,0.0,0.0,0.5471999999999999,0.0265596046942556,38.778354084,246.78157950000002,9.13672339715874,308.91707658
21_RT,2,Q1,Name,Name1,6.0,35.0,0.0,5,3,0,0,92,1,0,0.0,0.0,0,0,5.0,0.2,0.361,0,0,0.2,0.361,0.0,0.0,0.7383,0.81,0.0,0.0,2579.4,3724.89,2.6,2.0,0.7353,0.81,0.174,0.114,2.6,2.52,0.312,0.089,0.09733,0.05201,0.2,0.0,0.0,0.0,1,2.773,6.0,0,351.526,574.1795888928958,0.0,0.0,0.0,0.0,0.0,0.0,0.0,0.0,0.0,0.0,0.0,0.0,0.0,0.0,0.0,0.0,0.0,0.0,0.0,0.0,1.0,1.0,Dashboard_Recall,Working_Memory,0.0,0,0.1609999999999999,0,0.1609999999999999,0.0,0.0717000000000001,0.0,1145.4899999999998,-0.6000000000000001,0.0747000000000001,-0.0599999999999999,-0.08,-0.223,-0.04532,-0.2,0.0,222.6535888928958,0.0,0.0,0.0,0.0,0.0,0.0,0.0,0.0,0.0,0.0,0.0,0.0,0.0,0.0,0.0,0.0,0.0,0.0,0.0,0.0,0.0,0.0,0.0,0.0,0.0,0.0,0.0,0.0,0.0,0.0,0.0,0.0,0.0,0.0,0.0,0.0,0.0,0.0,0.0,0.0,0.0,0.0,0.0,0.0,0.0,0.0,0.0,0.0,0.0,0.0,0.0,0.0,0.0,0.0,1,2,0.0,0.0,0.0,0.0,0.0,0,0.0,0.0,0.0,0.0,0.0,0.0,0.0,0.0,0.0,0.0,0.0,1.0,1.0,26.210481612000002,192.3252228,42.8119785070321,277.73524818
21_RT,2,Q2,Sign,Blind,7.0,35.0,0.0,5,3,0,0,92,1,0,0.0,0.0,0,0,5.0,0.4,0.0,1,0,0.2,0.0,0.0,0.0,0.5417,0.5798,0.0,0.0,1907.47,2942.35,2.9,4.0,0.1964,0.5798,0.166,0.216,2.2,1.54,0.069,0.041,0.37208,0.03844,0.0,0.0,0.0,0.0,0,1.945,7.0,1,152.64,360.611825192802,0.0,0.104,0.0,0.0,0.0,0.0,0.736,0.0,0.0,0.0,0.0,0.0,0.0,0.0,0.0,0.0,0.0,0.0,0.0,0.0,1.0,1.0,External_Hazard,Not_Applicable,0.0,0,-0.4,-1,-0.2,0.0,0.0381,0.0,1034.88,1.1,0.3833999999999999,0.0499999999999999,-0.6600000000000001,-0.028,-0.33364,0.0,0.0,207.971825192802,0.104,0.0,0.0,-0.736,0.0,0.0,0.0,0.0,0.0,0.0,0.093729562982005,0.0,0.0,0.0,5.0,0.0,0.0,0.0,0.0,0.633,0.0,0.0,0.0,0.0,0.0,1.0,0.0,0.0,0.9399,0.0,2149.55,2.3,0.9399,0.161,0.0,0.0,0.0,0.573,0.0,0.0,0.0,0.0,0.0,8.0,1.6,757.4,0.143,0.01521,0.0,0.0,1.0,2.773,6.0,0.0,1,2,0.0,0.0,0.0,0.0,0.0,0,0.0,0.0,0.0,0.1472,0.0,0.0,0.0,0.0,0.0,0.0,0.0,0.8528,0.9465295629820052,11.38114368,142.22477814,26.887938910025703,219.3875007
21_RT,2,Q3,Animal,Squirrel,7.0,35.0,0.0,5,3,0,0,92,1,0,0.0,0.0,0,0,5.0,0.2,0.383,1,1,0.2,0.383,0.0,0.0,0.9719,0.7327,0.0,0.0,1917.08,1855.74,3.6,1.9,0.9719,0.7327,0.191,0.045,2.4,0.57,0.122,1.985,0.00551,0.11573,0.0,0.191,0.0,71.0,1,5.227,7.0,0,230.07,38.058159556150756,0.0,2.428,0.0,0.0,0.0,0.0,0.0,0.039,0.0,0.0,0.0,0.0,0.0,0.0,0.0,0.0,0.104,0.0,0.0,0.0,1.0,1.0,External_Hazard,Not_Applicable,0.0,0,0.183,0,0.183,0.0,-0.2391999999999999,0.0,-61.33999999999992,-1.7000000000000002,-0.2391999999999999,-0.146,-1.83,1.863,0.11022,0.191,71.0,-192.0118404438492,2.428,0.0,0.0,0.039,0.0,0.0,0.0,0.0,-0.104,0.0,-0.4511724507365601,0.0,0.0,0.0,5.0,0.0,0.0,0.0,0.0,0.497,0.0,0.0,0.0,0.0,0.0,1.0,0.0,0.0,0.961,0.0,1614.92,3.6,0.961,0.19,0.254,0.0,0.0,0.0,0.0,0.0,0.0,0.0,0.0,10.0,2.0,524.96,0.065,0.00644,0.0,0.0,0.0,1.945,7.0,1.0,1,2,0.0,0.0,0.0,0.0,0.0,0,0.0,0.0,0.0,0.0,0.0,0.0,0.0,0.0,0.0208,0.0,0.0,0.9792,0.5280275492634399,17.15447934,142.94131896,2.837692492825713,138.36768588
22_RT,2,Q1,Name,Name1,7.0,11.0,0.0,2,4,3,0,65,1,0,0.0,0.0,0,0,5.0,0.2,0.0,0,0,0.2,0.0,0.0,0.0,0.9589,0.9511,0.0,0.0,3686.42,4210.44,2.6,2.5,0.9589,0.9511,0.163,0.132,2.6,3.2,0.129,0.032,0.00523,0.00201,0.0,0.0,0.0,0.0,1,1.873,7.0,0,532.488,700.4911906033102,0.0,0.299,0.0,0.0,1.483,0.0,0.0,0.0,0.0,0.0,0.031,0.109,0.332,0.035,0.134,0.198,0.0,0.0,0.0,0.0,0.9336,0.981313400961025,Dashboard_Recall,Visual_Search,0.0,0,-0.2,0,-0.2,0.0,-0.0078,0.0,524.0199999999995,-0.1,-0.0078,-0.031,0.6000000000000001,-0.097,-0.00322,0.0,0.0,168.00319060331014,0.299,0.0,-1.483,0.0,0.0,0.078,-0.297,0.064,0.0,0.0,0.0537682861719167,0.0,0.0,0.0,0.0,0.0,0.0,0.0,0.0,0.0,0.0,0.0,0.0,0.0,0.0,0.0,0.0,0.0,0.0,0.0,0.0,0.0,0.0,0.0,0.0,0.0,0.0,0.0,0.0,0.0,0.0,0.0,0.0,0.0,0.0,0.0,0.0,0.0,0.0,0.0,0.0,0.0,0.0,0.0,0,2,0.0,0.0,0.0,0.0,0.0,0,0.0,0.0,0.29660000000000003,0.0,0.0,0.0062,0.0664,0.0268,0.0,0.0,0.0,0.604,0.6577682861719167,39.70337025600001,274.86684804000004,52.23002415376402,313.93882728
22_RT,2,Q2,Sign,Blind,7.0,11.0,0.0,2,4,3,0,65,1,0,0.0,0.0,0,0,5.0,0.4,0.0,0,0,0.0,0.0,0.0,0.0,0.0733,0.3249,0.0,0.0,2845.51,2677.21,2.6,2.7,0.0733,0.3249,0.148,0.133,2.4,2.32,0.009,0.007,0.00095,0.00836,0.0,0.0,0.0,0.0,1,1.296,7.0,0,233.062,293.7345679012346,1.601,0.454,0.572,0.133,0.439,0.071,0.0,0.0,0.0,0.0,0.0,0.0,0.0,0.0,0.0,0.039,0.0,0.0,0.0,0.0,1.0,1.0,External_Hazard,Not_Applicable,0.0,0,-0.4,0,0.0,0.0,0.2516,0.0,-168.30000000000018,0.1,0.2516,-0.0149999999999999,-0.08,-0.0019999999999999,0.0074099999999999,0.0,0.0,60.6725679012346,-1.147,-0.4389999999999999,-0.368,0.0,0.0,0.0,0.0,0.039,0.0,0.0,-0.0154086419753085,0.0,0.0,0.0,5.0,0.4,0.0,1.06,0.092,0.0,0.0,0.144,0.0,0.0,0.284,0.0,0.2,0.0,0.4668,0.0,2669.38,2.4,0.4668,0.15,0.0,0.641,0.128,0.0,0.0,0.167,0.0,0.0,0.376,14.0,2.8,1777.49,0.028,0.16625,0.0,0.0,1.0,1.873,7.0,0.0,0,2,0.0,0.0,0.0,0.0,0.0,0,0.3202,0.11439999999999999,0.0878,0.0,0.0,0.0,0.0,0.0,0.0,0.0,0.0,0.4775999999999999,0.4621913580246914,17.377568844000002,212.16691662000002,21.901436851851855,199.61813202000002
22_RT,2,Q3,Animal,Squirrel,5.0,11.0,0.0,2,4,3,0,65,1,0,0.0,0.0,0,0,5.0,0.2,0.0,0,0,0.2,0.0,0.0,0.0,0.7359,0.8035,0.0,0.0,3005.7,3032.85,2.3,1.2,0.7359,0.8035,0.135,0.083,2.4,1.5,0.142,0.121,0.03738,0.00502,0.0,0.0,0.0,0.0,1,3.341,5.0,0,224.402,73.04699191858725,0.276,0.982,0.0,0.0,0.198,0.034,0.0,0.0,0.0,0.0,0.031,0.033,0.0,0.0,0.029,0.0,0.0,0.0,0.0,0.0,1.0,1.0,External_Hazard,Not_Applicable,0.0,0,-0.2,0,-0.2,0.0,0.0676,0.0,27.15000000000009,-1.1,0.0676,-0.052,-0.8999999999999999,-0.0209999999999999,-0.03236,0.0,0.0,-151.35500808141273,0.706,0.0,-0.164,0.0,0.0,0.002,0.0,-0.029,0.0,0.0,-0.2071778509428314,0.0,0.0,0.0,5.0,0.0,0.0,0.0,0.144,0.0,0.0,0.372,0.0,0.248,0.456,0.0,0.0,0.0,0.9993,0.0,3459.6,2.1,0.9993,0.136,0.0,0.0,0.26,0.0,0.083,0.441,0.0,0.294,0.537,17.0,3.4,2915.02,0.056,1e-05,0.0,0.0,1.0,1.296,7.0,0.0,0,2,0.0,0.0,0.0,0.0,0.0,0,0.055200000000000006,0.0,0.0396,0.0,0.0,0.0062,0.0,0.0058000000000000005,0.0,0.0,0.0,0.8932,0.6860221490571685,16.731861924,224.1110034,5.446529811433703,226.1353617
23_RT,2,Q1,Name,Name1,5.0,4.0,0.0,2,1,0,0,64,1,0,0.0,0.0,0,0,5.0,0.2,0.0,0,0,0.2,0.0,0.0,0.0,0.8246,0.9875,0.0,0.0,2112.82,3421.98,1.8,2.2,0.8246,0.9875,0.118,0.129,1.4,1.34,0.02,0.008,0.02629,0.00025,0.2,0.0,15.1,0.0,1,1.496,5.0,0,86.322,131.04946524064172,0.0,0.099,0.0,0.0,0.0,0.0,0.0,0.0,0.0,0.0,0.0,0.0,0.0,0.0,0.0,0.0,0.0,0.0,0.0,0.0,1.0,1.0,Dashboard_Recall,Visual_Search,0.0,0,-0.2,0,-0.2,0.0,0.1629,0.0,1309.16,0.4000000000000001,0.1629,0.011,-0.0599999999999998,-0.012,-0.02604,-0.2,-15.1,44.72746524064172,0.099,0.0,0.0,0.0,0.0,0.0,0.0,0.0,0.0,0.0,-0.0661764705882352,0.0,0.0,0.0,0.0,0.0,0.0,0.0,0.0,0.0,0.0,0.0,0.0,0.0,0.0,0.0,0.0,0.0,0.0,0.0,0.0,0.0,0.0,0.0,0.0,0.0,0.0,0.0,0.0,0.0,0.0,0.0,0.0,0.0,0.0,0.0,0.0,0.0,0.0,0.0,0.0,0.0,0.0,0.0,0,2,0.0,0.0,0.0,0.0,0.0,0,0.0,0.0,0.0,0.0,0.0,0.0,0.0,0.0,0.0,0.0,0.0,1.0,0.9338235294117648,6.436340964,157.53608484000003,9.771310227272728,255.14967276000002
23_RT,2,Q2,Sign,Blind,1.0,4.0,0.0,2,1,0,0,64,1,0,0.0,0.0,0,0,5.0,0.4,0.0,0,0,0.2,0.0,0.0,0.0,0.0664,0.7757,0.0,0.0,3089.37,3268.74,2.6,3.0,0.0144,0.7757,0.19,0.03,3.0,1.8,0.376,0.391,0.00623,0.04812,0.2,0.451,16.7,69.9,0,2.217,1.0,1,537.428,372.0027063599459,0.038,0.277,0.0,0.0,0.0,0.0,0.0,0.0,0.0,0.0,0.0,0.0,0.566,0.0,0.0,0.0,0.0,0.0,0.0,0.0,0.8868,1.0,External_Hazard,Not_Applicable,0.0,0,-0.4,0,-0.2,0.0,0.7092999999999999,0.0,179.3699999999999,0.3999999999999999,0.7613,-0.16,-1.2,0.015,0.04189,0.251,53.2,-165.42529364005412,0.239,0.0,0.0,0.0,0.0,0.0,-0.566,0.0,0.0,0.0,-0.0041436175011276,0.0,0.0,0.0,5.0,0.4,0.0,0.0,0.0,0.0,0.0,0.34,0.0,0.0,0.0,0.0,0.2,0.0,0.5726,0.0,2629.23,2.4,0.5246,0.136,0.0,0.0,0.0,0.0,0.0,0.303,0.0,0.0,0.0,11.0,2.2,1447.73,0.166,0.23945,0.4,26.1,1.0,1.496,5.0,0.0,0,2,0.0,0.0,0.0,0.0,0.0,0,0.0076,0.0,0.0,0.0,0.0,0.0,0.1132,0.0,0.0,0.0,0.0,0.8792,0.8750563824988723,40.071706536,230.34960594,27.737265791610284,243.72379188
23_RT,2,Q3,Animal,Squirrel,2.0,4.0,0.0,2,1,0,0,64,1,0,0.0,0.0,0,0,5.0,0.2,0.705,0,0,0.2,0.0,0.0,0.0,0.9445,0.3204,0.0,0.0,3551.01,0.0,2.2,2.2,0.9445,0.3204,0.149,0.153,1.8,0.0,0.253,0.013,0.01088,0.00077,0.4,0.0,38.2,0.0,0,1.419,2.0,1,502.648,0.0,0.46,0.03,0.0,0.0,0.0,0.0,0.0,0.0,0.112,0.0,0.0,0.0,0.158,0.0,0.0,0.0,0.795,0.0,0.0,0.0,0.946,1.0,External_Hazard,Not_Applicable,0.0,0,0.5049999999999999,0,-0.2,0.0,-0.6241,0.0,-3551.01,0.0,-0.6241,0.004,-1.8,-0.24,-0.01011,-0.4,-38.2,-502.648,-0.43,0.0,0.0,0.0,-0.112,0.0,-0.158,0.0,-0.795,0.0,0.2838583509513742,0.0,0.0,0.0,5.0,0.4,0.0,0.0,0.0,0.0,0.0,0.0,0.06,0.0,0.0,0.0,0.2,0.0,0.7697,0.0,2020.8,2.4,0.7697,0.255,0.0,0.0,0.0,0.0,0.0,0.0,0.0,0.0,0.0,14.0,2.8,1773.84,0.2,0.06627,0.6,9.6,0.0,2.217,1.0,1.0,0,2,0.0,0.0,0.0,0.0,0.0,0,0.092,0.0,0.0,0.0,0.0224,0.0,0.0316,0.0,0.159,0.0,0.0,0.695,0.9788583509513742,37.47844017600001,264.77040762,0.0,0.0
24_RT,2,Q1,Name,Name1,4.0,3.0,3.0,1,1,1,0,83,1,0,12.0,0.0,0,0,5.0,0.2,0.0,0,0,0.0,0.0,0.0,0.0,0.8349,0.7276,0.0,0.0,3059.81,3305.77,1.4,1.9,0.8349,0.7276,0.104,0.123,2.2,2.36,0.018,0.012,0.06686,0.04185,0.0,0.0,0.0,0.0,1,1.698,4.0,0,282.174,447.83274440518255,0.0,0.196,0.0,0.0,0.0,0.0,0.0,0.0,0.0,0.0,0.103,0.074,0.0,0.0,0.334,0.0,0.0,0.0,0.0,0.0,1.0,1.0,Dashboard_Recall,Visual_Search,-12.0,0,-0.2,0,0.0,0.0,-0.1072999999999999,0.0,245.96000000000004,0.5,-0.1072999999999999,0.019,0.1599999999999997,-0.0059999999999999,-0.02501,0.0,0.0,165.65874440518257,0.196,0.0,0.0,0.0,0.0,-0.0289999999999999,0.0,-0.334,0.0,0.0,-0.0716106007067137,0.0,0.0,0.0,0.0,0.0,0.0,0.0,0.0,0.0,0.0,0.0,0.0,0.0,0.0,0.0,0.0,0.0,0.0,0.0,0.0,0.0,0.0,0.0,0.0,0.0,0.0,0.0,0.0,0.0,0.0,0.0,0.0,0.0,0.0,0.0,0.0,0.0,0.0,0.0,0.0,0.0,0.0,0.0,0,2,0.0,0.0,0.0,0.0,0.0,0,0.0,0.0,0.0,0.0,0.0,0.0206,0.0,0.0668,0.0,0.0,0.0,0.9126,0.8409893992932862,21.039457788,228.14555322,33.39130508833922,246.48482274
24_RT,2,Q2,Sign,Blind,7.0,3.0,3.0,1,1,1,0,83,1,0,12.0,0.0,0,0,5.0,0.4,0.0,0,0,0.2,0.0,0.0,0.0,0.1385,0.081,0.0,0.0,2691.48,3293.91,1.9,1.8,-0.096,0.081,0.113,0.124,1.4,1.35,0.015,0.001,0.04023,2e-05,0.0,0.0,0.0,0.0,1,1.477,7.0,0,156.654,135.47731888964114,1.865,0.0,0.0,0.0,0.0,0.0,0.0,0.0,0.031,0.0,0.0,0.06,0.336,0.0,0.068,0.0,0.0,0.0,0.0,0.0,0.9266,1.0,External_Hazard,Not_Applicable,-12.0,0,-0.4,0,-0.2,0.0,-0.0575,0.0,602.4299999999998,-0.0999999999999998,0.177,0.0109999999999999,-0.0499999999999998,-0.0139999999999999,-0.04021,0.0,0.0,-21.176681110358857,-1.865,0.0,0.0,0.0,-0.031,0.06,-0.336,-0.068,0.0,0.0,0.4193771157752199,1.0,12.0,0.0,5.0,0.0,0.0,0.0,0.0,0.0,0.0,0.0,0.0,0.0,0.0,0.0,0.0,0.0,1.0,0.0,3157.34,1.4,1.0,0.111,0.0,0.0,0.0,0.0,0.04,0.0,0.0,0.0,0.0,4.0,0.8,250.91,0.107,0.0,0.0,0.0,1.0,1.698,4.0,0.0,0,2,0.0,0.0,0.0,0.0,0.0,0,0.373,0.0,0.0,0.0,0.0062,0.0,0.06720000000000001,0.013600000000000001,0.0,0.0,0.0,0.54,0.95937711577522,11.680435548,200.68213176,10.101459851049423,245.60051742
24_RT,2,Q3,Animal,Squirrel,4.0,3.0,3.0,1,1,1,0,83,1,0,0.0,0.0,0,0,5.0,0.0,0.381,0,0,0.0,0.0,0.0,0.0,0.9909,0.5857,0.0,0.0,1601.62,4163.94,1.8,1.2,0.9909,0.5857,0.145,0.017,1.2,0.38,1.113,0.152,0.00039,0.05961,0.4,0.0,20.9,100.0,0,2.621,4.0,1,64.196,3.5635253719954214,0.219,1.174,0.0,0.0,0.0,0.0,0.0,0.0,0.0,0.0,0.0,0.059,0.0,0.0,0.0,0.0,0.0,0.0,0.0,0.0,1.0,1.0,External_Hazard,Not_Applicable,0.0,0,0.381,0,0.0,0.0,-0.4052,0.0,2562.3199999999997,-0.6000000000000001,-0.4052,-0.128,-0.82,-0.961,0.05922,-0.4,79.1,-60.63247462800457,0.955,0.0,0.0,0.0,0.0,0.059,0.0,0.0,0.0,0.0,-0.4266311331552841,0.0,0.0,0.0,5.0,0.2,0.0,0.24,0.0,0.0,0.0,0.176,0.0,0.0,0.0,0.0,0.2,0.0,0.7428,0.0,3310.37,2.2,0.7428,0.135,0.0,0.249,0.0,0.0,0.03,0.226,0.0,0.0,0.0,9.0,1.8,1702.38,0.074,0.11748,0.0,0.0,1.0,1.477,7.0,0.0,0,2,0.0,0.0,0.0,0.0,0.0,0,0.0438,0.0,0.0,0.0,0.0,0.0,0.0,0.0,0.0,0.0,0.0,0.9562,0.5295688668447158,4.786582152,119.41999043999999,0.2657035787867226,310.47169428
25_RT,2,Q1,Name,Name1,3.0,47.0,0.0,5,3,0,0,58,0,1,0.0,0.0,0,0,5.0,0.2,0.0,0,0,0.2,0.0,0.0,0.0,0.801,1.0,0.0,0.0,1329.31,2492.04,2.0,2.0,0.801,1.0,0.127,0.268,1.2,3.24,0.084,0.482,0.02322,0.0,0.0,0.0,2.8,0.0,0,1.851,3.0,1,40.874,665.8022690437601,0.0,0.165,0.0,0.0,0.0,0.0,0.0,0.0,0.0,0.0,0.0,0.0,0.0,0.133,0.0,0.0,0.0,0.0,0.0,0.0,1.0,0.9281469475958941,Dashboard_Recall,Visual_Search,0.0,0,-0.2,0,-0.2,0.0,0.1989999999999999,0.0,1162.73,0.0,0.1989999999999999,0.141,2.04,0.3979999999999999,-0.02322,0.0,-2.8,624.9282690437601,0.165,0.0,0.0,0.0,0.0,0.0,0.133,0.0,0.0,0.0,-0.1609940572663425,0.0,0.0,0.0,0.0,0.0,0.0,0.0,0.0,0.0,0.0,0.0,0.0,0.0,0.0,0.0,0.0,0.0,0.0,0.0,0.0,0.0,0.0,0.0,0.0,0.0,0.0,0.0,0.0,0.0,0.0,0.0,0.0,0.0,0.0,0.0,0.0,0.0,0.0,0.0,0.0,0.0,0.0,0.0,0,2,0.0,0.0,0.0,0.0,0.0,0,0.0,0.0,0.0,0.0,0.0,0.0,0.0,0.0,0.0,0.0,0.0,1.0,0.8390059427336575,3.0476471880000005,99.11601222,49.643548784440846,185.81148648
25_RT,2,Q2,Sign,Blind,4.0,47.0,0.0,5,3,0,0,58,0,1,0.0,0.0,0,0,5.0,0.4,0.0,0,0,0.0,0.0,0.0,0.0,0.0972,0.4044,0.0,0.0,2354.75,1467.31,2.8,3.4,0.0972,0.4044,0.162,0.18,1.2,3.33,0.066,0.009,0.002,0.00149,0.0,0.0,0.0,0.0,1,0.901,4.0,0,123.224,295.7380688124306,0.603,0.0,0.0,0.0,0.0,0.039,0.0,0.0,0.0,0.0,0.0,0.0,0.0,0.0,0.111,0.082,0.0,0.0,0.0,0.0,1.0,1.0,External_Hazard,Not_Applicable,0.0,0,-0.4,0,0.0,0.0,0.3072,0.0,-887.44,0.6000000000000001,0.3072,0.0179999999999999,2.13,-0.057,-0.00051,0.0,0.0,172.5140688124306,-0.603,0.0,0.039,0.0,0.0,0.0,0.0,-0.0289999999999999,0.0,0.0,0.0085047724750277,0.0,0.0,0.0,5.0,0.4,0.0,0.387,0.0,0.0,0.0,0.0,0.0,0.0,0.0,0.0,0.2,0.0,0.5156,0.0,1655.44,3.0,0.5156,0.147,0.0,0.236,0.0,0.0,0.0,0.0,0.0,0.0,0.0,5.0,1.0,236.77,0.071,0.15139,0.2,0.0,0.0,1.851,3.0,1.0,0,2,0.0,0.0,0.0,0.0,0.0,0,0.1206,0.0,0.0,0.0,0.0,0.0,0.0,0.0222,0.0,0.0,0.0,0.8572,0.8657047724750278,9.187827888000001,175.5748695,22.05082188679245,109.40556822
25_RT,2,Q3,Animal,Squirrel,4.0,47.0,0.0,5,3,0,0,58,0,1,0.0,0.0,0,0,5.0,0.0,0.0,0,0,0.0,0.0,0.0,0.0,0.8891,0.4668,0.0,0.0,1130.26,1659.02,2.5,2.2,0.8891,0.4668,0.172,0.025,0.4,0.64,0.152,0.234,0.03843,0.05166,0.0,0.0,0.0,76.4,1,1.568,4.0,0,8.49,35.80357142857143,0.0,1.272,0.0,0.0,0.0,0.0,0.0,0.0,0.0,0.0,0.0,0.0,0.0,0.0,0.0,0.0,0.365,0.243,0.0,0.0,1.0,1.0,External_Hazard,Not_Applicable,0.0,0,0.0,0,0.0,0.0,-0.4223,0.0,528.76,-0.2999999999999998,-0.4223,-0.147,0.24,0.082,0.0132299999999999,0.0,76.4,27.31357142857143,1.272,0.0,0.0,0.0,0.0,0.0,0.0,0.0,-0.122,0.0,-0.8931989795918367,0.0,0.0,0.0,5.0,0.4,0.0,0.0,0.0,0.0,0.0,0.0,0.0,0.0,0.0,0.0,0.2,0.0,0.7733,0.0,1297.59,2.5,0.7733,0.133,0.0,0.0,0.0,0.0,0.0,0.0,0.0,0.0,0.0,6.0,1.2,195.59,0.16,0.03844,0.0,10.7,1.0,0.901,4.0,0.0,0,2,0.0,0.0,0.0,0.0,0.0,0,0.0,0.0,0.0,0.0,0.0,0.0,0.0,0.0,0.073,0.0,0.0,0.927,0.0338010204081632,0.63303138,84.27444612000001,2.669585892857143,123.69984924
26_RT,2,Q1,Name,Name1,5.0,6.0,9.0,1,1,0,0,81,0,1,12.0,36.9,0,0,5.0,0.4,0.0,0,0,0.2,0.0,0.0,0.0,0.8789,0.8762,0.0,0.0,2518.67,1706.24,2.2,2.7,0.8789,0.8762,0.155,0.124,2.8,1.23,0.301,0.035,0.00554,0.00795,0.4,0.0,12.0,32.5,1,1.626,5.0,0,256.21,25.91635916359164,0.0,0.0,0.0,0.0,0.0,0.0,0.0,0.0,0.0,0.0,0.0,0.0,0.0,0.0,0.231,0.0,0.0,0.0,0.0,0.0,1.0,1.0,Dashboard_Recall,Working_Memory,24.9,0,-0.4,0,-0.2,0.0,-0.0027,0.0,-812.4300000000001,0.5,-0.0027,-0.031,-1.5699999999999998,-0.266,0.00241,-0.4,20.5,-230.29364083640831,0.0,0.0,0.0,0.0,0.0,0.0,0.0,-0.231,0.0,0.0,0.0462,0.0,0.0,0.0,0.0,0.0,0.0,0.0,0.0,0.0,0.0,0.0,0.0,0.0,0.0,0.0,0.0,0.0,0.0,0.0,0.0,0.0,0.0,0.0,0.0,0.0,0.0,0.0,0.0,0.0,0.0,0.0,0.0,0.0,0.0,0.0,0.0,0.0,0.0,0.0,0.0,0.0,0.0,0.0,0,2,0.0,0.0,0.0,0.0,0.0,0,0.0,0.0,0.0,0.0,0.0,0.0,0.0,0.046200000000000005,0.0,0.0,0.0,0.9538,1.0,19.10353002,187.79707254000002,1.9323755719557199,127.22066688000001
26_RT,2,Q2,Sign,Blind,7.0,6.0,9.0,1,1,0,0,81,0,1,0.0,0.0,0,0,5.0,0.4,0.0,0,0,0.2,0.0,0.0,0.0,0.0868,0.5513,0.0,0.0,2523.57,4280.68,2.7,2.7,0.0594,0.5513,0.154,0.135,2.0,1.6,0.142,0.006,0.00843,0.00135,0.0,0.0,0.0,0.0,1,1.248,7.0,0,190.738,400.7612179487179,0.969,0.039,0.658,0.0,0.0,0.0,0.0,0.0,0.0,0.0,0.0,0.0,0.0,0.0,0.0,0.0,0.0,0.0,0.0,0.0,1.0,1.0,External_Hazard,Not_Applicable,0.0,0,-0.4,0,-0.2,0.0,0.4645,0.0,1757.11,0.0,0.4919,-0.0189999999999999,-0.3999999999999999,-0.1359999999999999,-0.0070799999999999,0.0,0.0,210.02321794871796,-0.93,-0.658,0.0,0.0,0.0,0.0,0.0,0.0,0.0,0.0,0.29415,1.0,12.0,0.0,5.0,0.2,0.0,0.0,0.0,0.0,0.0,0.196,0.0,0.0,0.0,0.0,0.0,0.0,0.7667,0.0,3300.95,2.0,0.7605,0.144,0.0,0.0,0.0,0.0,0.0,0.243,0.0,0.0,0.0,12.0,2.4,2501.13,0.439,0.14587,0.4,21.6,1.0,1.626,5.0,0.0,0,2,0.0,0.0,0.0,0.0,0.0,0,0.1938,0.1316,0.0,0.0,0.0,0.0,0.0,0.0,0.0,0.0,0.0,0.6746000000000001,0.96875,14.221806756000001,188.16242634000002,29.881557932692306,319.17606216
26_RT,2,Q3,Animal,Squirrel,3.0,6.0,9.0,1,1,0,0,81,0,1,0.0,0.0,0,0,5.0,0.2,0.521,0,0,0.2,0.0,0.0,0.0,0.9041,0.4253,0.0,0.0,2433.44,1195.27,2.6,2.6,0.9041,0.4253,0.149,0.137,2.6,0.52,0.032,0.003,0.0109,0.00024,0.0,0.0,0.0,0.0,1,1.918,3.0,0,345.268,13.873826903023984,0.0,1.352,0.0,0.0,0.0,0.0,0.0,0.0,0.0,0.0,0.0,0.0,0.058,0.0,0.181,0.0,0.38,0.161,0.0,0.0,0.9884,1.0,External_Hazard,Not_Applicable,0.0,0,0.321,0,-0.2,0.0,-0.4788,0.0,-1238.17,0.0,-0.4788,-0.0119999999999999,-2.08,-0.029,-0.01066,0.0,0.0,-331.394173096976,1.352,0.0,0.0,0.0,0.0,0.0,-0.058,-0.181,-0.219,0.0,-0.665042544316997,1.0,12.0,0.0,5.0,0.4,0.0,0.0,0.0,0.0,0.0,0.0,0.0,0.0,0.0,0.0,0.0,0.0,0.7745,0.0,2625.05,2.6,0.7745,0.159,0.0,0.0,0.0,0.0,0.0,0.43,0.0,0.0,0.0,12.0,2.4,1892.0,0.066,0.00705,0.0,0.0,1.0,1.248,7.0,0.0,1,2,0.0,0.0,0.0,0.0,0.0,0,0.0,0.0,0.0,0.0,0.0,0.0,0.011600000000000001,0.036199999999999996,0.076,0.0,0.0,0.8762000000000001,0.211157455683003,25.743872615999997,181.44215328,1.0344602815432744,89.12172174
27_RT,2,Q1,Name,Name1,7.0,12.0,20.0,2,3,5,0,53,0,1,0.0,0.0,0,0,5.0,0.2,0.0,0,0,0.0,0.0,0.0,0.0,0.8295,1.0,0.0,0.0,1949.09,4854.1,1.9,1.7,0.8295,1.0,0.121,0.119,1.2,1.24,0.005,0.001,0.00892,0.0,0.0,0.0,0.0,0.0,1,1.607,7.0,0,79.588,525.0528935905414,0.0,0.325,0.0,0.0,0.0,0.0,0.0,0.0,0.0,0.0,0.0,0.0,0.0,0.0,0.202,0.0,0.0,0.0,0.0,0.0,1.0,1.0,Dashboard_Recall,Visual_Search,0.0,0,-0.2,0,0.0,0.0,0.1704999999999999,0.0,2905.01,-0.1999999999999999,0.1704999999999999,-0.002,0.04,-0.004,-0.00892,0.0,0.0,445.46489359054146,0.325,0.0,0.0,0.0,0.0,0.0,0.0,-0.202,0.0,0.0,-0.1618401991288114,0.0,0.0,0.0,0.0,0.0,0.0,0.0,0.0,0.0,0.0,0.0,0.0,0.0,0.0,0.0,0.0,0.0,0.0,0.0,0.0,0.0,0.0,0.0,0.0,0.0,0.0,0.0,0.0,0.0,0.0,0.0,0.0,0.0,0.0,0.0,0.0,0.0,0.0,0.0,0.0,0.0,0.0,0.0,0,2,0.0,0.0,0.0,0.0,0.0,0,0.0,0.0,0.0,0.0,0.0,0.0,0.0,0.040400000000000005,0.0,0.0,0.0,0.9596,0.7977598008711886,5.9342404559999995,145.32804858,39.14899385189795,361.93140420000003
27_RT,2,Q2,Sign,Blind,7.0,12.0,20.0,2,3,5,0,53,0,1,0.0,0.0,0,0,5.0,0.0,0.0,0,0,0.0,0.0,0.0,0.0,0.0365,0.1146,0.0,0.0,2720.66,2252.33,1.6,1.7,0.0365,0.1146,0.111,0.108,2.0,1.48,0.003,0.001,0.00018,0.0003,0.0,0.0,0.0,0.0,1,1.351,7.0,0,245.998,137.37231680236863,1.641,0.031,0.179,0.0,0.038,0.0,0.0,0.0,0.0,0.0,0.0,0.0,0.0,0.0,0.241,0.122,0.0,0.0,0.0,0.0,1.0,1.0,External_Hazard,Not_Applicable,0.0,0,0.0,0,0.0,0.0,0.0781,0.0,-468.3299999999999,0.0999999999999998,0.0781,-0.003,-0.52,-0.002,0.0001199999999999,0.0,0.0,-108.62568319763136,-1.61,-0.179,-0.038,0.0,0.0,0.0,0.0,-0.119,0.0,0.0,0.3065505551443375,0.0,0.0,0.0,5.0,0.0,0.0,0.0,0.0,0.0,0.0,0.48,0.0,0.112,0.0,0.0,0.0,0.0,1.0,0.0,3366.39,1.4,1.0,0.104,0.0,0.0,0.0,0.0,0.0,0.277,0.0,0.139,0.0,10.0,2.0,2922.55,0.032,0.0,0.0,0.0,1.0,1.607,7.0,0.0,0,2,0.0,0.0,0.0,0.0,0.0,0,0.3282,0.0358,0.0076,0.0,0.0,0.0,0.0,0.0482,0.0,0.0,0.0,0.5802,0.8867505551443375,18.342102876,202.85785092,10.24275468541821,167.93822946
27_RT,2,Q3,Animal,Squirrel,6.0,12.0,20.0,2,3,5,0,53,0,1,0.0,0.0,0,0,5.0,0.2,0.0,0,0,0.2,0.0,0.0,0.0,0.7625,0.9266,0.0,0.0,2451.27,0.0,1.6,1.6,0.7625,0.9266,0.114,0.104,1.8,0.0,0.001,0.002,0.01498,0.00115,0.0,0.0,0.0,0.0,1,1.393,6.0,0,273.722,0.0,0.539,1.393,0.0,0.0,0.0,0.0,0.0,0.0,0.0,0.0,0.0,0.0,0.0,0.0,0.0,0.0,0.61,0.0,0.0,0.0,1.0,1.0,External_Hazard,Not_Applicable,0.0,0,-0.2,0,-0.2,0.0,0.1641,0.0,-2451.27,0.0,0.1641,-0.01,-1.8,0.001,-0.01383,0.0,0.0,-273.722,0.854,0.0,0.0,0.0,0.0,0.0,0.0,0.0,-0.61,0.0,-0.7702,0.0,0.0,0.0,5.0,0.2,0.0,0.418,0.168,0.0,0.0,0.732,0.0,0.292,0.0,0.0,0.2,0.0,0.8813,0.0,3021.62,1.4,0.8813,0.117,0.0,0.137,0.24,0.0,0.0,0.606,0.0,0.223,0.0,13.0,2.6,2468.1,0.019,0.04415,0.0,0.0,1.0,1.351,7.0,0.0,0,2,0.0,0.0,0.0,0.0,0.0,0,0.1078,0.0,0.0,0.0,0.0,0.0,0.0,0.0,0.122,0.0,0.0,0.7702,0.0,20.409259763999998,182.77159374000001,0.0,0.0
28_RT,2,Q1,Name,Name1,4.0,5.0,0.0,1,4,0,0,43,0,1,0.0,0.0,0,0,5.0,0.4,0.0,0,0,0.0,0.0,0.0,0.0,0.8736,0.9995,0.0,0.0,2880.23,3003.61,2.6,2.1,0.8736,0.9995,0.147,0.154,2.0,0.82,0.077,0.004,0.01313,0.0,0.0,0.0,0.0,0.0,1,1.225,4.0,0,239.776,261.934693877551,0.0,0.011,0.0,0.0,0.45,0.0,0.0,0.0,0.0,0.0,0.0,0.0,0.0,0.098,0.201,0.0,0.0,0.0,0.0,0.0,1.0,0.92,Dashboard_Recall,Visual_Search,0.0,0,-0.4,0,0.0,0.0,0.1259,0.0,123.38000000000012,-0.5,0.1259,0.007,-1.1800000000000002,-0.073,-0.01313,0.0,0.0,22.158693877551,0.011,0.0,-0.45,0.0,0.0,0.0,0.098,-0.201,0.0,0.0,0.0412204081632653,0.0,0.0,0.0,0.0,0.0,0.0,0.0,0.0,0.0,0.0,0.0,0.0,0.0,0.0,0.0,0.0,0.0,0.0,0.0,0.0,0.0,0.0,0.0,0.0,0.0,0.0,0.0,0.0,0.0,0.0,0.0,0.0,0.0,0.0,0.0,0.0,0.0,0.0,0.0,0.0,0.0,0.0,0.0,0,2,0.0,0.0,0.0,0.0,0.0,0,0.0,0.0,0.09,0.0,0.0,0.0,0.0,0.0402,0.0,0.0,0.0,0.8698,0.9110204081632652,17.878178112,214.75570926,19.53037464489796,223.95516882
28_RT,2,Q2,Sign,Blind,7.0,5.0,0.0,1,4,0,0,43,0,1,0.0,0.0,0,0,5.0,0.4,0.0,0,0,0.2,0.0,0.0,0.0,0.2064,0.1236,0.0,0.0,3179.59,0.0,2.9,2.9,0.2064,0.1236,0.156,0.156,0.8,0.0,0.018,0.0,0.04357,0.00011,0.0,0.0,0.0,0.0,1,0.954,7.0,0,109.526,0.0,0.238,0.577,0.0,0.0,0.068,0.0,0.0,0.0,0.0,0.0,0.0,0.0,0.0,0.0,0.105,0.0,0.0,0.0,0.0,0.0,1.0,1.0,External_Hazard,Not_Applicable,0.0,0,-0.4,0,-0.2,0.0,-0.0828,0.0,-3179.59,0.0,-0.0828,0.0,-0.8,-0.018,-0.04346,0.0,0.0,-109.526,0.3389999999999999,0.0,-0.068,0.0,0.0,0.0,0.0,-0.105,0.0,0.0,-0.5226218029350105,0.0,0.0,0.0,5.0,0.2,0.0,2.091,0.0,0.0,0.0,0.0,0.453,0.0,0.0,0.0,0.2,0.0,0.48,0.0,3152.61,2.8,0.48,0.163,0.0,0.034,0.0,0.0,0.0,0.0,0.492,0.0,0.0,4.0,0.8,735.45,0.1,0.12988,0.0,0.0,1.0,1.225,4.0,0.0,0,2,0.0,0.0,0.0,0.0,0.0,0,0.047599999999999996,0.0,0.013600000000000001,0.0,0.0,0.0,0.0,0.020999999999999998,0.0,0.0,0.0,0.9178,0.3951781970649895,8.166477612,237.07658958000002,0.0,0.0
28_RT,2,Q3,Animal,Squirrel,5.0,5.0,0.0,1,4,0,0,43,0,1,0.0,0.0,0,0,5.0,0.2,0.0,0,0,0.2,0.0,0.0,0.0,0.8774,0.5049,0.0,0.0,2450.04,0.0,2.5,2.5,0.8774,0.5049,0.151,0.153,1.4,0.0,0.016,0.006,0.02262,0.00187,0.0,0.0,0.0,0.0,1,1.303,5.0,0,127.718,0.0,0.024,0.346,0.0,0.0,0.0,0.0,0.0,0.0,0.0,0.0,0.0,0.0,0.0,0.0,0.271,0.0,0.136,0.0,0.0,0.0,1.0,1.0,External_Hazard,Not_Applicable,0.0,0,-0.2,0,-0.2,0.0,-0.3724999999999999,0.0,-2450.04,0.0,-0.3724999999999999,0.002,-1.4,-0.01,-0.02075,0.0,0.0,-127.718,0.3219999999999999,0.0,0.0,0.0,0.0,0.0,0.0,-0.271,-0.136,0.0,-0.1793410590943974,0.0,0.0,0.0,5.0,0.2,0.0,1.018,0.312,0.0,0.0,0.0,0.0,0.0,0.0,0.0,0.2,0.0,0.7638,0.0,2974.64,2.7,0.7638,0.161,0.0,0.72,0.342,0.0,0.0,0.0,0.0,0.0,0.0,7.0,1.4,895.03,0.007,0.05073,0.0,0.0,1.0,0.954,7.0,0.0,0,2,0.0,0.0,0.0,0.0,0.0,0,0.0048000000000000004,0.0,0.0,0.0,0.0,0.0,0.0,0.054200000000000005,0.027200000000000002,0.0,0.0,0.9138,0.7344589409056025,9.522909516,182.67988248,0.0,0.0
29_RT,2,Q1,Name,Name1,6.0,26.5,0.0,3,4,0,0,76,0,1,0.0,0.0,0,0,5.0,0.4,0.0,0,0,0.4,0.0,0.0,0.0,0.7785,1.0,0.0,0.0,2870.23,2564.45,2.5,2.9,0.7785,1.0,0.166,0.148,1.6,2.51,0.289,0.03,0.023,0.0,0.0,0.0,0.0,0.0,1,2.39,6.0,0,218.564,459.66945606694554,0.0,0.033,0.0,0.0,0.323,0.0,0.0,0.0,0.0,0.0,0.0,0.0,0.0,0.101,0.242,0.0,0.0,0.0,0.0,0.0,1.0,0.9577405857740586,Dashboard_Recall,Visual_Search,0.0,0,-0.4,0,-0.4,0.0,0.2215,0.0,-305.7800000000002,0.3999999999999999,0.2215,-0.018,0.9099999999999996,-0.259,-0.023,0.0,0.0,241.10545606694555,0.033,0.0,-0.323,0.0,0.0,0.0,0.101,-0.242,0.0,0.0,0.0569330543933053,0.0,0.0,0.0,0.0,0.0,0.0,0.0,0.0,0.0,0.0,0.0,0.0,0.0,0.0,0.0,0.0,0.0,0.0,0.0,0.0,0.0,0.0,0.0,0.0,0.0,0.0,0.0,0.0,0.0,0.0,0.0,0.0,0.0,0.0,0.0,0.0,0.0,0.0,0.0,0.0,0.0,0.0,0.0,0,2,0.0,0.0,0.0,0.0,0.0,0,0.0,0.0,0.0646,0.0,0.0,0.0,0.0,0.0484,0.0,0.0,0.0,0.8870000000000001,0.9439330543933054,16.296568968,214.01008926,34.2738739832636,191.2105209
29_RT,2,Q2,Sign,Blind,7.0,26.5,0.0,3,4,0,0,76,0,1,0.0,0.0,0,0,5.0,0.4,0.0,0,0,0.4,0.0,0.0,0.0,0.3299,0.0943,0.0,0.0,2575.79,3525.25,2.8,3.0,0.2371,0.0943,0.16,0.158,1.8,2.57,0.044,0.0,0.15923,0.00145,0.0,0.0,0.0,0.0,1,1.169,7.0,0,250.07199999999995,430.85543199315657,0.618,0.271,0.195,0.029,0.0,0.0,0.0,0.0,0.0,0.0,0.0,0.0,0.363,0.0,0.0,0.0,0.0,0.0,0.0,0.0,0.9274,1.0,External_Hazard,Not_Applicable,0.0,0,-0.4,0,-0.4,0.0,-0.2356,0.0,949.46,0.2000000000000001,-0.1428,-0.002,0.7699999999999998,-0.044,-0.15778,0.0,0.0,180.7834319931566,-0.347,-0.166,0.0,0.0,0.0,0.0,-0.363,0.0,0.0,0.0,-0.0214295979469631,0.0,0.0,0.0,5.0,0.4,0.92,0.0,0.0,0.0,0.0,0.232,0.0,0.0,0.0,0.0,0.2,0.0,0.5656,0.0,2585.42,2.7,0.4726,0.16,0.067,0.069,0.0,0.0,0.0,0.363,0.0,0.0,0.0,10.0,2.0,1339.0,0.038,0.24104,0.0,0.0,1.0,2.39,6.0,0.0,0,2,0.0,0.0,0.0,0.0,0.0,0,0.1236,0.039,0.0,0.0,0.0,0.0,0.0726,0.0,0.0,0.0,0.0,0.7647999999999999,0.7433704020530367,18.645868463999996,192.05605398,32.12544272027374,262.8496905
29_RT,2,Q3,Animal,Squirrel,2.0,26.5,0.0,3,4,0,0,76,0,1,0.0,0.0,0,0,5.0,0.4,0.549,0,0,0.4,0.549,0.0,0.0,0.8182,0.4651,0.0,0.0,3866.89,1494.96,3.1,2.9,0.8182,0.4651,0.177,0.142,1.6,1.1,0.006,0.009,0.05669,0.04074,0.0,0.0,0.0,0.0,1,1.822,2.0,0,455.186,46.531284302963776,0.0,0.848,0.0,0.0,0.117,0.0,0.0,0.0,0.0,0.0,0.0,0.0,0.606,0.0,0.221,0.0,0.0,0.064,0.0,0.0,0.8788,1.0,External_Hazard,Not_Applicable,0.0,0,0.149,0,0.149,0.0,-0.3531,0.0,-2371.93,-0.2000000000000001,-0.3531,-0.035,-0.5,0.0029999999999999,-0.01595,0.0,0.0,-408.6547156970362,0.848,0.0,-0.117,0.0,0.0,0.0,-0.606,-0.221,0.064,0.0,-0.3117488474204171,0.0,0.0,0.0,5.0,0.4,0.0,0.0,0.0,0.0,0.0,0.328,0.0,0.0,0.436,0.0,0.4,0.0,0.6665,0.0,3528.13,3.2,0.6665,0.178,0.0,0.0,0.039,0.0,0.0,0.368,0.0,0.0,0.512,8.0,1.6,1686.18,0.008,0.0646,0.0,0.0,1.0,1.169,7.0,0.0,0,2,0.0,0.0,0.0,0.0,0.0,0,0.0,0.0,0.0234,0.0,0.0,0.0,0.1212,0.0442,0.0,0.0,0.0,0.8112,0.4994511525795829,33.939578532,288.32305218,3.4694656201975853,111.46720752
30_RT,2,Q1,Name,Name1,4.0,43.0,0.0,5,2,0,0,46,1,0,48.0,50.79,0,0,5.0,0.0,0.0,0,0,0.0,0.0,0.0,0.0,0.836,0.8515,0.0,0.0,2305.03,3168.46,1.4,1.4,0.836,0.8515,0.136,0.106,2.4,4.02,0.288,0.253,0.03697,0.02531,0.4,0.423,11.6,24.9,1,4.725,4.0,0,150.93,648.2433862433862,0.0,0.133,0.0,0.0,0.0,0.395,0.0,0.0,0.0,0.0,0.0,0.037,0.0,0.0,0.0,0.07,0.0,0.0,0.0,0.0,1.0,1.0,Dashboard_Recall,Visual_Search,2.789999999999999,0,0.0,0,0.0,0.0,0.0155,0.0,863.4299999999998,0.0,0.0155,-0.03,1.6199999999999997,-0.0349999999999999,-0.01166,0.0229999999999999,13.3,497.3133862433862,0.133,0.0,0.395,0.0,0.0,0.037,0.0,0.07,0.0,0.0,-0.1343915343915344,0.0,0.0,0.0,0.0,0.0,0.0,0.0,0.0,0.0,0.0,0.0,0.0,0.0,0.0,0.0,0.0,0.0,0.0,0.0,0.0,0.0,0.0,0.0,0.0,0.0,0.0,0.0,0.0,0.0,0.0,0.0,0.0,0.0,0.0,0.0,0.0,0.0,0.0,0.0,0.0,0.0,0.0,0.0,1,2,0.0,0.0,0.0,0.0,0.0,0,0.0,0.0,0.0,0.0,0.0,0.0,0.0,0.0,0.0,0.0,0.0,1.0,0.8656084656084656,11.25364266,171.86764686000004,48.334323365079364,236.24671452
30_RT,2,Q2,Sign,Blind,7.0,43.0,0.0,5,2,0,0,46,1,0,36.0,0.0,0,0,5.0,0.4,0.0,0,0,0.2,0.0,0.0,0.0,0.1345,0.1683,0.0,0.0,2660.36,0.0,1.8,2.0,0.0765,0.1683,0.106,0.139,2.2,0.0,0.327,0.007,0.01491,0.0,0.4,0.0,31.2,0.0,1,0.839,7.0,0,272.294,0.0,0.0,0.755,0.266,0.0,0.0,0.0,0.0,0.0,0.0,0.0,0.0,0.0,0.0,0.0,0.0,0.0,0.0,0.0,0.0,0.0,1.0,1.0,External_Hazard,Not_Applicable,-36.0,0,-0.4,0,-0.2,0.0,0.0338,0.0,-2660.36,0.1999999999999999,0.0918,0.033,-2.2,-0.32,-0.01491,-0.4,-31.2,-272.294,0.755,-0.266,0.0,0.0,0.0,0.0,0.0,0.0,0.0,0.0,-0.846680810488677,6.0,72.0,0.0,5.0,0.0,0.0,0.0,0.0,0.322,0.0,0.0,0.0,0.0,0.0,1.0,0.0,0.0,0.9991,0.0,3223.14,1.5,0.9991,0.099,0.0,0.0,0.102,0.0,0.0,0.0,0.0,0.0,0.0,16.0,3.2,2173.4,0.416,0.0,0.4,42.7,1.0,4.725,4.0,0.0,0,2,0.0,0.0,0.0,0.0,0.0,0,0.0,0.053200000000000004,0.0,0.0,0.0,0.0,0.0,0.0,0.0,0.0,0.0,0.9468,0.1001191895113229,20.302785228,198.36176232000003,0.0,0.0
30_RT,2,Q3,Animal,Squirrel,5.0,43.0,0.0,5,2,0,0,46,1,0,48.0,13.76,0,0,5.0,0.2,0.0,0,0,0.2,0.0,0.0,0.0,0.9644,1.0,0.0,0.0,3296.98,2657.67,1.7,1.1,0.9644,1.0,0.1,0.065,2.4,0.92,0.181,0.2,0.00856,0.0,0.4,0.459,32.9,61.2,1,4.362,5.0,0,373.402,58.936267767079315,0.0,1.208,0.0,0.0,0.0,0.0,0.0,0.0,0.0,0.0,0.0,0.0,0.0,0.0,0.039,0.0,0.0,0.242,0.0,0.0,1.0,1.0,External_Hazard,Not_Applicable,-34.24,0,-0.2,0,-0.2,0.0,0.0355999999999999,0.0,-639.31,-0.5999999999999999,0.0355999999999999,-0.035,-1.48,0.019,-0.00856,0.059,28.300000000000004,-314.4657322329207,1.208,0.0,0.0,0.0,0.0,0.0,0.0,-0.039,0.242,0.0,-0.3246163227877121,5.0,60.0,0.0,5.0,0.4,0.0,0.0,0.0,0.0,0.0,0.0,0.0,0.0,0.0,0.0,0.2,0.0,0.8324,0.0,3571.24,1.8,0.8324,0.141,1.044,0.345,0.03,0.0,0.0,0.0,0.0,0.0,0.0,9.0,1.8,1096.09,0.469,0.0699,0.4,19.7,1.0,0.839,7.0,0.0,0,2,0.0,0.0,0.0,0.0,0.0,0,0.0,0.0,0.0,0.0,0.0,0.0,0.0,0.0078,0.0,0.0,0.0,0.9922,0.667583677212288,27.841599924,245.82942276,4.394405997248968,198.16119054
31_RT,2,Q1,Name,Name1,5.0,1.67,12.0,1,4,3,0,57,0,1,0.0,0.0,0,0,5.0,0.4,0.369,0,0,0.2,0.369,0.0,0.0,0.8023,0.959,0.0,0.0,2482.68,2841.4,2.2,1.8,0.8023,0.959,0.12,0.122,2.0,1.48,0.257,0.084,0.04473,0.00413,0.2,0.369,17.3,6.2,1,2.708,5.0,0,236.266,255.77548005908417,0.0,0.656,0.0,0.0,0.655,0.012,0.0,0.0,0.0,0.0,0.0,0.0,0.0,0.14,0.038,0.0,0.0,0.0,0.0,0.0,1.0,0.948301329394387,Dashboard_Recall,Visual_Search,0.0,0,-0.031,0,0.1689999999999999,0.0,0.1566999999999999,0.0,358.72000000000025,-0.4000000000000001,0.1566999999999999,0.002,-0.52,-0.173,-0.0406,0.1689999999999999,-11.1,19.509480059084183,0.656,0.0,-0.643,0.0,0.0,0.0,0.14,-0.038,0.0,0.0,-0.1597751846381093,0.0,0.0,0.0,0.0,0.0,0.0,0.0,0.0,0.0,0.0,0.0,0.0,0.0,0.0,0.0,0.0,0.0,0.0,0.0,0.0,0.0,0.0,0.0,0.0,0.0,0.0,0.0,0.0,0.0,0.0,0.0,0.0,0.0,0.0,0.0,0.0,0.0,0.0,0.0,0.0,0.0,0.0,0.0,0,2,0.0,0.0,0.0,0.0,0.0,0,0.0,0.0,0.131,0.0,0.0,0.0,0.0,0.0076,0.0,0.0,0.0,0.8614,0.7016248153618907,17.616465492,185.11358615999998,19.071131344165433,211.8604668
31_RT,2,Q2,Sign,Blind,6.0,1.67,12.0,1,4,3,0,57,0,1,0.0,0.0,0,0,5.0,0.4,0.0,0,0,0.2,0.0,0.0,0.0,0.221,0.0094,0.0,0.0,3303.68,0.0,2.5,2.9,0.1953,0.0034,0.142,0.108,1.2,0.0,0.648,0.032,0.10879,0.0001,0.4,0.0,25.1,0.0,1,1.34,6.0,0,228.888,0.0,1.141,1.34,0.634,0.0,0.0,0.0,0.0,0.0,0.0,0.0,0.0,0.0,0.375,0.0,0.0,0.0,0.0,0.0,0.0,0.0,0.925,1.0,External_Hazard,Not_Applicable,0.0,0,-0.4,0,-0.2,0.0,-0.2116,0.0,-3303.68,0.3999999999999999,-0.1919,-0.0339999999999999,-1.2,-0.616,-0.10869,-0.4,-25.1,-228.888,0.199,-0.634,0.0,0.0,0.0,0.0,-0.375,0.0,0.0,0.0,-0.5700000000000001,0.0,0.0,0.0,5.0,0.2,0.0,0.0,0.0,0.0,0.0,1.069,0.741,0.0,0.0,0.0,0.0,0.0,0.7809,0.0,3477.54,1.8,0.7809,0.132,0.0,0.0,0.0,0.0,0.0,0.375,0.646,0.0,0.0,8.0,1.6,1782.29,0.306,0.10176,0.6,25.1,1.0,2.708,5.0,0.0,0,2,0.0,0.0,0.0,0.0,0.0,0,0.22820000000000001,0.1268,0.0,0.0,0.0,0.0,0.075,0.0,0.0,0.0,0.0,0.5700000000000001,0.0,17.066347056,246.32898816,0.0,0.0
31_RT,2,Q3,Animal,Squirrel,5.0,1.67,12.0,1,4,3,0,57,0,1,12.0,0.0,0,0,5.0,0.2,0.319,0,0,0.2,0.319,0.0,0.0,0.8697,0.4435,0.0,0.0,2905.64,1601.38,2.6,1.5,0.8697,0.4435,0.156,0.051,2.4,0.32,0.007,0.372,0.0545,0.04686,0.0,0.319,0.0,47.9,1,3.133,5.0,0,450.346,14.548356208107244,0.0,2.387,0.0,0.0,0.566,0.0,0.0,0.0,0.0,0.0,0.065,0.0,0.925,0.0,0.406,0.0,0.129,0.608,0.329,0.0,0.815,1.0,External_Hazard,Not_Applicable,-12.0,0,0.119,0,0.119,0.0,-0.4262,0.0,-1304.2599999999998,-1.1,-0.4262,-0.105,-2.08,0.365,-0.00764,0.319,47.9,-435.7976437918928,2.387,0.0,-0.566,0.0,0.0,-0.065,-0.925,-0.406,0.479,-0.329,-0.4719527609320141,0.0,0.0,0.0,5.0,0.2,0.38,1.223,0.0,0.0,0.0,0.0,0.0,0.0,0.268,0.0,0.2,0.0,0.7524,0.0,2380.21,2.7,0.7524,0.157,0.639,0.687,0.0,0.0,0.0,0.0,0.0,0.0,0.26,7.0,1.4,741.05,0.025,0.10972,0.0,0.0,1.0,1.34,6.0,0.0,0,2,0.0,0.0,0.0,0.0,0.0,0,0.0,0.0,0.1132,0.0,0.0,0.013000000000000001,0.185,0.08120000000000001,0.0258,0.0658,0.0,0.516,0.0440472390679859,33.578698452000005,216.65032968,1.0847545355888923,119.40209556
32_RT,2,Q1,Name,Name1,5.0,18.0,20.0,3,1,2,0,53,1,0,12.0,0.0,0,0,5.0,0.2,0.0,0,0,0.2,0.0,0.0,0.0,0.877,0.8709,0.0,0.0,3159.31,1738.7,1.7,1.7,0.877,0.8709,0.142,0.106,2.0,0.66,0.24,0.013,0.0088,0.00037,0.0,0.0,0.0,0.0,0,1.514,5.0,1,230.83,33.494055482166445,0.0,0.0,0.0,0.0,0.0,0.0,0.0,0.0,0.0,0.0,0.036,0.0,0.0,0.0,0.34,0.0,0.0,0.0,0.0,0.0,1.0,1.0,Dashboard_Recall,Working_Memory,-12.0,0,-0.2,0,-0.2,0.0,-0.0060999999999999,0.0,-1420.61,0.0,-0.0060999999999999,-0.0359999999999999,-1.34,-0.2269999999999999,-0.00843,0.0,0.0,-197.3359445178336,0.0,0.0,0.0,0.0,0.0,-0.036,0.0,-0.34,0.0,0.0,0.0752,0.0,0.0,0.0,0.0,0.0,0.0,0.0,0.0,0.0,0.0,0.0,0.0,0.0,0.0,0.0,0.0,0.0,0.0,0.0,0.0,0.0,0.0,0.0,0.0,0.0,0.0,0.0,0.0,0.0,0.0,0.0,0.0,0.0,0.0,0.0,0.0,0.0,0.0,0.0,0.0,0.0,0.0,0.0,0,2,0.0,0.0,0.0,0.0,0.0,0,0.0,0.0,0.0,0.0,0.0,0.0072,0.0,0.068,0.0,0.0,0.0,0.9248,1.0,17.211146460000002,235.56447222,2.4973837648612944,129.6409494
32_RT,2,Q2,Sign,Blind,7.0,18.0,20.0,3,1,2,0,53,1,0,12.0,0.0,0,0,5.0,0.2,0.0,0,0,0.0,0.0,0.0,0.0,0.1467,0.2364,0.0,0.0,2662.02,1646.21,1.6,1.5,0.1467,0.2364,0.107,0.106,1.0,1.17,0.001,0.0,0.00107,0.00018,0.0,0.0,0.0,0.0,1,1.715,7.0,0,74.652,58.12244897959184,0.0,0.725,0.66,0.284,0.0,0.0,0.0,0.0,0.0,0.0,0.0,0.0,0.0,0.0,0.037,0.0,0.0,0.0,0.0,0.0,1.0,1.0,External_Hazard,Not_Applicable,-12.0,0,-0.2,0,0.0,0.0,0.0897,0.0,-1015.81,-0.1,0.0897,-0.001,0.1699999999999999,-0.001,-0.00089,0.0,0.0,-16.529551020408164,0.725,-0.376,0.0,0.0,0.0,0.0,0.0,-0.037,0.0,0.0,-0.448938192419825,3.0,36.0,0.0,5.0,0.2,0.0,0.0,0.0,0.0,0.0,0.0,0.0,0.0,0.0,0.0,0.0,0.0,0.9981,0.0,3632.9,1.3,0.9981,0.108,0.0,0.0,0.034,0.0,0.073,0.0,0.0,0.072,0.0,8.0,1.6,360.76,0.004,3e-05,0.0,0.0,0.0,1.514,5.0,1.0,0,2,0.0,0.0,0.0,0.0,0.0,0,0.0,0.132,0.0,0.0,0.0,0.0,0.0,0.0073999999999999995,0.0,0.0,0.0,0.8606,0.411661807580175,5.566202424,198.48553524000002,4.333726040816327,122.74471002000001
32_RT,2,Q3,Animal,Squirrel,5.0,18.0,20.0,3,1,2,0,53,1,0,36.0,36.14,0,0,5.0,0.2,0.151,0,0,0.0,0.151,0.0,0.0,0.9366,0.2249,0.0,0.0,3717.95,5079.57,1.3,0.6,0.9366,0.2249,0.105,0.02,1.6,0.9,0.001,0.219,0.00018,0.04774,0.0,0.151,0.0,77.6,1,6.64,5.0,1,73.184,31.862951807228917,0.0,5.149,0.0,0.0,0.0,0.0,0.0,0.0,0.0,0.0,0.038,0.041,0.0,0.0,0.0,0.0,0.0,0.0,0.0,0.0,1.0,1.0,External_Hazard,Not_Applicable,0.1400000000000005,0,-0.049,0,0.151,0.0,-0.7117,0.0,1361.62,-0.7000000000000001,-0.7117,-0.0849999999999999,-0.7000000000000001,0.218,0.04756,0.151,77.6,-41.32104819277108,5.149,0.0,0.0,0.0,0.0,0.003,0.0,0.0,0.0,0.0,-0.7740265060240964,3.0,36.0,0.0,5.0,0.2,0.792,0.792,0.0,0.0,0.0,0.0,0.0,0.0,0.0,0.0,0.2,0.0,0.8011,0.0,4018.46,1.3,0.8011,0.106,0.0,0.179,0.1,0.0,0.0,0.0,0.0,0.064,0.0,8.0,1.6,860.36,0.014,0.04345,0.0,0.0,1.0,1.715,7.0,0.0,1,2,0.0,0.0,0.0,0.0,0.0,0,0.0,0.0,0.0,0.0,0.0,0.0076,0.0,0.0,0.0,0.0,0.0,0.9924,0.2183734939759035,5.456745408,277.2177879,2.3757654126506025,378.74289834
33_RT,2,Q1,Name,Name1,6.0,6.0,1.0,3,3,2,0,100,0,1,0.0,32.49,0,0,5.0,0.2,0.0,0,0,0.2,0.0,0.0,0.0,0.7244,0.7843,0.0,0.0,2591.62,2347.35,2.6,2.8,0.7235,0.7843,0.264,0.08,1.6,1.62,1.625,0.415,0.12914,0.03187,0.2,0.0,0.0,0.0,1,1.846,6.0,0,239.868,350.9967497291441,0.0,0.396,0.0,0.0,0.0,0.0,0.0,0.0,0.0,0.0,0.0,0.0,0.174,0.131,0.0,0.0,0.0,0.0,0.0,0.0,0.9652000000000001,0.929035752979415,Dashboard_Recall,Visual_Search,32.49,0,-0.2,0,-0.2,0.0,0.0598999999999999,0.0,-244.27,0.1999999999999997,0.0607999999999999,-0.184,0.02,-1.21,-0.09727,-0.2,0.0,111.12874972914408,0.396,0.0,0.0,0.0,0.0,0.0,-0.0429999999999999,0.0,0.0,0.0,-0.2506821235102925,0.0,0.0,0.0,0.0,0.0,0.0,0.0,0.0,0.0,0.0,0.0,0.0,0.0,0.0,0.0,0.0,0.0,0.0,0.0,0.0,0.0,0.0,0.0,0.0,0.0,0.0,0.0,0.0,0.0,0.0,0.0,0.0,0.0,0.0,0.0,0.0,0.0,0.0,0.0,0.0,0.0,0.0,0.0,0,2,0.0,0.0,0.0,0.0,0.0,0,0.0,0.0,0.0,0.0,0.0,0.0,0.0348,0.0,0.0,0.0,0.0,0.9652,0.7145178764897074,17.885037816,193.23637044,26.17101965330444,175.0231107
33_RT,2,Q2,Sign,Blind,1.0,6.0,1.0,3,3,2,0,100,0,1,0.0,19.38,0,0,5.0,0.6,0.0,0,0,0.4,0.0,0.0,0.0,0.513,0.5377,0.0,0.0,1463.88,2014.91,3.9,3.1,0.4868,0.5377,0.289,0.112,2.2,1.62,0.717,0.948,0.19573,0.07801,0.2,0.0,0.0,19.3,0,3.095,1.0,1,93.296,137.47011308562196,0.061,0.03,0.071,0.0,0.0,0.0,0.0,0.0,0.0,0.0,0.0,0.0,0.0,0.0,0.0,0.0,0.0,0.0,0.0,0.0,1.0,1.0,External_Hazard,Not_Applicable,19.38,0,-0.6,0,-0.4,0.0,0.0246999999999999,0.0,551.03,-0.7999999999999998,0.0508999999999999,-0.177,-0.5800000000000001,0.2309999999999999,-0.1177199999999999,-0.2,19.3,44.174113085621954,-0.031,-0.071,0.0,0.0,0.0,0.0,0.0,0.0,0.0,0.0,0.0167069466882068,0.0,0.0,0.0,5.0,0.4,0.0,0.0,0.0,0.0,0.0,0.0,0.0,0.0,0.0,0.0,0.2,0.0,0.6483,0.0,1497.14,3.4,0.609,0.312,0.071,0.061,0.0,0.0,0.0,0.0,0.0,0.0,0.0,9.0,1.8,399.73,1.216,0.22975,0.4,0.0,1.0,1.846,6.0,0.0,0,2,0.0,0.0,0.0,0.0,0.0,0,0.012199999999999999,0.014199999999999999,0.0,0.0,0.0,0.0,0.0,0.0,0.0,0.0,0.0,0.9736,0.9903069466882068,6.956336352000001,109.14982056000001,10.250046571890145,150.23571942
33_RT,2,Q3,Animal,Squirrel,2.0,6.0,1.0,3,3,2,0,100,0,1,24.0,0.0,0,0,5.0,0.4,0.212,0,0,0.4,0.212,0.0,0.0,0.854,0.7896,0.0,0.0,2204.83,2715.3,2.8,2.2,0.854,0.7896,0.164,0.145,2.0,1.48,0.293,0.142,0.0295,0.04782,0.2,0.424,6.1,4.7,0,4.718,2.0,1,244.12399999999997,187.85502331496397,0.0,0.4,0.0,0.0,0.0,0.0,0.0,0.338,0.0,0.0,0.0,0.0,0.035,0.0,0.0,0.0,0.0,0.0,0.0,0.0,0.993,1.0,External_Hazard,Not_Applicable,-24.0,0,-0.188,0,-0.188,0.0,-0.0644,0.0,510.47000000000025,-0.5999999999999996,-0.0644,-0.019,-0.52,-0.151,0.01832,0.2239999999999999,-1.3999999999999997,-56.268976685035994,0.4,0.0,0.0,0.338,0.0,0.0,-0.035,0.0,0.0,0.0,-0.1494222128020347,3.0,36.0,0.0,5.0,0.4,0.0,0.0,0.0,0.0,0.0,0.156,0.0,0.0,0.0,0.0,0.4,0.0,0.854,0.0,2295.72,2.8,0.854,0.169,0.0,0.0,0.0,0.0,0.0,0.035,0.0,0.0,0.0,11.0,2.2,1466.88,0.286,0.02953,0.2,6.1,0.0,3.095,1.0,1.0,0,2,0.0,0.0,0.0,0.0,0.0,0,0.0,0.0,0.0,0.0,0.0,0.0,0.007000000000000001,0.0,0.0,0.0,0.0,0.993,0.8435777871979653,18.202373687999998,164.39653446,14.006846248410344,202.45819860000003
34_RT,2,Q1,Name,Name1,6.0,27.0,5.0,3,4,1,0,80,1,0,36.0,39.71,0,0,5.0,0.2,0.662,0,0,0.2,0.0,0.0,0.0,0.7534,0.8825,0.0,0.0,2652.76,2815.43,2.0,3.0,0.7534,0.8825,0.137,0.237,2.4,2.65,0.029,0.12,0.0447,0.00287,0.0,0.0,0.0,0.0,1,1.511,6.0,0,317.308,571.9457313037724,0.0,0.192,0.0,0.0,0.0,0.0,0.0,0.0,0.0,0.0,0.0,0.0,0.398,0.098,0.0,0.0,0.0,0.0,0.0,0.0,0.9204,0.9351422898742554,Dashboard_Recall,Visual_Search,3.710000000000001,0,0.462,0,-0.2,0.0,0.1291,0.0,162.66999999999962,1.0,0.1291,0.0999999999999999,0.25,0.091,-0.04183,0.0,0.0,254.6377313037724,0.192,0.0,0.0,0.0,0.0,0.0,-0.3,0.0,0.0,0.0,-0.1123258769027135,0.0,0.0,0.0,0.0,0.0,0.0,0.0,0.0,0.0,0.0,0.0,0.0,0.0,0.0,0.0,0.0,0.0,0.0,0.0,0.0,0.0,0.0,0.0,0.0,0.0,0.0,0.0,0.0,0.0,0.0,0.0,0.0,0.0,0.0,0.0,0.0,0.0,0.0,0.0,0.0,0.0,0.0,0.0,1,2,0.0,0.0,0.0,0.0,0.0,0,0.0,0.0,0.0,0.0,0.0,0.0,0.0796,0.0,0.0,0.0,0.0,0.9204,0.8080741230972865,23.659119096,197.79509112000002,42.64541761747188,209.92409166
34_RT,2,Q2,Sign,Blind,3.0,27.0,5.0,3,4,1,0,80,1,0,24.0,57.43,0,0,5.0,0.0,0.0,1,0,0.0,0.0,0.0,0.0,0.7619,0.3974,0.0,0.0,2908.92,2341.85,2.9,2.9,0.7619,0.2837,0.195,0.103,2.4,3.59,0.989,0.66,0.0418,0.12036,0.2,0.239,2.0,13.3,0,4.179,3.0,1,232.852,407.6334051208422,0.0,0.085,0.167,0.289,0.0,0.0,0.0,0.0,0.0,0.431,0.073,0.0,0.156,0.379,0.0,0.0,0.0,0.0,0.0,0.0,0.9688,0.8061737257717158,External_Hazard,Not_Applicable,33.43,0,0.0,-1,0.0,0.0,-0.3645,0.0,-567.0700000000002,0.0,-0.4782,-0.092,1.19,-0.3289999999999999,0.0785599999999999,0.0389999999999999,11.3,174.7814051208423,0.085,0.1219999999999999,0.0,0.0,0.431,-0.073,0.223,0.0,0.0,0.0,-0.2041213687485045,3.0,36.0,0.0,5.0,0.4,0.0,0.0,0.0,0.0,0.0,0.0,0.0,0.0,0.0,1.0,0.4,0.0,0.8286,0.0,2614.9,2.6,0.8286,0.163,0.0,0.0,0.0,0.0,0.073,0.0,0.0,0.0,0.0,12.0,2.4,932.13,0.662,0.01705,0.2,18.9,1.0,1.511,6.0,0.0,0,2,0.0,0.0,0.0,0.0,0.0,0,0.0,0.0334,0.0,0.0,0.0,0.014599999999999998,0.0312,0.0,0.0,0.0,0.0,0.9208,0.7166786312514956,17.361910824000002,216.89489304000003,30.393961952620238,174.6130197
34_RT,2,Q3,Animal,Squirrel,5.0,27.0,5.0,3,4,1,0,80,1,0,60.0,0.0,0,0,5.0,0.4,0.253,0,0,0.4,0.253,0.0,0.0,0.7905,0.7382,0.0,0.0,2939.32,2353.13,3.1,2.0,0.7905,0.7382,0.189,0.085,3.0,1.77,0.294,0.324,0.05644,0.08403,0.2,0.253,0.0,35.6,0,3.945,5.0,1,600.054,258.149556400507,0.0,0.031,0.0,0.0,0.0,0.0,0.0,0.0,0.0,0.0,0.0,0.0,1.162,0.097,0.0,0.0,0.0,0.647,0.0,0.0,0.7676000000000001,0.9754119138149556,External_Hazard,Not_Applicable,-60.0,0,-0.147,0,-0.147,0.0,-0.0523,0.0,-586.19,-1.1,-0.0523,-0.104,-1.23,0.03,0.0275899999999999,0.0529999999999999,35.6,-341.904443599493,0.031,0.0,0.0,0.0,0.0,0.0,-1.065,0.0,0.647,0.0,0.0359487959442331,4.0,48.0,0.0,5.0,0.2,0.0,0.0,0.0,0.0,0.0,0.864,0.0,0.0,0.0,0.0,0.2,0.0,0.791,0.0,2978.61,2.9,0.791,0.209,0.0,0.0,0.0,0.0,0.03,1.155,0.0,0.0,0.0,14.0,2.8,2582.71,0.732,0.0567,0.4,0.0,0.0,4.179,3.0,1.0,0,2,0.0,0.0,0.0,0.0,0.0,0,0.0,0.0,0.0,0.0,0.0,0.0,0.2324,0.0,0.0,0.0,0.0,0.7676000000000001,0.8035487959442332,44.741226348,219.16157784000004,19.248147224334602,175.45407906000003
35_RT,2,Q1,Name,Name1,4.0,36.0,5.0,5,4,1,0,83,0,1,0.0,14.59,0,0,5.0,0.2,0.243,0,0,0.2,0.243,0.0,0.0,0.7804,0.9826,0.0,0.0,1833.19,2572.49,1.8,1.0,0.7804,0.9826,0.128,0.053,0.8,2.43,0.202,0.13,0.06546,0.00234,0.4,0.243,42.9,77.5,0,4.112,4.0,1,48.142,581.0724708171206,0.0,0.661,0.0,0.0,0.0,0.2,0.0,0.0,0.0,0.0,0.0,0.0,0.0,0.061,0.0,0.1,0.0,0.0,0.0,0.0,1.0,0.9851653696498055,Dashboard_Recall,Visual_Search,14.59,0,0.0429999999999999,0,0.0429999999999999,0.0,0.2022,0.0,739.2999999999997,-0.8,0.2022,-0.075,1.63,-0.072,-0.06312,-0.157,34.6,532.9304708171205,0.661,0.0,0.2,0.0,0.0,0.0,0.061,0.1,0.0,0.0,-0.2485408560311284,0.0,0.0,0.0,0.0,0.0,0.0,0.0,0.0,0.0,0.0,0.0,0.0,0.0,0.0,0.0,0.0,0.0,0.0,0.0,0.0,0.0,0.0,0.0,0.0,0.0,0.0,0.0,0.0,0.0,0.0,0.0,0.0,0.0,0.0,0.0,0.0,0.0,0.0,0.0,0.0,0.0,0.0,0.0,0,2,0.0,0.0,0.0,0.0,0.0,0,0.0,0.0,0.0,0.0,0.0,0.0,0.0,0.0,0.0,0.0,0.0,1.0,0.7514591439688716,3.5895638040000004,136.68631278,43.32592556906614,191.80999938
35_RT,2,Q2,Sign,Blind,7.0,36.0,5.0,5,4,1,0,83,0,1,12.0,0.0,0,0,5.0,0.2,0.0,0,0,0.2,0.0,0.0,0.0,0.1236,0.0244,0.0,0.0,2445.09,2255.13,1.9,2.5,0.0359,-0.0046,0.259,0.035,2.0,1.15,0.436,0.061,0.03954,0.00071,0.4,0.0,13.3,78.8,1,1.737,7.0,0,289.146,170.17271157167528,0.0,0.732,0.0,0.167,0.0,0.0,0.0,0.0,0.037,0.0,0.0,0.0,0.0,0.0,0.0,0.0,0.0,0.0,0.0,0.0,0.9926,1.0,External_Hazard,Not_Applicable,-12.0,0,-0.2,0,-0.2,0.0,-0.0992,0.0,-189.96000000000004,0.6000000000000001,-0.0405,-0.224,-0.8500000000000001,-0.375,-0.0388299999999999,-0.4,65.5,-118.97328842832474,0.732,0.167,0.0,0.0,-0.037,0.0,0.0,0.0,0.0,0.0,-0.510159009786989,2.0,24.0,0.0,5.0,0.0,0.0,0.0,0.0,0.0,0.0,0.248,0.0,0.0,0.0,0.0,0.0,0.0,1.0,0.0,2520.67,1.5,1.0,0.113,0.0,0.0,0.0,0.0,0.0,0.31,0.151,0.0,0.0,10.0,2.0,2245.26,0.095,0.0,0.2,33.6,0.0,4.112,4.0,1.0,0,2,0.0,0.0,0.0,0.0,0.0,0,0.0,0.0,0.0,0.0,0.0073999999999999995,0.0,0.0,0.0,0.0,0.0,0.0,0.9926,0.4824409902130109,21.559304052,182.31080058,12.688417720207253,168.14700306
35_RT,2,Q3,Animal,Squirrel,6.0,36.0,5.0,5,4,1,0,83,0,1,24.0,0.0,0,0,5.0,0.2,0.0,0,0,0.0,0.0,0.0,0.0,0.9983,0.9865,0.0,0.0,2258.3,0.0,1.5,1.5,0.9983,0.9865,0.085,0.211,2.2,0.0,0.075,0.099,3e-05,0.00013,0.4,0.0,54.2,9.7,0,1.559,6.0,1,485.898,0.0,0.0,0.0,0.0,0.0,0.0,0.0,0.0,0.0,0.0,0.0,0.0,0.0,0.39,0.0,0.0,0.0,0.0,0.43,0.0,0.0,0.922,1.0,External_Hazard,Not_Applicable,-24.0,0,-0.2,0,0.0,0.0,-0.0117999999999999,0.0,-2258.3,0.0,-0.0117999999999999,0.126,-2.2,0.024,0.0001,-0.4,-44.5,-485.898,0.0,0.0,0.0,0.0,0.0,0.0,-0.39,0.0,0.43,0.0,-0.1978178319435536,1.0,12.0,0.0,5.0,0.4,0.0,0.709,0.0,0.0,0.0,0.376,0.0,0.0,0.0,0.0,0.2,0.0,0.8833,0.0,2129.21,1.6,0.8833,0.137,0.0,0.669,0.0,0.0,0.0,0.167,0.0,0.0,0.0,9.0,1.8,1511.28,0.077,0.04963,0.2,40.9,1.0,1.737,7.0,0.0,0,2,0.0,0.0,0.0,0.0,0.0,0,0.0,0.0,0.0,0.0,0.0,0.0,0.078,0.0,0.0,0.0,0.0,0.922,0.7241821680564464,36.229526676000006,168.38336460000002,0.0,0.0
36_RT,2,Q1,Name,Name1,7.0,24.0,0.0,4,4,1,0,58,1,0,12.0,11.85,0,0,5.0,0.0,0.395,0,0,0.0,0.197,0.0,0.0,0.326,0.7955,0.0,0.0,2528.67,1934.91,0.6,2.2,0.326,0.7955,0.177,0.104,1.8,2.37,0.443,0.303,0.08331,0.04248,0.2,0.197,22.3,42.5,1,5.064,7.0,0,273.95,196.97472353870455,0.0,0.0,0.0,0.0,0.0,0.0,0.0,0.0,0.0,0.0,0.231,0.0,0.294,0.0,0.0,0.044,0.0,0.0,0.0,0.0,0.9412,1.0,Dashboard_Recall,Working_Memory,-0.1500000000000003,0,0.395,0,0.197,0.0,0.4695,0.0,-593.76,1.6,0.4695,-0.073,0.5700000000000001,-0.14,-0.04083,-0.003,20.2,-76.97527646129541,0.0,0.0,0.0,0.0,0.0,-0.231,-0.294,0.044,0.0,0.0,0.0963112164296999,0.0,0.0,0.0,0.0,0.0,0.0,0.0,0.0,0.0,0.0,0.0,0.0,0.0,0.0,0.0,0.0,0.0,0.0,0.0,0.0,0.0,0.0,0.0,0.0,0.0,0.0,0.0,0.0,0.0,0.0,0.0,0.0,0.0,0.0,0.0,0.0,0.0,0.0,0.0,0.0,0.0,0.0,0.0,0,2,0.0,0.0,0.0,0.0,0.0,0,0.0,0.0,0.0,0.0,0.0,0.046200000000000005,0.0588,0.0,0.0,0.0,0.0,0.8949999999999999,0.9913112164297,20.4262599,188.54269254000002,14.68682933649289,144.27075942000002
36_RT,2,Q2,Sign,Blind,2.0,24.0,0.0,4,4,1,0,58,1,0,12.0,0.0,0,0,5.0,0.4,0.0,0,0,0.4,0.0,0.0,0.0,0.1115,0.2953,0.0,0.0,2513.22,0.0,2.3,4.0,0.0927,0.2953,0.378,0.254,1.2,0.0,0.705,0.034,0.01044,0.02428,0.4,0.0,11.0,24.4,0,1.771,2.0,1,76.172,0.0,0.0,0.323,0.0,0.0,0.0,0.0,0.0,0.0,0.0,0.0,0.0,0.0,0.0,0.0,0.007,0.0,0.0,0.0,0.0,0.0,1.0,1.0,External_Hazard,Not_Applicable,-12.0,0,-0.4,0,-0.4,0.0,0.1838,0.0,-2513.22,1.7000000000000002,0.2026,-0.124,-1.2,-0.6709999999999999,0.01384,-0.4,13.4,-76.172,0.323,0.0,0.0,0.0,0.0,0.0,0.0,-0.007,0.0,0.0,-0.1809828345567475,1.0,12.0,0.0,5.0,0.0,0.0,0.0,0.0,0.0,0.0,0.936,0.0,0.0,0.0,0.0,0.0,0.0,0.999,0.0,1680.84,1.5,0.999,0.207,0.0,0.0,0.0,0.0,0.037,0.0,0.0,0.0,0.0,5.0,1.0,463.28,0.684,1e-05,0.4,23.7,1.0,5.064,7.0,0.0,0,2,0.0,0.0,0.0,0.0,0.0,0,0.0,0.0,0.0,0.0,0.0,0.0,0.0,0.0014,0.0,0.0,0.0,0.9986,0.8176171654432525,5.6795366640000005,187.39070963999998,0.0,0.0
36_RT,2,Q3,Animal,Squirrel,7.0,24.0,0.0,4,4,1,0,58,1,0,36.0,0.0,0,0,5.0,0.2,0.512,0,0,0.2,0.0,0.0,0.0,0.9118,0.4601,0.0,0.0,2547.29,1368.3,1.7,2.7,0.9118,0.4601,0.218,0.035,2.0,1.02,0.412,0.118,0.04263,0.05692,0.2,0.512,35.2,79.6,0,1.954,7.0,1,168.69,40.22006141248721,0.0,0.0,0.0,0.0,0.0,0.0,0.0,0.0,0.0,0.0,0.033,0.0,0.0,0.0,0.038,0.0,0.0,0.356,0.0,0.0,1.0,1.0,External_Hazard,Not_Applicable,-36.0,0,0.312,0,-0.2,0.0,-0.4517,0.0,-1178.99,1.0000000000000002,-0.4517,-0.183,-0.98,-0.294,0.0142899999999999,0.312,44.39999999999999,-128.4699385875128,0.0,0.0,0.0,0.0,0.0,-0.033,0.0,-0.038,0.356,0.0,-0.1679903787103378,1.0,12.0,0.0,5.0,0.4,0.491,0.0,0.0,0.0,0.0,0.0,0.0,0.0,0.0,0.0,0.2,0.0,0.7344,0.0,1765.55,2.4,0.704,0.072,0.0,0.0,0.0,0.0,0.0,0.0,0.0,0.0,0.0,11.0,2.2,892.76,0.243,0.18918,0.4,68.7,0.0,1.771,2.0,1.0,1,2,0.0,0.0,0.0,0.0,0.0,0,0.0,0.0,0.0,0.0,0.0,0.0066,0.0,0.0076,0.0,0.0,0.0,0.9858,0.8178096212896622,12.577863780000001,189.93103698000002,2.998888219037872,102.02318460000001
37_RT,2,Q1,Name,Name1,3.0,39.0,43.0,5,2,4,1,82,0,1,12.0,24.89,0,0,5.0,0.2,0.0,0,0,0.0,0.0,0.0,0.0,0.9142,1.0,0.0,0.0,1783.43,2490.19,2.2,1.7,0.9142,1.0,0.125,0.13,1.2,2.07,0.04,0.002,0.00621,0.0,0.2,0.0,1.4,0.0,1,2.411,3.0,0,83.558,437.5736209041891,0.0,0.438,0.0,0.0,0.0,0.0,0.0,0.0,0.0,0.0,0.0,0.0,0.0,0.0,0.0,0.166,0.0,0.0,0.0,0.0,1.0,1.0,Dashboard_Recall,Visual_Search,12.89,0,-0.2,0,0.0,0.0,0.0857999999999999,0.0,706.76,-0.5000000000000002,0.0857999999999999,0.005,0.8699999999999999,-0.038,-0.00621,-0.2,-1.4,354.0156209041891,0.438,0.0,0.0,0.0,0.0,0.0,0.0,0.166,0.0,0.0,-0.2505184570717544,0.0,0.0,0.0,0.0,0.0,0.0,0.0,0.0,0.0,0.0,0.0,0.0,0.0,0.0,0.0,0.0,0.0,0.0,0.0,0.0,0.0,0.0,0.0,0.0,0.0,0.0,0.0,0.0,0.0,0.0,0.0,0.0,0.0,0.0,0.0,0.0,0.0,0.0,0.0,0.0,0.0,0.0,0.0,0,2,0.0,0.0,0.0,0.0,0.0,0,0.0,0.0,0.0,0.0,0.0,0.0,0.0,0.0,0.0,0.0,0.0,1.0,0.7494815429282455,6.2302515960000004,132.97610766,32.62636432185815,185.67354678
37_RT,2,Q2,Sign,Blind,4.0,39.0,43.0,5,2,4,1,82,0,1,24.0,0.0,0,0,5.0,0.2,0.0,0,0,0.2,0.0,0.0,0.0,0.329,0.1329,0.0,0.0,1648.06,2514.07,2.3,2.7,0.329,0.1329,0.192,0.079,2.0,0.7,0.232,0.123,0.06317,0.00109,0.0,0.0,0.0,0.0,1,2.844,4.0,0,120.986,75.23558368495078,0.221,0.7,0.278,0.606,0.0,0.0,0.0,0.0,0.0,0.0,0.0,0.0,0.0,0.0,0.0,0.0,0.0,0.0,0.0,0.0,1.0,1.0,External_Hazard,Not_Applicable,-24.0,0,-0.2,0,-0.2,0.0,-0.1961,0.0,866.0100000000002,0.4000000000000003,-0.1961,-0.113,-1.3,-0.109,-0.06208,0.0,0.0,-45.75041631504921,0.479,0.3279999999999999,0.0,0.0,0.0,0.0,0.0,0.0,0.0,0.0,-0.359412376933896,1.0,12.0,0.0,5.0,0.0,0.264,0.0,0.0,0.0,0.0,0.0,0.0,0.0,0.0,0.0,0.0,0.0,0.6642,0.0,1581.43,1.9,0.6642,0.164,0.235,0.0,0.0,0.0,0.0,0.0,0.0,0.0,0.0,8.0,1.6,410.03,0.085,0.08542,0.0,0.0,1.0,2.411,3.0,0.0,0,2,0.0,0.0,0.0,0.0,0.0,0,0.0442,0.055600000000000004,0.0,0.0,0.0,0.0,0.0,0.0,0.0,0.0,0.0,0.9002000000000001,0.5407876230661041,9.020958132,122.88264972,5.6097155907173,187.45408734000003
37_RT,2,Q3,Animal,Squirrel,5.0,39.0,43.0,5,2,4,1,82,0,1,24.0,17.7,0,0,5.0,0.0,0.59,0,0,0.0,0.0,0.0,0.0,0.8892,0.5988,0.0,0.0,1704.63,1857.65,2.2,1.5,0.8892,0.5988,0.153,0.073,0.4,1.18,0.063,0.085,0.01529,0.0001,0.0,0.0,0.0,0.0,1,3.391,5.0,0,8.596,65.56473016809201,0.0,2.047,0.0,0.0,0.0,0.0,0.0,0.0,0.0,0.0,0.0,0.0,0.0,0.0,0.0,0.0,0.201,0.0,0.0,0.0,1.0,1.0,External_Hazard,Not_Applicable,-6.300000000000001,0,0.59,0,0.0,0.0,-0.2904,0.0,153.01999999999998,-0.7000000000000002,-0.2904,-0.08,0.7799999999999999,0.022,-0.01519,0.0,0.0,56.96873016809201,2.047,0.0,0.0,0.0,0.0,0.0,0.0,0.0,-0.201,0.0,-0.5634567384252434,5.0,60.0,0.0,5.0,0.2,0.094,0.665,0.0,0.0,0.0,0.0,0.0,0.0,0.0,0.0,0.2,0.0,0.9437,0.0,2565.77,1.6,0.9437,0.133,0.073,0.44,0.0,0.0,0.11,0.0,0.0,0.0,0.0,8.0,1.6,892.83,0.107,0.01628,0.2,0.0,1.0,2.844,4.0,0.0,1,2,0.0,0.0,0.0,0.0,0.0,0,0.0,0.0,0.0,0.0,0.0,0.0,0.0,0.0,0.0402,0.0,0.0,0.9598,0.3963432615747567,0.6409349520000001,127.10062206000002,4.888637410793277,138.5100993
01_RT,3,Q1,Animal,Rabbit,6.0,10.0,7.0,3,4,0,0,29,0,1,0.0,0.0,0,0,5.0,0.2,0.26,0,0,0.2,0.0,0.0,0.0,0.6554,0.9789,0.0,0.0,1656.65,1151.9,1.6,1.8,-0.6552,-0.9789,0.317,0.134,1.8,0.78,0.985,0.987,0.14986,0.00098,0.8,0.521,2.3,67.3,1,3.84,6.0,0,91.67,36.4296875,0.0,0.456,0.0,0.0,0.0,0.0,0.0,0.0,0.0,0.0,0.0,0.0,0.0,0.0,0.0,0.0,0.0,0.034,0.0,0.0,1.0,1.0,External_Hazard,Not_Applicable,0.0,0,0.06,0,-0.2,0.0,0.3235,0.0,-504.75,0.1999999999999999,-0.3237,-0.183,-1.02,0.002,-0.1488799999999999,-0.279,65.0,-55.2403125,0.456,0.0,0.0,0.0,0.0,0.0,0.0,0.0,0.034,0.0,-0.1276041666666667,0.0,0.0,0.0,0.0,0.0,0.0,0.0,0.0,0.0,0.0,0.0,0.0,0.0,0.0,0.0,0.0,0.0,0.0,0.0,0.0,0.0,0.0,0.0,0.0,0.0,0.0,0.0,0.0,0.0,0.0,0.0,0.0,0.0,0.0,0.0,0.0,0.0,0.0,0.0,0.0,0.0,0.0,0.0,0,3,0.0,0.0,0.0,0.0,0.0,0,0.0,0.0,0.0,0.0,0.0,0.0,0.0,0.0,0.0,0.0,0.0,1.0,0.8723958333333333,6.835098540000001,123.52313730000002,2.716270359375,85.88796780000001
01_RT,3,Q3,Sign,Markings,1.0,10.0,7.0,3,4,0,0,29,0,1,0.0,0.0,0,0,5.0,0.6,0.379,0,0,0.4,0.379,0.0,0.0,0.3276,0.9372,0.0,0.0,1839.64,1932.89,3.1,2.1,0.0033,-0.9372,0.329,0.269,1.0,2.28,0.692,0.162,0.15799,0.01273,0.6,0.379,52.7,40.3,0,2.636,1.0,1,63.67999999999999,222.902124430956,0.0,0.0,0.677,0.0,0.0,0.0,0.0,0.0,0.0,0.0,0.0,0.0,0.0,0.0,0.302,0.0,0.0,0.0,0.0,0.0,1.0,1.0,External_Hazard,Not_Applicable,0.0,0,-0.2209999999999999,0,-0.021,0.0,0.6096,0.0,93.25,-1.0,-0.9405,-0.06,1.2799999999999998,-0.5299999999999999,-0.14526,-0.2209999999999999,-12.400000000000006,159.222124430956,0.0,-0.677,0.0,0.0,0.0,0.0,0.0,-0.302,0.0,0.0,0.1957999999999999,0.0,0.0,0.0,5.0,0.4,3.036,0.0,0.0,0.0,0.0,0.0,0.0,0.0,0.0,0.0,0.2,0.0,0.4617,0.0,2044.0,2.7,-0.293,0.31,0.677,0.0,0.0,0.0,0.0,0.0,0.0,0.0,0.0,5.0,1.0,530.07,0.585,0.23255,0.4,44.8,1.0,2.348,7.0,0.0,0,3,0.0,0.0,0.0,0.0,0.0,0,0.0,0.13540000000000002,0.0,0.0,0.0,0.0,0.0,0.060399999999999995,0.0,0.0,0.0,0.8042,1.0,4.748108159999999,137.16723768,16.620028201820944,144.12014418
02_RT,3,Q1,Animal,Rabbit,6.0,1.0,10.0,1,5,2,0,61,0,1,0.0,0.0,0,0,5.0,0.2,0.0,0,0,0.2,0.0,0.0,0.0,0.8824,0.9999,0.0,0.0,2525.1,3197.58,0.9,1.0,-0.8824,-0.9999,0.147,0.005,3.2,0.37,0.214,0.549,0.01745,0.0,0.2,0.0,19.7,97.6,1,5.43,6.0,1,389.682,62.72007366482505,0.0,1.622,0.0,0.0,0.189,0.0,0.0,0.0,0.0,0.0,0.0,0.0,0.0,0.0,0.21,0.0,0.0,0.851,0.0,0.0,1.0,1.0,External_Hazard,Not_Applicable,0.0,0,-0.2,0,-0.2,0.0,0.1175,0.0,672.48,0.0999999999999999,-0.1175,-0.142,-2.83,0.3350000000000001,-0.01745,-0.2,77.89999999999999,-326.96192633517495,1.622,0.0,-0.189,0.0,0.0,0.0,0.0,-0.21,0.851,0.0,-0.3756327808471454,0.0,0.0,0.0,0.0,0.0,0.0,0.0,0.0,0.0,0.0,0.0,0.0,0.0,0.0,0.0,0.0,0.0,0.0,0.0,0.0,0.0,0.0,0.0,0.0,0.0,0.0,0.0,0.0,0.0,0.0,0.0,0.0,0.0,0.0,0.0,0.0,0.0,0.0,0.0,0.0,0.0,0.0,0.0,0,3,0.0,0.0,0.0,0.0,0.0,0,0.0,0.0,0.0378,0.0,0.0,0.0,0.0,0.041999999999999996,0.0,0.0,0.0,0.9202,0.5445672191528546,29.055469284,188.2765062,4.676534132596686,238.41795996000002
02_RT,3,Q3,Sign,Markings,7.0,1.0,10.0,1,5,2,0,61,0,1,12.0,13.85,0,0,5.0,0.4,0.0,0,0,0.4,0.0,0.0,0.0,0.0901,0.0584,0.0,0.0,2215.01,2519.95,2.1,1.2,-0.078,-0.039,0.241,0.065,0.8,0.46,1.013,0.203,0.00478,0.00308,0.4,0.231,49.5,61.6,1,4.333,7.0,0,55.67999999999999,21.405492730210018,0.0,0.636,0.632,1.557,0.032,0.0,0.0,0.0,0.0,0.0,0.0,0.0,0.0,0.0,0.227,0.0,0.0,0.0,0.0,0.0,1.0,1.0,External_Hazard,Not_Applicable,1.8499999999999996,0,-0.4,0,-0.4,0.0,-0.0317,0.0,304.9399999999996,-0.9000000000000001,0.039,-0.176,-0.34,-0.8099999999999998,-0.0017,-0.169,12.1,-34.27450726978998,0.636,0.925,-0.032,0.0,0.0,0.0,0.0,-0.227,0.0,0.0,-0.3279158550657742,0.0,0.0,0.0,5.0,0.4,0.0,0.0,0.0,0.0,0.0,0.476,0.0,0.0,0.048,0.0,0.2,0.0,0.8424,0.0,2158.79,0.5,-0.8424,0.1,0.0,0.0,0.032,0.0,0.0,0.504,0.0,0.0,0.074,6.0,1.2,642.27,0.202,0.02785,0.2,72.9,1.0,1.268,7.0,0.0,0,3,0.0,0.0,0.0,0.0,0.0,0,0.0,0.1264,0.0064,0.0,0.0,0.0,0.0,0.0454,0.0,0.0,0.0,0.8218,0.4938841449342257,4.15161216,165.15557562000004,1.5960363489499194,187.8925119
03_RT,3,Q1,Animal,Rabbit,7.0,6.0,1.0,1,2,0,0,59,1,0,24.0,30.66,0,0,5.0,0.2,0.0,0,0,0.2,0.0,0.0,0.0,0.9625,0.6922,0.0,0.0,2372.78,1969.63,1.5,1.6,-0.9625,-0.6922,0.12,0.128,2.2,1.53,0.069,0.008,0.0063,0.01918,0.0,0.0,7.6,0.0,0,1.957,7.0,1,219.896,107.37864077669902,0.0,0.896,0.0,0.0,0.139,0.0,0.0,0.0,0.0,0.0,0.0,0.0,0.0,0.0,0.356,0.0,0.0,0.141,0.032,0.0,1.0,1.0,External_Hazard,Not_Applicable,6.66,0,-0.2,0,-0.2,0.0,-0.2703,0.0,-403.1500000000001,0.1,0.2703,0.008,-0.6700000000000002,-0.061,0.0128799999999999,0.0,-7.6,-112.517359223301,0.896,0.0,-0.139,0.0,0.0,0.0,0.0,-0.356,0.141,-0.032,-0.4244926928972917,0.0,0.0,0.0,0.0,0.0,0.0,0.0,0.0,0.0,0.0,0.0,0.0,0.0,0.0,0.0,0.0,0.0,0.0,0.0,0.0,0.0,0.0,0.0,0.0,0.0,0.0,0.0,0.0,0.0,0.0,0.0,0.0,0.0,0.0,0.0,0.0,0.0,0.0,0.0,0.0,0.0,0.0,0.0,0,3,0.0,0.0,0.0,0.0,0.0,0,0.0,0.0,0.027800000000000002,0.0,0.0,0.0,0.0,0.0712,0.0,0.0064,0.0,0.8946,0.4701073071027082,16.395885552,176.91922236000002,8.006366213592232,146.85955206000003
03_RT,3,Q3,Sign,Markings,7.0,6.0,1.0,1,2,0,0,59,1,0,36.0,0.0,0,0,5.0,0.4,0.0,0,0,0.2,0.0,0.0,0.0,0.1575,0.3728,0.0,0.0,2784.03,4877.77,2.5,1.7,-0.1575,-0.3728,0.127,0.115,2.6,0.43,0.455,0.002,0.01757,0.00614,0.4,0.0,24.4,0.0,1,2.34,7.0,0,371.228,91.47435897435898,0.0,1.127,0.168,0.226,0.438,0.0,0.0,0.0,0.0,0.0,0.0,0.0,0.0,0.0,0.242,0.0,0.0,0.0,0.0,0.0,1.0,1.0,External_Hazard,Not_Applicable,-36.0,0,-0.4,0,-0.2,0.0,0.2153,0.0,2093.74,-0.8,-0.2153,-0.0119999999999999,-2.17,-0.453,-0.01143,-0.4,-24.4,-279.75364102564106,1.127,0.0579999999999999,-0.438,0.0,0.0,0.0,0.0,-0.242,0.0,0.0,-0.4086051282051282,2.0,24.0,0.0,5.0,0.4,0.544,0.012,0.22,0.0,0.0,0.0,0.0,0.0,0.0,0.0,0.2,0.0,0.1433,0.0,2982.89,2.5,-0.1433,0.126,0.168,0.0,0.242,0.0,0.0,0.0,0.0,0.0,0.283,13.0,2.6,1925.14,0.476,0.01358,0.2,24.4,1.0,1.501,7.0,0.0,0,3,0.0,0.0,0.0,0.0,0.0,0,0.0,0.033600000000000005,0.0876,0.0,0.0,0.0,0.0,0.0484,0.0,0.0,0.0,0.8304,0.4217948717948718,27.679502136000004,207.58284486000002,6.820511153846154,363.69628674000006
04_RT,3,Q1,Animal,Rabbit,3.0,5.0,10.0,1,4,0,0,31,1,0,0.0,0.0,0,0,5.0,0.2,0.221,0,0,0.0,0.221,0.0,0.0,0.8575,0.7089,0.0,0.0,3437.65,2625.34,1.0,0.9,-0.8575,-0.7089,0.062,0.033,2.6,0.22,0.083,0.189,0.03808,0.03433,0.4,0.221,49.7,73.3,1,4.525,3.0,1,472.076,17.25966850828729,0.0,0.71,0.0,0.0,0.016,0.0,0.0,0.0,0.0,0.0,0.0,0.0,3.168,0.0,0.0,0.0,0.0,0.972,0.0,0.0,0.36639999999999995,1.0,External_Hazard,Not_Applicable,0.0,0,0.0209999999999999,0,0.221,0.0,-0.1486,0.0,-812.31,-0.0999999999999999,0.1486,-0.0289999999999999,-2.38,0.106,-0.00375,-0.179,23.59999999999999,-454.81633149171273,0.71,0.0,-0.016,0.0,0.0,0.0,-3.168,0.0,0.972,0.0,0.2650872928176796,0.0,0.0,0.0,0.0,0.0,0.0,0.0,0.0,0.0,0.0,0.0,0.0,0.0,0.0,0.0,0.0,0.0,0.0,0.0,0.0,0.0,0.0,0.0,0.0,0.0,0.0,0.0,0.0,0.0,0.0,0.0,0.0,0.0,0.0,0.0,0.0,0.0,0.0,0.0,0.0,0.0,0.0,0.0,0,3,0.0,0.0,0.0,0.0,0.0,0,0.0,0.0,0.0032,0.0,0.0,0.0,0.6336,0.0,0.0,0.0,0.0,0.3631999999999999,0.6282872928176796,35.198930712000006,256.3180593,1.286915403314917,195.75060108000002
04_RT,3,Q3,Sign,Markings,6.0,5.0,10.0,1,4,0,0,31,1,0,0.0,0.0,0,0,5.0,0.4,0.0,0,0,0.4,0.0,0.0,0.0,0.2507,0.0705,0.0,0.0,3065.38,2727.81,2.0,2.1,-0.2344,-0.0705,0.108,0.098,1.6,1.95,0.037,0.236,0.07295,0.00125,0.2,0.278,0.0,42.8,1,3.595,6.0,0,185.342,261.6662030598053,0.197,0.669,1.16,0.0,0.0,0.0,0.0,0.0,0.0,0.0,0.0,0.0,1.085,0.505,0.0,0.0,0.0,0.0,0.0,0.0,0.783,0.8595271210013908,External_Hazard,Not_Applicable,0.0,0,-0.4,0,-0.4,0.0,-0.1801999999999999,0.0,-337.57000000000016,0.1,0.1639,-0.0099999999999999,0.3499999999999998,0.1989999999999999,-0.0717,0.078,42.8,76.32420305980528,0.472,-1.16,0.0,0.0,0.0,0.0,-0.58,0.0,0.0,0.0,0.1618353268428374,0.0,0.0,0.0,5.0,0.4,1.852,0.0,0.0,0.0,0.0,1.296,0.0,0.0,0.0,0.0,0.4,0.0,0.4292,0.0,2981.42,1.8,-0.412,0.124,0.898,0.031,0.007,0.0,0.0,1.085,0.0,0.0,0.0,10.0,2.0,1228.61,0.28,0.13132,0.4,4.3,1.0,2.423,7.0,0.0,0,3,0.0,0.0,0.0,0.0,0.0,0,0.039400000000000004,0.23199999999999998,0.0,0.0,0.0,0.0,0.217,0.0,0.0,0.0,0.0,0.5115999999999999,0.6734353268428374,13.819470204000002,228.56086356000003,19.510355432545204,203.39096922000002
05_RT,3,Q1,Animal,Rabbit,4.0,11.0,5.0,2,4,1,0,27,0,1,0.0,0.0,0,0,5.0,0.2,0.0,0,0,0.2,0.0,0.0,0.0,0.7742,0.7277,0.0,0.0,3548.44,1289.59,1.7,2.0,-0.7742,-0.7277,0.122,0.128,0.2,1.13,0.015,0.001,0.04663,0.00041,0.0,0.0,0.0,0.0,1,0.889,4.0,0,10.222,38.83014623172104,2.147,0.585,0.0,0.0,0.0,0.0,0.0,0.0,0.071,0.0,0.0,0.0,0.0,0.0,0.0,0.0,0.031,0.0,0.0,0.0,0.9858,1.0,External_Hazard,Not_Applicable,0.0,0,-0.2,0,-0.2,0.0,-0.0464999999999999,0.0,-2258.8500000000004,0.3,0.0464999999999999,0.006,0.93,-0.0139999999999999,-0.04622,0.0,0.0,28.608146231721037,-1.5619999999999998,0.0,0.0,0.0,-0.071,0.0,0.0,0.0,-0.031,0.0,-0.2082427446569178,0.0,0.0,0.0,0.0,0.0,0.0,0.0,0.0,0.0,0.0,0.0,0.0,0.0,0.0,0.0,0.0,0.0,0.0,0.0,0.0,0.0,0.0,0.0,0.0,0.0,0.0,0.0,0.0,0.0,0.0,0.0,0.0,0.0,0.0,0.0,0.0,0.0,0.0,0.0,0.0,0.0,0.0,0.0,0,3,0.0,0.0,0.0,0.0,0.0,0,0.42939999999999995,0.0,0.0,0.0,0.014199999999999999,0.0,0.0,0.0,0.0062,0.0,0.0,0.5502,0.3419572553430822,0.762172764,264.57878328000004,2.895253363329584,96.15440957999999
05_RT,3,Q3,Sign,Markings,7.0,11.0,5.0,2,4,1,0,27,0,1,0.0,0.0,0,0,5.0,0.4,0.0,0,0,0.2,0.0,0.0,0.0,0.08,0.2444,0.0,0.0,3244.45,0.0,2.5,2.1,-0.0566,-0.2444,0.137,0.11,0.4,0.0,0.038,0.005,0.00439,0.00019,0.0,0.0,0.0,0.0,1,0.862,7.0,0,14.547999999999998,0.0,2.237,0.519,0.144,0.0,0.0,0.0,0.0,0.0,0.0,0.0,0.0,0.0,0.0,0.0,0.0,0.0,0.0,0.0,0.0,0.0,1.0,1.0,External_Hazard,Not_Applicable,0.0,0,-0.4,0,-0.2,0.0,0.1644,0.0,-3244.45,-0.3999999999999999,-0.1878,-0.027,-0.4,-0.033,-0.0042,0.0,0.0,-14.547999999999998,-1.718,-0.144,0.0,0.0,0.0,0.0,0.0,0.0,0.0,0.0,-0.1258881670533642,0.0,0.0,0.0,5.0,0.4,1.672,3.366,0.0,0.0,0.0,0.0,0.0,0.0,0.0,0.0,0.4,0.0,0.2601,0.0,2948.38,2.4,-0.2249,0.143,0.724,1.746,0.099,0.0,0.0,0.0,0.0,0.0,0.0,5.0,1.0,627.68,0.032,0.11232,0.0,0.0,1.0,0.78,7.0,0.0,0,3,0.0,0.0,0.0,0.0,0.0,0,0.4474,0.0288,0.0,0.0,0.0,0.0,0.0,0.0,0.0,0.0,0.0,0.5237999999999999,0.3979118329466357,1.084727976,241.9126809,0.0,0.0
06_RT,3,Q1,Animal,Rabbit,2.0,42.0,0.0,5,3,0,0,85,0,1,0.0,0.0,0,0,5.0,0.6,0.0,0,0,0.4,0.0,0.0,0.0,0.3155,1.0,0.0,0.0,3174.89,2598.26,0.9,1.4,-0.303,-1.0,0.136,0.093,2.4,2.0,0.379,0.039,0.07524,0.0,0.2,0.0,6.5,0.0,0,1.997,2.0,1,430.586,281.5873810716074,0.0,0.826,0.0,0.0,0.0,0.0,0.0,0.0,0.0,0.0,0.212,0.0,1.174,0.0,0.0,0.0,0.0,0.161,0.0,0.0,0.7652,1.0,External_Hazard,Not_Applicable,0.0,0,-0.6,0,-0.4,0.0,0.6845,0.0,-576.6299999999997,0.4999999999999999,-0.6970000000000001,-0.043,-0.3999999999999999,-0.34,-0.07524,-0.2,-6.5,-148.99861892839257,0.826,0.0,0.0,0.0,0.0,-0.212,-1.174,0.0,0.161,0.0,-0.2170413620430644,0.0,0.0,0.0,0.0,0.0,0.0,0.0,0.0,0.0,0.0,0.0,0.0,0.0,0.0,0.0,0.0,0.0,0.0,0.0,0.0,0.0,0.0,0.0,0.0,0.0,0.0,0.0,0.0,0.0,0.0,0.0,0.0,0.0,0.0,0.0,0.0,0.0,0.0,0.0,0.0,0.0,0.0,0.0,0,3,0.0,0.0,0.0,0.0,0.0,0,0.0,0.0,0.0,0.0,0.0,0.0424,0.23479999999999998,0.0,0.0,0.0,0.0,0.7228,0.5057586379569355,32.105353332,236.72614818,20.995718307461193,193.73146212000003
06_RT,3,Q3,Sign,Markings,7.0,42.0,0.0,5,3,0,0,85,0,1,0.0,0.0,0,0,5.0,0.0,0.0,0,0,0.0,0.0,0.0,0.0,0.0357,0.0564,0.0,0.0,3257.5,2351.34,0.0,0.4,-0.0357,0.0564,0.004,0.152,1.0,1.37,0.0,0.207,0.00015,7e-05,0.0,0.343,92.0,0.0,1,2.914,7.0,1,175.76,142.54632807137955,0.0,1.231,1.758,0.56,0.0,0.0,0.0,0.0,0.0,0.0,0.0,0.0,0.0,0.0,0.0,0.0,0.0,0.0,0.0,0.0,1.0,1.0,External_Hazard,Not_Applicable,0.0,0,0.0,0,0.0,0.0,0.0206999999999999,0.0,-906.16,0.4,0.0921,0.148,0.3700000000000001,0.207,-7.999999999999999e-05,0.343,-92.0,-33.21367192862044,1.231,-1.198,0.0,0.0,0.0,0.0,0.0,0.0,0.0,0.0,-0.2630190803019904,0.0,0.0,1.0,5.0,0.4,0.0,0.0,0.0,0.0,0.0,0.0,0.0,0.0,0.0,0.0,0.4,0.0,0.7514,0.0,3212.91,1.8,-0.7514,0.126,0.0,0.0,0.0,0.0,0.0,0.0,0.0,0.0,0.0,4.0,0.8,556.41,0.055,0.04912,0.0,0.0,1.0,3.047,7.0,0.0,0,3,0.0,0.0,0.0,0.0,0.0,0,0.0,0.3516,0.0,0.0,0.0,0.0,0.0,0.0,0.0,0.0,0.0,0.6484,0.3853809196980096,13.10501712,242.885715,10.628539313658202,175.32061308000002
07_RT,3,Q1,Animal,Rabbit,3.0,21.0,36.0,3,1,2,0,64,1,0,0.0,0.0,0,0,5.0,0.0,0.371,0,0,0.0,0.0,0.0,0.0,1.0,0.9894,0.0,0.0,2492.1,2477.96,0.9,1.6,-1.0,-0.9894,0.13,0.165,2.6,2.22,0.399,0.286,0.0,0.00016,0.4,0.371,38.2,29.7,0,2.699,3.0,1,271.472,229.155242682475,0.0,0.096,0.0,0.0,0.0,0.374,0.0,0.0,0.0,0.0,0.0,0.053,1.28,0.0,0.05,0.175,0.0,0.186,0.163,0.0,0.744,1.0,External_Hazard,Not_Applicable,0.0,0,0.371,0,0.0,0.0,-0.0106,0.0,-14.139999999999873,0.7000000000000001,0.0106,0.035,-0.3799999999999999,-0.113,0.00016,-0.029,-8.500000000000004,-42.316757317524974,0.096,0.0,0.374,0.0,0.0,0.053,-1.28,0.1249999999999999,0.186,-0.163,-0.0289287143386438,0.0,0.0,0.0,0.0,0.0,0.0,0.0,0.0,0.0,0.0,0.0,0.0,0.0,0.0,0.0,0.0,0.0,0.0,0.0,0.0,0.0,0.0,0.0,0.0,0.0,0.0,0.0,0.0,0.0,0.0,0.0,0.0,0.0,0.0,0.0,0.0,0.0,0.0,0.0,0.0,0.0,0.0,0.0,0,3,0.0,0.0,0.0,0.0,0.0,0,0.0,0.0,0.0,0.0,0.0,0.0,0.256,0.01,0.0,0.032600000000000004,0.0,0.7013999999999999,0.672471285661356,20.241495264,185.8159602,17.086273204890702,184.76165352
07_RT,3,Q3,Sign,Markings,1.0,21.0,36.0,3,1,2,0,64,1,0,0.0,0.0,0,0,5.0,0.6,0.308,0,0,0.6,0.308,0.0,0.0,0.2318,0.4424,0.0,0.0,2865.96,2210.81,2.4,1.3,0.0782,-0.4424,0.109,0.06,1.0,1.54,0.509,0.101,0.0844,0.08104,0.4,0.308,49.8,71.4,0,3.245,1.0,1,167.136,138.61016949152545,0.0,0.179,2.176,0.631,0.0,0.0,0.0,0.0,0.0,0.0,0.0,0.062,0.0,0.0,0.0,0.0,0.0,0.0,0.0,0.0,1.0,1.0,External_Hazard,Not_Applicable,0.0,0,-0.292,0,-0.292,0.0,0.2106,0.0,-655.1500000000001,-1.1,-0.5206000000000001,-0.049,0.54,-0.408,-0.00336,-0.092,21.60000000000001,-28.52583050847457,0.179,-1.5450000000000002,0.0,0.0,0.0,0.062,0.0,0.0,0.0,0.0,0.1664788906009245,0.0,0.0,0.0,5.0,0.2,0.0,0.0,0.0,0.0,0.0,1.044,0.0,0.0,0.793,0.0,0.0,0.0,0.8485,0.0,2789.23,2.1,-0.8485,0.168,0.0,0.0,0.042,0.0,0.0,0.731,0.0,0.099,0.981,15.0,3.0,2182.95,0.744,0.07751,0.4,37.0,1.0,1.682,7.0,0.0,0,3,0.0,0.0,0.0,0.0,0.0,0,0.0,0.43520000000000003,0.0,0.0,0.0,0.0,0.0,0.0,0.0,0.0,0.0,0.5648,0.7312788906009245,12.461994432000001,213.69170952000002,10.335051457627122,164.84241522
08_RT,3,Q1,Animal,Rabbit,7.0,13.0,21.0,2,1,1,0,47,0,1,0.0,0.0,0,0,5.0,0.2,0.0,0,0,0.2,0.0,0.0,0.0,0.7759,0.496,0.0,0.0,2291.79,1367.44,1.9,2.2,-0.7759,-0.496,0.266,0.097,1.6,0.48,0.689,0.205,0.07409,0.061,0.6,0.482,22.6,73.7,1,2.075,7.0,0,150.656,15.339759036144576,0.0,1.251,0.0,0.0,0.0,0.0,0.0,0.0,0.0,0.0,0.0,0.0,0.469,0.0,0.0,0.0,0.153,0.512,0.0,0.0,0.9062,1.0,External_Hazard,Not_Applicable,0.0,0,-0.2,0,-0.2,0.0,-0.2799,0.0,-924.35,0.3000000000000002,0.2799,-0.169,-1.12,-0.484,-0.01309,-0.118,51.1,-135.31624096385542,1.251,0.0,0.0,0.0,0.0,0.0,-0.469,0.0,0.359,0.0,-0.7252385542168673,0.0,0.0,0.0,0.0,0.0,0.0,0.0,0.0,0.0,0.0,0.0,0.0,0.0,0.0,0.0,0.0,0.0,0.0,0.0,0.0,0.0,0.0,0.0,0.0,0.0,0.0,0.0,0.0,0.0,0.0,0.0,0.0,0.0,0.0,0.0,0.0,0.0,0.0,0.0,0.0,0.0,0.0,0.0,0,3,0.0,0.0,0.0,0.0,0.0,0,0.0,0.0,0.0,0.0,0.0,0.0,0.0938,0.0,0.0306,0.0,0.0,0.8756,0.1503614457831326,11.233212672,170.88044598000002,1.143763113253012,101.95906128000001
08_RT,3,Q3,Sign,Markings,7.0,13.0,21.0,2,1,1,0,47,0,1,0.0,0.0,0,0,5.0,0.6,0.0,0,0,0.2,0.0,0.0,0.182,0.3376,0.0981,0.0,0.007,3136.34,1786.87,3.3,3.1,-0.3376,-0.0981,0.305,0.0,1.8,0.58,0.659,0.568,0.09831,1e-05,0.6,0.0,16.5,100.0,1,1.722,7.0,0,285.894,35.39488966318235,0.0,0.504,1.603,0.789,0.458,0.0,0.0,0.0,0.0,0.0,0.0,0.0,0.693,0.0,0.039,0.0,0.0,0.0,0.0,0.0,0.8613999999999999,1.0,External_Hazard,Not_Applicable,0.0,0,-0.6,0,-0.2,0.182,-0.2395,0.007,-1349.4700000000005,-0.1999999999999997,0.2395,-0.305,-1.2200000000000002,-0.091,-0.0983,-0.6,83.5,-250.4991103368177,0.504,-0.814,-0.458,0.0,0.0,0.0,-0.693,-0.039,0.0,0.0,-0.1922710801393728,0.0,0.0,0.0,5.0,0.6,2.416,0.948,0.0,0.0,0.0,0.636,0.0,0.0,0.297,0.0,0.2,0.0,0.3197,0.0,3136.34,3.4,-0.3197,0.303,1.729,0.0,0.039,0.0,0.0,0.693,0.0,0.0,0.332,9.0,1.8,1429.47,0.667,0.09459,0.4,16.5,1.0,1.706,7.0,0.0,0,3,0.0,0.0,0.0,0.0,0.0,0,0.0,0.3206,0.0916,0.0,0.0,0.0,0.1386,0.0078,0.0,0.0,0.0,0.4413999999999999,0.249128919860627,21.316828428,233.85178308000002,2.6391137630662023,133.23260094
09_RT,3,Q1,Animal,Rabbit,3.0,22.0,30.0,3,3,2,0,31,0,1,0.0,0.0,0,0,5.0,0.2,0.0,0,0,0.2,0.0,0.0,0.0,0.815,0.8438,0.0,0.0,2979.67,2484.16,1.1,0.9,-0.815,-0.8438,0.087,0.092,1.2,1.73,0.016,0.008,0.00922,0.0045,0.0,0.0,0.0,0.0,1,2.307,3.0,1,111.86,181.02730819245775,0.0,1.123,0.0,0.0,0.06,0.0,0.0,0.0,0.0,0.232,0.0,0.0,0.0,0.0,0.0,0.0,1.365,0.064,0.037,0.0,1.0,0.8994364976159515,External_Hazard,Not_Applicable,0.0,0,-0.2,0,-0.2,0.0,0.0288,0.0,-495.5100000000002,-0.2,-0.0288,0.005,0.53,-0.008,-0.00472,0.0,0.0,69.16730819245777,1.123,0.0,-0.06,0.0,0.232,0.0,0.0,0.0,-1.301,-0.037,-0.3226845253576073,0.0,0.0,0.0,0.0,0.0,0.0,0.0,0.0,0.0,0.0,0.0,0.0,0.0,0.0,0.0,0.0,0.0,0.0,0.0,0.0,0.0,0.0,0.0,0.0,0.0,0.0,0.0,0.0,0.0,0.0,0.0,0.0,0.0,0.0,0.0,0.0,0.0,0.0,0.0,0.0,0.0,0.0,0.0,0,3,0.0,0.0,0.0,0.0,0.0,0,0.0,0.0,0.012,0.0,0.0,0.0,0.0,0.0,0.273,0.0073999999999999995,0.0,0.7076,0.3849154746423927,8.34050532,222.17015454000003,13.497758153446036,185.22393792
09_RT,3,Q3,Sign,Markings,7.0,22.0,30.0,3,3,2,0,31,0,1,0.0,0.0,0,0,5.0,0.0,0.0,0,0,0.0,0.0,0.0,0.0,0.05,0.5966,0.0,0.0,2756.61,2260.17,1.6,1.4,-0.05,-0.5966,0.111,0.092,1.8,2.1,0.02,0.003,0.00309,0.00169,0.0,0.0,0.0,0.0,1,0.953,7.0,0,209.164,173.1269674711438,0.376,0.0,1.182,0.23,0.736,0.0,0.0,0.0,0.0,0.0,0.0,0.0,0.0,0.0,0.362,0.0,0.0,0.0,0.0,0.0,1.0,1.0,External_Hazard,Not_Applicable,0.0,0,0.0,0,0.0,0.0,0.5466,0.0,-496.44000000000005,-0.2000000000000001,-0.5466,-0.019,0.3,-0.017,-0.0013999999999999,0.0,0.0,-36.0370325288562,-0.376,-0.952,-0.736,0.0,0.0,0.0,0.0,-0.362,0.0,0.0,0.2898568730325288,0.0,0.0,0.0,5.0,0.2,0.0,2.787,0.0,0.0,0.0,0.0,0.0,0.0,0.42,0.0,0.0,0.0,0.7063,0.0,2822.69,1.4,-0.7063,0.114,0.0,0.063,0.0,0.0,0.0,0.0,0.0,0.064,0.47,5.0,1.0,513.29,0.112,0.04861,0.0,5.1,1.0,0.56,6.0,0.0,0,3,0.0,0.0,0.0,0.0,0.0,0,0.0752,0.2364,0.1472,0.0,0.0,0.0,0.0,0.07239999999999999,0.0,0.0,0.0,0.4688,0.7586568730325288,15.595686168,205.53835482000002,12.908692948583424,168.52279554
10_RT,3,Q1,Animal,Rabbit,1.0,10.0,0.0,4,4,0,0,100,1,0,0.0,0.0,0,0,5.0,0.0,0.242,0,0,0.0,0.242,0.0,0.0,0.9799,0.8591,0.0,0.0,2895.37,2046.62,1.3,1.0,-0.9799,-0.8591,0.082,0.103,1.6,2.17,0.228,0.122,0.00152,0.01458,0.0,0.0,34.1,8.9,0,4.138,1.0,1,208.71,213.70710488158537,0.168,2.439,0.0,0.0,0.302,0.0,0.0,0.0,0.0,0.0,0.0,0.0,0.0,0.0,0.0,0.0,0.848,0.0,0.322,0.009,1.0,1.0,External_Hazard,Not_Applicable,0.0,0,0.242,0,0.242,0.0,-0.1208,0.0,-848.75,-0.3,0.1208,0.0209999999999999,0.5699999999999998,-0.106,0.0130599999999999,0.0,-25.200000000000003,4.997104881585358,2.271,0.0,-0.302,0.0,0.0,0.0,0.0,0.0,-0.848,-0.313,-0.2635901401643306,0.0,0.0,0.0,0.0,0.0,0.0,0.0,0.0,0.0,0.0,0.0,0.0,0.0,0.0,0.0,0.0,0.0,0.0,0.0,0.0,0.0,0.0,0.0,0.0,0.0,0.0,0.0,0.0,0.0,0.0,0.0,0.0,0.0,0.0,0.0,0.0,0.0,0.0,0.0,0.0,0.0,0.0,0.0,0,3,0.0,0.0,0.0,0.0,0.0,0,0.033600000000000005,0.0,0.060399999999999995,0.0,0.0,0.0,0.0,0.0,0.1696,0.0644,0.0,0.672,0.4084098598356694,15.561835020000002,215.88457794,15.93442915418077,152.60008044
10_RT,3,Q3,Sign,Markings,1.0,10.0,0.0,4,4,0,0,100,1,0,0.0,0.0,0,0,5.0,0.4,0.207,0,0,0.0,0.207,0.0,0.0,0.0875,0.7715,0.0,0.0,2592.68,2203.06,1.8,1.0,-0.0827,-0.7715,0.111,0.084,1.0,1.65,0.014,0.14,0.00528,0.07214,0.0,0.0,0.0,15.9,0,4.837,1.0,1,88.272,166.42753772999794,0.296,0.415,0.26,0.946,0.0,0.0,0.0,0.0,0.0,0.0,0.0,0.0,0.0,0.0,0.0,0.0,0.0,0.0,0.0,0.18,1.0,1.0,External_Hazard,Not_Applicable,0.0,0,-0.193,0,0.207,0.0,0.6839999999999999,0.0,-389.6199999999999,-0.8,-0.6888,-0.0269999999999999,0.6499999999999999,0.126,0.06686,0.0,15.9,78.15553772999793,0.119,0.6859999999999999,0.0,0.0,0.0,0.0,0.0,0.0,0.0,0.18,-0.2073859003514575,0.0,0.0,0.0,5.0,0.4,0.077,0.077,0.0,0.0,0.0,0.0,0.0,0.344,0.0,0.0,0.2,0.0,0.732,0.0,3096.14,1.6,-0.6591,0.113,0.039,0.0,0.0,0.0,0.0,0.064,0.0,0.406,0.35,8.0,1.6,1047.67,0.008,0.23745,0.0,0.0,1.0,1.439,7.0,0.0,1,3,0.0,0.0,0.0,0.0,0.0,0,0.059199999999999996,0.052000000000000005,0.0,0.0,0.0,0.0,0.0,0.0,0.0,0.0,0.0,0.8888,0.6814140996485425,6.581736864000001,193.31540616,12.409170068224107,164.26455972
11_RT,3,Q1,Animal,Rabbit,5.0,40.0,0.0,5,5,0,0,58,0,1,0.0,0.0,0,0,5.0,0.0,0.0,0,0,0.0,0.0,0.0,0.0,0.0437,0.0594,0.0,0.0,1320.26,2106.15,0.0,0.0,-0.0437,-0.0594,0.0,0.003,1.0,0.98,0.0,0.0,0.0,0.00039,0.0,0.0,100.0,91.8,0,4.097,5.0,1,37.233999999999995,76.46814742494507,0.0,0.0,0.0,0.0,0.0,0.0,0.0,0.0,0.0,0.0,0.0,0.0,0.0,0.0,0.0,0.0,0.0,0.634,0.17,0.0,1.0,1.0,External_Hazard,Not_Applicable,0.0,0,0.0,0,0.0,0.0,0.0157,0.0,785.8900000000001,0.0,-0.0157,0.003,-0.02,0.0,0.00039,0.0,-8.200000000000003,39.23414742494508,0.0,0.0,0.0,0.0,0.0,0.0,0.0,0.0,0.634,-0.17,-0.1207473761288747,0.0,0.0,0.0,0.0,0.0,0.0,0.0,0.0,0.0,0.0,0.0,0.0,0.0,0.0,0.0,0.0,0.0,0.0,0.0,0.0,0.0,0.0,0.0,0.0,0.0,0.0,0.0,0.0,0.0,0.0,0.0,0.0,0.0,0.0,0.0,0.0,0.0,0.0,0.0,0.0,0.0,0.0,0.0,0,3,0.0,0.0,0.0,0.0,0.0,0,0.0,0.0,0.0,0.0,0.0,0.0,0.0,0.0,0.0,0.034,0.0,0.966,0.8452526238711252,2.7762415079999996,98.44122612000001,5.701618008298754,157.03875630000002
11_RT,3,Q3,Sign,Markings,1.0,40.0,0.0,5,5,0,0,58,0,1,0.0,0.0,0,0,5.0,0.4,0.0,0,0,0.4,0.0,0.0,0.0,0.7983,0.7943,0.0,0.0,2550.96,1900.38,2.5,2.4,-0.7983,-0.7943,0.107,0.196,2.0,2.14,0.992,0.454,0.05572,0.00692,0.4,0.428,55.9,15.7,0,2.338,1.0,1,269.846,212.26689478186483,0.076,0.572,0.036,0.401,0.0,0.0,0.0,0.0,0.0,0.0,0.0,0.0,0.405,0.0,0.0,0.0,0.0,0.0,0.0,0.0,0.919,1.0,External_Hazard,Not_Applicable,0.0,0,-0.4,0,-0.4,0.0,-0.004,0.0,-650.5799999999999,-0.1,0.004,0.089,0.1400000000000001,-0.538,-0.0487999999999999,0.0279999999999999,-40.2,-57.57910521813517,0.4959999999999999,0.365,0.0,0.0,0.0,0.0,-0.405,0.0,0.0,0.0,-0.3127676646706585,0.0,0.0,0.0,5.0,0.2,0.264,0.264,0.0,0.0,0.0,0.588,0.0,0.0,0.0,0.0,0.2,0.0,0.8235,0.0,2283.25,1.8,-0.8235,0.182,0.031,0.362,0.0,0.0,0.0,0.739,0.0,0.0,0.0,10.0,2.0,1135.13,1.531,0.03056,0.4,40.2,1.0,2.173,4.0,0.0,0,3,0.0,0.0,0.0,0.0,0.0,0,0.0152,0.0072,0.0,0.0,0.0,0.0,0.081,0.0,0.0,0.0,0.0,0.8966,0.5838323353293414,20.120257452,190.20467952,15.827044208725406,141.69613356000002
12_RT,3,Q1,Animal,Rabbit,4.0,8.0,17.0,2,3,2,0,76,1,0,0.0,0.0,0,0,5.0,0.4,0.0,0,0,0.0,0.0,0.0,0.0,0.9872,0.8756,0.0,0.0,1739.29,1618.12,1.4,0.8,-0.9872,-0.8756,0.085,0.099,2.2,1.31,0.059,0.012,0.00019,0.01486,0.0,0.0,18.9,0.0,1,2.292,4.0,1,142.092,74.57678883071554,0.0,0.501,0.0,0.0,0.0,0.0,0.0,0.0,0.0,0.0,0.0,0.0,0.0,0.0,0.206,0.0,0.0,0.0,0.0,0.0,1.0,1.0,External_Hazard,Not_Applicable,0.0,0,-0.4,0,0.0,0.0,-0.1115999999999999,0.0,-121.17000000000009,-0.5999999999999999,0.1115999999999999,0.0139999999999999,-0.8900000000000001,-0.047,0.01467,0.0,-18.9,-67.51521116928447,0.501,0.0,0.0,0.0,0.0,0.0,0.0,-0.206,0.0,0.0,-0.1773863874345548,0.0,0.0,0.0,0.0,0.0,0.0,0.0,0.0,0.0,0.0,0.0,0.0,0.0,0.0,0.0,0.0,0.0,0.0,0.0,0.0,0.0,0.0,0.0,0.0,0.0,0.0,0.0,0.0,0.0,0.0,0.0,0.0,0.0,0.0,0.0,0.0,0.0,0.0,0.0,0.0,0.0,0.0,0.0,0,3,0.0,0.0,0.0,0.0,0.0,0,0.0,0.0,0.0,0.0,0.0,0.0,0.0,0.0412,0.0,0.0,0.0,0.9588,0.7814136125654451,10.594663704000002,129.68494098,5.5605945287958125,120.65026344
12_RT,3,Q3,Sign,Markings,5.0,8.0,17.0,2,3,2,0,76,1,0,0.0,0.0,0,0,5.0,0.4,0.0,0,0,0.0,0.0,0.0,0.0,0.0322,0.0311,0.0,0.0,1927.06,2540.64,2.0,1.6,-0.0322,-0.0311,0.113,0.092,0.8,2.83,0.011,0.016,0.00037,0.00039,0.0,0.0,0.0,0.0,1,1.769,5.0,0,57.588,349.6947427925382,0.568,0.024,0.712,0.146,0.0,0.0,0.0,0.0,0.0,0.0,0.0,0.0,0.0,0.0,0.0,0.0,0.0,0.0,0.0,0.0,1.0,1.0,External_Hazard,Not_Applicable,0.0,0,-0.4,0,0.0,0.0,-0.0011,0.0,613.5799999999999,-0.3999999999999999,0.0011,-0.021,2.03,0.005,2e-05,0.0,0.0,292.10674279253817,-0.5439999999999999,-0.566,0.0,0.0,0.0,0.0,0.0,0.0,0.0,0.0,0.1599005087620124,0.0,0.0,0.0,5.0,0.0,0.0,0.0,0.236,0.0,0.0,0.0,0.0,0.0,0.0,0.0,0.0,0.0,0.4862,0.0,2534.0,1.5,-0.4862,0.117,0.913,0.0,0.19,0.0,0.0,0.0,0.0,0.0,0.0,6.0,1.2,601.35,0.044,0.17367,0.0,0.0,1.0,1.538,6.0,0.0,0,3,0.0,0.0,0.0,0.0,0.0,0,0.11359999999999999,0.1424,0.0,0.0,0.0,0.0,0.0,0.0,0.0,0.0,0.0,0.744,0.9039005087620124,4.2938764560000005,143.68544772,26.073939412097236,189.43519968
13_RT,3,Q1,Animal,Rabbit,7.0,40.0,0.0,4,4,0,0,14,0,1,0.0,0.0,0,0,5.0,0.0,0.0,0,0,0.0,0.0,0.0,0.0,0.0379,0.0379,0.0,0.0,2233.18,2001.54,0.0,0.0,-0.0379,-0.0379,0.0,0.0,2.2,2.34,0.0,0.0,0.0,0.0,0.0,0.0,100.0,100.0,1,2.564,7.0,1,213.396,184.07566302652103,0.0,0.728,0.0,0.0,0.0,0.0,0.0,0.0,0.0,0.0,0.0,0.0,0.0,0.0,0.0,0.0,0.036,0.097,0.257,0.0,1.0,1.0,External_Hazard,Not_Applicable,0.0,0,0.0,0,0.0,0.0,0.0,0.0,-231.63999999999987,0.0,0.0,0.0,0.1399999999999996,0.0,0.0,0.0,0.0,-29.32033697347896,0.728,0.0,0.0,0.0,0.0,0.0,0.0,0.0,0.061,-0.257,-0.2631628705148205,0.0,0.0,0.0,0.0,0.0,0.0,0.0,0.0,0.0,0.0,0.0,0.0,0.0,0.0,0.0,0.0,0.0,0.0,0.0,0.0,0.0,0.0,0.0,0.0,0.0,0.0,0.0,0.0,0.0,0.0,0.0,0.0,0.0,0.0,0.0,0.0,0.0,0.0,0.0,0.0,0.0,0.0,0.0,0,3,0.0,0.0,0.0,0.0,0.0,0,0.0,0.0,0.0,0.0,0.0,0.0,0.0,0.0,0.0072,0.0514,0.0,0.9414,0.6782371294851794,15.911232552,166.51036716,13.725049586583461,149.23882548
13_RT,3,Q3,Sign,Markings,7.0,40.0,0.0,4,4,0,0,14,0,1,0.0,0.0,0,0,5.0,0.0,0.0,0,0,0.0,0.0,0.0,0.0,0.1188,0.8963,0.0,0.0,2348.2,2212.36,0.5,0.7,-0.0039,-0.8963,0.078,0.077,1.8,1.05,0.049,0.001,0.01917,0.01426,0.0,0.0,0.0,0.0,1,1.9,7.0,1,265.248,76.50526315789475,1.58,0.967,1.068,0.321,0.0,0.0,0.0,0.0,0.0,0.0,0.0,0.0,0.292,0.0,0.0,0.0,0.0,0.0,0.0,0.0,0.9416,1.0,External_Hazard,Not_Applicable,0.0,0,0.0,0,0.0,0.0,0.7775,0.0,-135.8399999999997,0.1999999999999999,-0.8924,-0.001,-0.75,-0.048,-0.0049099999999999,0.0,0.0,-188.74273684210524,-0.6130000000000001,-0.7470000000000001,0.0,0.0,0.0,0.0,-0.292,0.0,0.0,0.0,-0.0898947368421052,0.0,0.0,0.0,5.0,0.0,2.186,2.372,0.0,0.0,0.0,0.0,0.0,0.01,0.0,0.0,0.0,0.0,0.0277,0.0,2003.66,0.0,0.021,0.0,0.808,0.588,0.0,0.0,0.0,0.0,0.0,0.0,0.0,10.0,2.0,747.18,0.0,0.00066,0.0,100.0,1.0,2.24,7.0,1.0,0,3,0.0,0.0,0.0,0.0,0.0,0,0.316,0.2136,0.0,0.0,0.0,0.0,0.058399999999999994,0.0,0.0,0.0,0.0,0.4119999999999999,0.3221052631578947,19.777421376,175.0864884,5.704385431578948,164.95798632
14_RT,3,Q1,Animal,Rabbit,3.0,28.0,2.0,4,2,0,0,29,0,1,0.0,0.0,0,0,5.0,0.0,0.632,0,0,0.0,0.0,0.0,0.0,0.9999,0.9361,0.0,0.0,3119.89,2453.38,2.2,2.3,-0.9999,-0.9361,0.174,0.234,2.2,1.26,0.161,0.354,0.0,0.00548,0.6,0.316,7.0,35.7,0,3.166,3.0,1,294.05,169.21983575489577,0.077,1.687,0.0,0.0,0.0,0.0,0.0,0.0,0.0,0.0,0.0,0.0,0.427,0.031,0.0,0.0,0.0,0.205,0.0,0.0,0.9146,0.9902084649399874,External_Hazard,Not_Applicable,0.0,0,0.632,0,0.0,0.0,-0.0637999999999999,0.0,-666.5099999999998,0.0999999999999996,0.0637999999999999,0.06,-0.9400000000000002,0.1929999999999999,0.00548,-0.284,28.700000000000003,-124.83016424510424,1.61,0.0,0.0,0.0,0.0,0.0,-0.396,0.0,0.205,0.0,-0.5065910296904612,0.0,0.0,0.0,0.0,0.0,0.0,0.0,0.0,0.0,0.0,0.0,0.0,0.0,0.0,0.0,0.0,0.0,0.0,0.0,0.0,0.0,0.0,0.0,0.0,0.0,0.0,0.0,0.0,0.0,0.0,0.0,0.0,0.0,0.0,0.0,0.0,0.0,0.0,0.0,0.0,0.0,0.0,0.0,0,3,0.0,0.0,0.0,0.0,0.0,0,0.0154,0.0,0.0,0.0,0.0,0.0,0.0854,0.0,0.0,0.0,0.0,0.8992000000000001,0.3926089703095388,21.924956100000003,232.62523818,12.617369393556539,182.92891956000003
14_RT,3,Q3,Sign,Markings,1.0,28.0,2.0,4,2,0,0,29,0,1,0.0,0.0,0,0,5.0,0.2,0.311,0,0,0.2,0.311,0.0,0.0,0.2749,0.946,0.0,0.0,2891.07,2369.76,3.7,3.0,-0.0621,-0.946,0.201,0.21,1.4,1.87,0.606,0.39,0.14657,0.01324,0.6,0.311,28.1,35.0,0,3.211,1.0,1,221.638,202.48832139520405,0.24,0.0,1.386,0.037,0.199,0.0,0.0,0.0,0.0,0.0,0.035,0.04,0.061,0.206,0.071,0.0,0.0,0.0,0.0,0.0,0.9878,0.9358455309872313,External_Hazard,Not_Applicable,0.0,0,0.1109999999999999,0,0.1109999999999999,0.0,0.6711,0.0,-521.31,-0.7000000000000002,-0.8838999999999999,0.0089999999999999,0.4700000000000002,-0.2159999999999999,-0.13333,-0.289,6.899999999999999,-19.14967860479598,-0.24,-1.349,-0.199,0.0,0.0,0.0049999999999999,0.145,-0.071,0.0,0.0,0.3102654624727499,0.0,0.0,0.0,5.0,0.2,3.352,1.264,0.0,0.0,0.0,0.0,0.0,0.0,0.0,0.0,0.2,0.0,0.2559,0.0,3436.13,3.6,-0.0371,0.173,1.422,0.24,0.0,0.0,0.04,0.031,0.0,0.0,0.0,6.0,1.2,1004.2,0.542,0.09367,0.4,38.1,1.0,1.679,7.0,0.0,1,3,0.0,0.0,0.0,0.0,0.0,0,0.048,0.2772,0.0398,0.0,0.0,0.007000000000000001,0.012199999999999999,0.014199999999999999,0.0,0.0,0.0,0.6016,0.91186546247275,16.525772556,215.56396134000002,15.097934219869206,176.69404512000003
15_RT,3,Q1,Animal,Rabbit,7.0,4.0,0.0,3,4,0,0,73,0,1,0.0,0.0,0,0,5.0,0.2,0.0,0,0,0.2,0.0,0.0,0.0,0.8687,0.8955,0.0,0.0,2036.8,3089.44,2.1,3.1,-0.8687,-0.8955,0.158,0.161,1.6,0.89,0.5,0.043,0.01264,0.01045,0.0,0.0,0.0,0.0,0,2.245,7.0,1,106.332,187.77282850779508,0.102,1.312,0.0,0.0,0.0,0.0,0.0,0.0,0.0,0.0,0.0,0.0,0.0,0.0,0.0,0.0,0.089,0.309,0.075,0.0,1.0,1.0,External_Hazard,Not_Applicable,0.0,0,-0.2,0,-0.2,0.0,0.0267999999999999,0.0,1052.64,1.0,-0.0267999999999999,0.003,-0.7100000000000001,-0.457,-0.00219,0.0,0.0,81.44082850779509,1.21,0.0,0.0,0.0,0.0,0.0,0.0,0.0,0.22,-0.075,-0.6688489977728285,0.0,0.0,0.0,0.0,0.0,0.0,0.0,0.0,0.0,0.0,0.0,0.0,0.0,0.0,0.0,0.0,0.0,0.0,0.0,0.0,0.0,0.0,0.0,0.0,0.0,0.0,0.0,0.0,0.0,0.0,0.0,0.0,0.0,0.0,0.0,0.0,0.0,0.0,0.0,0.0,0.0,0.0,0.0,0,3,0.0,0.0,0.0,0.0,0.0,0,0.020399999999999998,0.0,0.0,0.0,0.0,0.0,0.0,0.0,0.0178,0.015,0.0,0.9468,0.2779510022271715,7.928326584,151.8678816,14.000717639198218,230.35482528
15_RT,3,Q3,Sign,Markings,1.0,4.0,0.0,3,4,0,0,73,0,1,0.0,0.0,0,0,5.0,0.4,0.562,0,0,0.4,0.281,0.0,0.0,0.7531,0.1933,0.0,0.0,2911.84,2769.67,2.8,4.3,-0.7531,-0.1929,0.166,0.163,1.6,0.56,1.144,0.57,0.03603,0.00971,0.4,0.281,31.7,40.9,0,3.557,1.0,1,221.492,98.06016305875738,0.042,0.594,0.433,0.874,0.0,0.0,0.0,0.0,0.0,0.0,0.0,0.0,0.215,0.0,0.393,0.0,0.0,0.0,0.0,0.0,0.957,1.0,External_Hazard,Not_Applicable,0.0,0,0.162,0,-0.119,0.0,-0.5598,0.0,-142.17000000000007,1.5,0.5602,-0.003,-1.04,-0.574,-0.02632,-0.119,9.2,-123.43183694124264,0.5519999999999999,0.441,0.0,0.0,0.0,0.0,-0.215,-0.393,0.0,0.0,-0.196107337644082,0.0,0.0,0.0,5.0,0.4,4.972,4.972,0.0,0.0,0.0,0.0,0.0,0.0,0.0,0.0,0.2,0.0,0.3682,0.0,1510.65,3.6,-0.3682,0.255,1.273,0.147,0.0,0.0,0.0,0.0,0.0,0.0,0.0,1.0,0.2,42.97,1.52,0.1082,0.4,10.9,1.0,1.558,7.0,0.0,1,3,0.0,0.0,0.0,0.0,0.0,0,0.008400000000000001,0.0866,0.0,0.0,0.0,0.0,0.043,0.0786,0.0,0.0,0.0,0.7834,0.5872926623559179,16.514886504,217.11261408000001,7.311561877987068,206.51213454
16_RT,3,Q1,Animal,Rabbit,6.0,8.0,20.0,2,1,2,0,32,1,0,0.0,0.0,0,0,5.0,0.2,0.285,0,0,0.2,0.285,0.0,0.0,0.5378,0.8077,0.0,0.0,2876.73,1609.3,1.5,1.6,-0.5363,-0.8077,0.223,0.141,2.2,0.57,1.625,0.268,0.16298,0.01817,0.4,0.285,12.0,0.0,1,3.504,6.0,0,293.92199999999997,32.617009132420094,0.0,2.704,0.0,0.0,0.064,0.0,0.0,0.0,0.0,0.0,0.0,0.0,0.0,0.0,0.167,0.0,0.0,0.0,0.672,0.0,1.0,1.0,External_Hazard,Not_Applicable,0.0,0,0.0849999999999999,0,0.0849999999999999,0.0,0.2699,0.0,-1267.43,0.1,-0.2714,-0.082,-1.6300000000000003,-1.357,-0.14481,-0.115,-12.0,-261.3049908675799,2.704,0.0,-0.064,0.0,0.0,0.0,0.0,-0.167,0.0,-0.672,-0.5910894977168949,0.0,0.0,0.0,0.0,0.0,0.0,0.0,0.0,0.0,0.0,0.0,0.0,0.0,0.0,0.0,0.0,0.0,0.0,0.0,0.0,0.0,0.0,0.0,0.0,0.0,0.0,0.0,0.0,0.0,0.0,0.0,0.0,0.0,0.0,0.0,0.0,0.0,0.0,0.0,0.0,0.0,0.0,0.0,0,3,0.0,0.0,0.0,0.0,0.0,0,0.0,0.0,0.0128,0.0,0.0,0.0,0.0,0.0334,0.0,0.13440000000000002,0.0,0.8193999999999999,0.2283105022831049,21.915412164,214.49474226,2.431989434931507,119.99262660000001
16_RT,3,Q3,Sign,Markings,5.0,8.0,20.0,2,1,2,0,32,1,0,0.0,0.0,0,0,5.0,0.6,0.0,0,0,0.4,0.0,0.0,0.0,0.3902,0.3102,0.0,0.0,2467.03,0.0,3.7,2.7,-0.3902,-0.3102,0.204,0.0,1.4,0.0,0.424,0.869,0.08341,0.01017,0.0,0.0,2.2,100.0,1,2.014,5.0,0,163.978,0.0,0.047,1.131,1.397,0.0,0.205,0.0,0.0,0.0,0.0,0.0,0.0,0.0,0.0,0.0,0.03,0.0,0.0,0.0,0.0,0.0,1.0,1.0,External_Hazard,Not_Applicable,0.0,0,-0.6,0,-0.4,0.0,-0.08,0.0,-2467.03,-1.0,0.08,-0.204,-1.4,0.445,-0.07324,0.0,97.8,-163.978,1.084,-1.397,-0.205,0.0,0.0,0.0,0.0,-0.03,0.0,0.0,-0.2257690168818271,0.0,0.0,0.0,5.0,0.4,3.931,2.911,0.0,0.0,0.0,0.0,0.0,0.0,0.0,0.0,0.4,0.0,0.2837,0.0,1777.51,3.8,-0.2837,0.17,1.397,0.242,0.0,0.0,0.0,0.0,0.0,0.0,0.0,4.0,0.8,250.39,0.415,0.0552,0.2,20.9,1.0,1.6,7.0,0.0,0,3,0.0,0.0,0.0,0.0,0.0,0,0.0094,0.2794,0.040999999999999995,0.0,0.0,0.0,0.0,0.006,0.0,0.0,0.0,0.6641999999999999,0.4384309831181727,12.226527636000002,183.94669086000002,0.0,0.0
17_RT,3,Q1,Animal,Rabbit,5.0,29.0,0.0,4,5,0,1,61,1,0,0.0,0.0,0,0,5.0,0.6,0.0,0,0,0.4,0.0,0.0,0.0,0.8011,0.7044,0.0,0.0,1590.62,1821.01,1.6,1.7,-0.8011,-0.7044,0.112,0.098,1.4,1.86,0.013,0.018,0.01293,0.00305,0.0,0.0,0.0,0.0,1,1.613,5.0,0,50.828,96.11903285802852,0.602,0.825,0.0,0.0,0.0,0.0,0.0,0.0,0.0,0.0,0.0,0.0,0.0,0.0,0.0,0.0,0.0,0.161,0.15,0.0,1.0,1.0,External_Hazard,Not_Applicable,0.0,0,-0.6,0,-0.4,0.0,-0.0967,0.0,230.3900000000001,0.0999999999999998,0.0967,-0.0139999999999999,0.4600000000000002,0.0049999999999999,-0.00988,0.0,0.0,45.29103285802852,0.2229999999999999,0.0,0.0,0.0,0.0,0.0,0.0,0.0,0.161,-0.15,-0.4608833230006199,0.0,0.0,0.0,0.0,0.0,0.0,0.0,0.0,0.0,0.0,0.0,0.0,0.0,0.0,0.0,0.0,0.0,0.0,0.0,0.0,0.0,0.0,0.0,0.0,0.0,0.0,0.0,0.0,0.0,0.0,0.0,0.0,0.0,0.0,0.0,0.0,0.0,0.0,0.0,0.0,0.0,0.0,0.0,0,3,0.0,0.0,0.0,0.0,0.0,0,0.1204,0.0,0.0,0.0,0.0,0.0,0.0,0.0,0.0,0.03,0.0,0.8496,0.38871667699938,3.789837336,118.59980844,7.1668273279603225,135.77814762
17_RT,3,Q3,Sign,Markings,7.0,29.0,0.0,4,5,0,1,61,1,0,0.0,0.0,0,0,5.0,0.6,0.0,0,0,0.2,0.0,0.0,0.0,0.1027,0.1211,0.0,0.0,3418.28,3982.81,2.1,2.0,-0.1025,-0.1211,0.123,0.123,1.6,1.44,0.025,0.001,0.00449,0.0009,0.0,0.0,0.0,0.0,1,1.385,7.0,0,331.59000000000003,355.09747292418774,1.346,1.025,0.494,0.0,0.0,0.0,0.0,0.0,0.0,0.0,0.289,0.0,0.318,0.0,0.0,0.0,0.0,0.0,0.075,0.0,0.9364,1.0,External_Hazard,Not_Applicable,0.0,0,-0.6,0,-0.2,0.0,0.0184,0.0,564.5299999999997,-0.1,-0.0186,0.0,-0.1600000000000001,-0.024,-0.00359,0.0,0.0,23.50747292418771,-0.3210000000000002,-0.494,0.0,0.0,0.0,-0.289,-0.318,0.0,0.0,-0.075,-0.2356722021660648,0.0,0.0,0.0,5.0,0.4,1.432,0.296,0.0,0.0,0.0,0.328,0.0,0.0,0.0,0.0,0.2,0.0,0.6955,0.0,2438.01,1.7,-0.6955,0.119,0.157,0.0,0.0,0.0,0.0,0.037,0.0,0.071,0.0,10.0,2.0,1040.43,0.002,0.12687,0.0,0.0,1.0,1.39,7.0,0.0,0,3,0.0,0.0,0.0,0.0,0.0,0,0.2692,0.0988,0.0,0.0,0.0,0.0578,0.0636,0.0,0.0,0.015,0.0,0.4955999999999999,0.2599277978339351,24.724013580000005,254.87379336000004,26.476777776173286,296.96627922
18_RT,3,Q1,Animal,Rabbit,1.0,2.0,5.0,1,1,0,0,58,0,1,0.0,0.0,0,0,5.0,0.2,0.342,1,0,0.2,0.342,0.0,0.0,0.9253,0.5302,0.0,0.0,2403.65,2186.53,1.8,0.5,-0.9253,-0.5302,0.142,0.068,2.2,1.03,0.197,0.269,0.01925,0.0273,0.0,0.0,0.0,57.7,1,5.84,1.0,1,260.27,114.44691780821918,0.0,3.637,0.0,0.0,0.0,0.0,0.0,0.0,0.0,0.0,0.0,0.0,1.148,0.452,0.0,0.0,0.0,0.071,0.0,0.0,0.7704,0.9226027397260274,External_Hazard,Not_Applicable,0.0,0,0.142,-1,0.142,0.0,-0.3951,0.0,-217.1199999999999,-1.3,0.3951,-0.0739999999999999,-1.1700000000000002,0.072,0.00805,0.0,57.7,-145.8230821917808,3.637,0.0,0.0,0.0,0.0,0.0,-0.696,0.0,0.071,0.0,-0.4827287671232877,0.0,0.0,0.0,0.0,0.0,0.0,0.0,0.0,0.0,0.0,0.0,0.0,0.0,0.0,0.0,0.0,0.0,0.0,0.0,0.0,0.0,0.0,0.0,0.0,0.0,0.0,0.0,0.0,0.0,0.0,0.0,0.0,0.0,0.0,0.0,0.0,0.0,0.0,0.0,0.0,0.0,0.0,0.0,0,3,0.0,0.0,0.0,0.0,0.0,0,0.0,0.0,0.0,0.0,0.0,0.0,0.22959999999999997,0.0,0.0,0.0,0.0,0.7704000000000001,0.2876712328767123,19.40625174,179.22095130000002,8.533391085616438,163.03204986000003
18_RT,3,Q3,Sign,Markings,6.0,2.0,5.0,1,1,0,0,58,0,1,0.0,0.0,0,0,5.0,0.6,0.0,0,0,0.0,0.0,0.0,0.0,0.0164,0.017,0.0,0.0,2291.93,2493.45,1.9,1.9,0.0022,-0.0167,0.129,0.101,1.6,1.95,0.288,0.034,0.0004,0.0001,0.0,0.0,0.0,0.0,1,2.053,6.0,0,171.922,261.0131514856308,0.819,0.432,1.433,0.0,0.0,0.0,0.0,0.0,0.0,0.0,0.0,0.0,0.432,0.304,0.0,0.0,0.0,0.0,0.0,0.0,0.9136,0.8519240136385777,External_Hazard,Not_Applicable,0.0,0,-0.6,0,0.0,0.0,0.0005999999999999,0.0,201.52,0.0,-0.0189,-0.0279999999999999,0.3499999999999998,-0.254,-0.0003,0.0,0.0,89.09115148563077,-0.3869999999999999,-1.433,0.0,0.0,0.0,0.0,-0.128,0.0,0.0,0.0,0.1783002435460302,0.0,0.0,0.0,5.0,0.2,1.705,1.957,0.153,0.0,0.0,0.0,0.0,0.0,0.0,0.0,0.0,0.0,0.8092,0.0,2329.99,1.6,-0.8092,0.099,0.666,0.0,0.158,0.0,0.0,0.0,0.0,0.0,0.0,8.0,1.6,764.65,0.023,0.10696,0.0,5.4,1.0,1.47,7.0,0.0,0,3,0.0,0.0,0.0,0.0,0.0,0,0.1638,0.2866,0.0,0.0,0.0,0.0,0.0864,0.0,0.0,0.0,0.0,0.4631999999999999,0.6415002435460302,12.818848164,170.89088465999998,19.461662601071602,185.9166189
19_RT,3,Q1,Animal,Rabbit,5.0,25.0,0.0,4,4,0,0,5,1,0,0.0,0.0,0,0,5.0,0.0,0.0,0,0,0.0,0.0,0.0,0.0,0.9646,0.3969,0.0,0.0,2796.72,1912.61,1.4,0.5,-0.9646,-0.3969,0.104,0.073,2.6,0.87,0.065,0.056,0.00489,0.00147,0.0,0.435,19.9,51.0,1,2.297,5.0,1,324.19,57.56203744013931,0.0,1.467,0.0,0.0,0.0,0.0,0.0,0.0,0.166,0.0,0.0,0.0,0.704,0.0,0.0,0.0,0.311,0.505,0.0,0.0,0.8260000000000001,1.0,External_Hazard,Not_Applicable,0.0,0,0.0,0,0.0,0.0,-0.5677000000000001,0.0,-884.1099999999999,-0.8999999999999999,0.5677000000000001,-0.031,-1.73,-0.009,-0.00342,0.435,31.1,-266.6279625598607,1.467,0.0,0.0,0.0,-0.166,0.0,-0.704,0.0,0.194,0.0,-0.6223111014366565,0.0,0.0,0.0,0.0,0.0,0.0,0.0,0.0,0.0,0.0,0.0,0.0,0.0,0.0,0.0,0.0,0.0,0.0,0.0,0.0,0.0,0.0,0.0,0.0,0.0,0.0,0.0,0.0,0.0,0.0,0.0,0.0,0.0,0.0,0.0,0.0,0.0,0.0,0.0,0.0,0.0,0.0,0.0,0,3,0.0,0.0,0.0,0.0,0.0,0,0.0,0.0,0.0,0.0,0.0332,0.0,0.14079999999999998,0.0,0.0622,0.0,0.0,0.7638,0.1414888985633435,24.17225478,208.52903664,4.291940635611667,142.60802682
19_RT,3,Q3,Sign,Markings,7.0,25.0,0.0,4,4,0,0,5,1,0,0.0,0.0,0,0,5.0,0.0,0.0,0,0,0.0,0.0,0.0,0.0,0.0603,0.1507,0.0,0.0,2436.86,0.0,2.0,1.7,-0.0603,-0.1507,0.115,0.098,2.8,0.0,0.006,0.005,5e-05,0.00039,0.0,0.0,0.0,0.0,1,1.209,7.0,0,262.96,0.0,0.013,1.209,0.617,0.0,0.0,0.0,0.0,0.0,0.0,0.0,0.0,0.0,0.0,0.0,0.0,0.0,0.0,0.0,0.0,0.0,1.0,1.0,External_Hazard,Not_Applicable,0.0,0,0.0,0,0.0,0.0,0.0904,0.0,-2436.86,-0.3,-0.0904,-0.017,-2.8,-0.001,0.0003399999999999,0.0,0.0,-262.96,1.1960000000000002,-0.617,0.0,0.0,0.0,0.0,0.0,0.0,0.0,0.0,-0.874,0.0,0.0,0.0,5.0,0.2,0.0,0.0,0.0,0.0,0.0,0.396,0.0,0.0,0.095,0.0,0.2,0.0,0.8473,0.0,2830.82,1.9,-0.8473,0.108,0.0,0.0,0.0,0.0,0.0,0.427,0.0,0.0,0.148,8.0,1.6,988.42,0.032,0.06047,0.0,0.0,1.0,1.417,7.0,0.0,0,3,0.0,0.0,0.0,0.0,0.0,0,0.0026,0.1234,0.0,0.0,0.0,0.0,0.0,0.0,0.0,0.0,0.0,0.874,0.0,19.60682352,181.69715532,0.0,0.0
20_RT,3,Q1,Animal,Rabbit,1.0,2.0,15.0,1,2,6,1,93,0,1,0.0,0.0,0,0,5.0,0.2,0.186,0,0,0.2,0.186,0.0,0.0,0.6262,0.7073,0.0,0.0,3123.02,2522.77,1.9,1.0,-0.6262,-0.7073,0.278,0.066,2.2,0.74,1.889,0.952,0.16636,0.00535,0.4,0.186,4.0,60.0,1,5.379,1.0,1,367.748,112.48373303588028,0.0,4.611,0.0,0.0,0.635,0.24,0.0,0.0,0.0,0.0,0.0,0.0,1.234,0.114,0.131,0.0,0.0,0.0,0.134,0.0,0.7532,0.9788064696040156,External_Hazard,Not_Applicable,0.0,0,-0.014,0,-0.014,0.0,0.0811,0.0,-600.25,-0.8999999999999999,-0.0811,-0.212,-1.4600000000000002,-0.937,-0.16101,-0.214,56.0,-255.2642669641197,4.611,0.0,-0.395,0.0,0.0,0.0,-1.12,-0.131,0.0,-0.134,-0.4962340211935304,0.0,0.0,0.0,0.0,0.0,0.0,0.0,0.0,0.0,0.0,0.0,0.0,0.0,0.0,0.0,0.0,0.0,0.0,0.0,0.0,0.0,0.0,0.0,0.0,0.0,0.0,0.0,0.0,0.0,0.0,0.0,0.0,0.0,0.0,0.0,0.0,0.0,0.0,0.0,0.0,0.0,0.0,0.0,0,3,0.0,0.0,0.0,0.0,0.0,0,0.0,0.0,0.127,0.0,0.0,0.0,0.2468,0.0262,0.0,0.0268,0.0,0.5731999999999999,0.0769659788064695,27.420026376,232.85861724,8.387012102621306,188.10277674
20_RT,3,Q3,Sign,Markings,1.0,2.0,15.0,1,2,6,1,93,0,1,0.0,0.0,0,0,5.0,0.4,0.397,0,0,0.0,0.397,0.0,0.0,0.0518,0.9168,0.0,0.0,3558.01,2934.27,2.6,1.7,-0.0388,-0.9168,0.134,0.046,1.6,2.38,0.088,0.183,0.00194,0.02056,0.0,0.397,0.0,60.9,0,2.522,1.0,1,367.724,286.6931007137193,1.338,0.69,1.569,0.453,0.232,0.2,0.0,0.0,0.0,0.0,0.0,0.0,0.408,0.0,0.071,0.069,0.0,0.0,0.0,0.0,0.9184,1.0,External_Hazard,Not_Applicable,0.0,0,-0.003,0,0.397,0.0,0.865,0.0,-623.7400000000002,-0.9000000000000001,-0.8779999999999999,-0.088,0.7799999999999998,0.095,0.0186199999999999,0.397,60.9,-81.03089928628071,-0.6480000000000001,-1.116,-0.032,0.0,0.0,0.0,-0.408,-0.0019999999999999,0.0,0.0,0.1637268834258525,0.0,0.0,0.0,5.0,0.6,2.532,0.0,0.0,0.0,0.0,0.304,0.0,0.0,0.804,0.0,0.2,0.0,0.2453,0.0,3493.0,2.0,-0.2381,0.116,0.386,0.0,0.0,0.0,0.0,0.408,0.0,0.0,0.721,8.0,1.6,1721.23,0.365,0.03974,0.2,28.0,1.0,1.109,7.0,0.0,0,3,0.0,0.0,0.0,0.0,0.0,0,0.2676,0.31379999999999997,0.046400000000000004,0.0,0.0,0.0,0.08159999999999999,0.014199999999999999,0.0,0.0,0.0,0.2763999999999999,0.4401268834258525,27.418236888,265.29234162,21.376410975416338,218.78503974
21_RT,3,Q1,Animal,Rabbit,3.0,35.0,0.0,5,3,0,0,94,1,0,0.0,0.0,0,0,5.0,0.0,0.0,0,0,0.0,0.0,0.0,0.0,0.9885,0.9983,0.0,0.0,2386.5,3322.33,1.7,1.5,-0.9885,-0.9983,0.122,0.09,2.6,1.24,0.008,0.058,0.00046,2e-05,0.0,0.0,0.0,0.0,1,2.417,3.0,0,321.232,487.1576334298718,0.0,0.452,0.0,0.0,0.0,0.0,0.0,0.0,0.0,0.0,0.0,0.0,1.066,0.0,0.0,0.0,0.306,0.104,0.0,0.0,0.7867999999999999,1.0,External_Hazard,Not_Applicable,0.0,0,0.0,0,0.0,0.0,0.0097999999999999,0.0,935.83,-0.1999999999999999,-0.0097999999999999,-0.032,-1.36,0.05,-0.00044,0.0,0.0,165.92563342987177,0.452,0.0,0.0,0.0,0.0,0.0,-1.066,0.0,-0.202,0.0,0.0443627637567231,0.0,0.0,0.0,0.0,0.0,0.0,0.0,0.0,0.0,0.0,0.0,0.0,0.0,0.0,0.0,0.0,0.0,0.0,0.0,0.0,0.0,0.0,0.0,0.0,0.0,0.0,0.0,0.0,0.0,0.0,0.0,0.0,0.0,0.0,0.0,0.0,0.0,0.0,0.0,0.0,0.0,0.0,0.0,0,3,0.0,0.0,0.0,0.0,0.0,0,0.0,0.0,0.0,0.0,0.0,0.0,0.2132,0.0,0.0612,0.0,0.0,0.7256,0.7699627637567231,23.951700384000002,177.942213,36.323447463798104,247.71956946
21_RT,3,Q3,Sign,Markings,2.0,35.0,0.0,5,3,0,0,94,1,0,0.0,0.0,0,0,5.0,0.2,0.0,0,0,0.2,0.0,0.0,0.0,0.1647,0.8896,0.0,0.0,2829.86,3330.01,2.6,2.3,-0.0686,-0.8896,0.149,0.086,2.0,0.99,0.151,0.039,0.03161,0.00104,0.0,0.0,0.0,0.0,0,1.013,2.0,1,340.592,423.4945705824285,0.034,0.0,0.559,0.671,0.0,0.0,0.0,0.0,0.0,0.0,0.0,0.0,0.602,0.0,0.0,0.0,0.0,0.0,0.0,0.0,0.8796,1.0,External_Hazard,Not_Applicable,0.0,0,-0.2,0,-0.2,0.0,0.7248999999999999,0.0,500.1500000000001,-0.3000000000000002,-0.821,-0.063,-1.01,-0.1119999999999999,-0.03057,0.0,0.0,82.9025705824285,-0.034,0.1119999999999999,0.0,0.0,0.0,0.0,-0.602,0.0,0.0,0.0,-0.4233889437314906,0.0,0.0,0.0,5.0,0.0,1.204,0.904,0.0,0.0,0.0,0.272,0.0,0.0,0.0,0.0,0.0,0.0,0.8993,0.0,2134.29,2.1,-0.8993,0.134,0.0,0.166,0.0,0.0,0.0,0.325,0.0,0.0,0.0,10.0,2.0,1065.99,0.006,0.03392,0.0,0.0,1.0,1.626,7.0,0.0,1,3,0.0,0.0,0.0,0.0,0.0,0,0.0068000000000000005,0.11180000000000001,0.0,0.0,0.0,0.0,0.1204,0.0,0.0,0.0,0.0,0.7609999999999999,0.3376110562685093,25.395220704,211.00002132000003,31.576602171767032,248.29220562000003
22_RT,3,Q1,Animal,Rabbit,6.0,11.0,0.0,2,4,3,0,58,1,0,0.0,0.0,0,0,5.0,0.2,0.0,0,0,0.2,0.0,0.0,0.0,0.9239,0.502,0.0,0.0,3430.62,0.0,2.0,1.7,-0.9239,-0.502,0.141,0.081,3.0,0.0,0.111,0.081,0.01803,0.00962,0.2,0.0,0.0,0.0,1,1.488,6.0,0,446.09,0.0,0.3,1.395,0.0,0.0,1.259,0.0,0.0,0.0,0.0,0.0,0.0,0.0,0.0,0.0,0.108,0.0,0.0,0.0,0.033,0.0,1.0,1.0,External_Hazard,Not_Applicable,0.0,0,-0.2,0,-0.2,0.0,-0.4219,0.0,-3430.62,-0.3,0.4219,-0.0599999999999999,-3.0,-0.03,-0.00841,-0.2,0.0,-446.09,1.095,0.0,-1.259,0.0,0.0,0.0,0.0,-0.108,0.0,-0.033,-0.5974999999999999,0.0,0.0,0.0,0.0,0.0,0.0,0.0,0.0,0.0,0.0,0.0,0.0,0.0,0.0,0.0,0.0,0.0,0.0,0.0,0.0,0.0,0.0,0.0,0.0,0.0,0.0,0.0,0.0,0.0,0.0,0.0,0.0,0.0,0.0,0.0,0.0,0.0,0.0,0.0,0.0,0.0,0.0,0.0,0,3,0.0,0.0,0.0,0.0,0.0,0,0.06,0.0,0.25179999999999997,0.0,0.0,0.0,0.0,0.0216,0.0,0.0066,0.0,0.6599999999999999,0.0624999999999999,33.26136258,255.79388844,0.0,0.0
22_RT,3,Q3,Sign,Markings,7.0,11.0,0.0,2,4,3,0,58,1,0,0.0,0.0,0,0,5.0,0.2,0.0,0,0,0.2,0.0,0.0,0.0,0.1725,0.0209,0.0,0.0,2999.03,0.0,2.6,2.2,-0.1592,-0.0209,0.133,0.122,1.6,0.0,0.024,0.003,0.03432,1e-05,0.0,0.0,0.0,0.0,1,1.38,7.0,0,250.568,0.0,0.093,0.652,1.279,0.094,0.324,0.0,0.0,0.0,0.122,0.0,0.0,0.0,0.511,0.0,0.0,0.0,0.0,0.0,0.0,0.0,0.8734,1.0,External_Hazard,Not_Applicable,0.0,0,-0.2,0,-0.2,0.0,-0.1515999999999999,0.0,-2999.03,-0.3999999999999999,0.1383,-0.011,-1.6,-0.021,-0.03431,0.0,0.0,-250.568,0.559,-1.1849999999999998,-0.324,0.0,-0.122,0.0,-0.511,0.0,0.0,0.0,-0.0747797101449275,0.0,0.0,0.0,5.0,0.0,2.02,1.164,0.0,0.0,0.0,0.0,0.0,0.0,0.535,0.0,0.0,0.0,0.5053,0.0,3324.13,2.6,-0.5053,0.149,1.921,0.104,0.0,0.0,0.0,0.0,0.0,0.0,0.691,8.0,1.6,1423.14,0.032,0.04799,0.0,0.0,1.0,1.065,7.0,0.0,0,3,0.0,0.0,0.0,0.0,0.0,0,0.0186,0.25579999999999997,0.0648,0.0,0.024399999999999998,0.0,0.1022,0.0,0.0,0.0,0.0,0.5342,0.4594202898550724,18.682851216000003,223.61367486000003,0.0,0.0
23_RT,3,Q1,Animal,Rabbit,1.0,4.0,0.0,2,1,0,0,57,1,0,0.0,0.0,0,0,5.0,0.2,0.267,0,0,0.0,0.267,0.0,0.0,0.9958,0.8248,0.0,0.0,2327.4,2165.53,1.5,1.9,-0.9958,-0.8248,0.152,0.127,1.6,0.53,0.357,0.104,0.00016,0.01656,0.6,0.801,34.1,47.8,0,3.743,1.0,1,141.252,63.31552230830885,0.09,2.447,0.0,0.0,0.0,0.0,0.0,0.0,0.0,0.0,0.0,0.0,0.336,0.0,0.0,0.0,0.0,0.032,0.0,0.04,0.9328,1.0,External_Hazard,Not_Applicable,0.0,0,0.067,0,0.267,0.0,-0.171,0.0,-161.8699999999999,0.3999999999999999,0.171,-0.0249999999999999,-1.07,-0.253,0.0163999999999999,0.201,13.699999999999996,-77.93647769169115,2.357,0.0,0.0,0.0,0.0,0.0,-0.336,0.0,0.032,0.04,-0.5877895805503607,0.0,0.0,0.0,0.0,0.0,0.0,0.0,0.0,0.0,0.0,0.0,0.0,0.0,0.0,0.0,0.0,0.0,0.0,0.0,0.0,0.0,0.0,0.0,0.0,0.0,0.0,0.0,0.0,0.0,0.0,0.0,0.0,0.0,0.0,0.0,0.0,0.0,0.0,0.0,0.0,0.0,0.0,0.0,0,3,0.0,0.0,0.0,0.0,0.0,0,0.018,0.0,0.0,0.0,0.0,0.0,0.06720000000000001,0.0,0.0,0.0,0.0,0.9148,0.3270104194496392,10.532031624000002,173.5355988,4.7209319743521245,161.46624786
23_RT,3,Q3,Sign,Markings,3.0,4.0,0.0,2,1,0,0,57,1,0,0.0,0.0,0,0,5.0,0.4,0.0,0,0,0.2,0.0,0.0,0.0,0.285,0.2187,0.0,0.0,3366.62,3349.2,2.7,2.1,-0.285,-0.2187,0.163,0.154,2.6,0.89,0.722,0.132,0.05797,0.00317,0.4,0.445,31.9,36.6,0,2.245,3.0,1,411.822,135.26948775055678,0.099,0.174,0.266,0.401,0.073,0.0,0.0,0.0,0.0,0.0,0.0,0.0,0.368,0.0,0.035,0.0,0.0,0.0,0.0,0.0,0.9264,1.0,External_Hazard,Not_Applicable,0.0,0,-0.4,0,-0.2,0.0,-0.0662999999999999,0.0,-17.420000000000073,-0.6000000000000001,0.0662999999999999,-0.009,-1.71,-0.59,-0.0548,0.0449999999999999,4.700000000000003,-276.5525122494432,0.0749999999999999,0.135,-0.073,0.0,0.0,0.0,-0.368,-0.035,0.0,0.0,-0.0879247216035634,0.0,0.0,0.0,5.0,0.6,0.844,0.436,0.0,0.0,0.0,0.308,0.0,0.0,0.12,0.0,0.2,0.0,0.3939,0.0,3362.88,2.6,-0.3939,0.169,0.266,0.099,0.0,0.0,0.0,0.368,0.0,0.0,0.035,11.0,2.2,1752.71,0.697,0.06419,0.4,31.7,1.0,1.283,7.0,0.0,0,3,0.0,0.0,0.0,0.0,0.0,0,0.0198,0.053200000000000004,0.014599999999999998,0.0,0.0,0.0,0.0736,0.007000000000000001,0.0,0.0,0.0,0.8318,0.7438752783964365,30.706271964000003,251.02192044,10.085963545657014,249.7230504
24_RT,3,Q1,Animal,Rabbit,1.0,3.0,3.0,1,1,1,1,88,1,0,0.0,0.0,0,0,5.0,0.2,0.0,0,0,0.2,0.0,0.0,0.0,0.9617,0.9998,0.0,0.0,2928.42,2563.85,1.5,3.0,-0.9617,-0.9998,0.144,0.124,1.8,1.35,0.374,0.005,0.00635,0.0,0.4,0.0,25.1,19.3,0,2.227,1.0,1,220.68,58.343062415806024,0.0,0.979,0.0,0.0,0.34,0.076,0.0,0.0,0.0,0.0,0.0,0.0,0.427,0.0,0.0,0.0,0.032,0.071,0.101,0.0,0.9146,1.0,External_Hazard,Not_Applicable,0.0,0,-0.2,0,-0.2,0.0,0.0381,0.0,-364.57000000000016,1.5,-0.0381,-0.0199999999999999,-0.4499999999999999,-0.369,-0.00635,-0.4,-5.800000000000001,-162.33693758419398,0.979,0.0,-0.264,0.0,0.0,0.0,-0.427,0.0,0.0389999999999999,-0.101,-0.325612932195779,0.0,0.0,0.0,0.0,0.0,0.0,0.0,0.0,0.0,0.0,0.0,0.0,0.0,0.0,0.0,0.0,0.0,0.0,0.0,0.0,0.0,0.0,0.0,0.0,0.0,0.0,0.0,0.0,0.0,0.0,0.0,0.0,0.0,0.0,0.0,0.0,0.0,0.0,0.0,0.0,0.0,0.0,0.0,0,3,0.0,0.0,0.0,0.0,0.0,0,0.0,0.0,0.068,0.0,0.0,0.0,0.0854,0.0,0.0064,0.020200000000000003,0.0,0.82,0.4943870678042209,16.45434216,218.34885204000003,4.350175419847329,191.1657837
24_RT,3,Q3,Sign,Markings,6.0,3.0,3.0,1,1,1,1,88,1,0,12.0,0.0,0,0,5.0,0.6,0.0,0,0,0.4,0.0,0.0,0.0,0.1668,0.0356,0.0,0.0,3115.69,0.0,2.2,1.7,-0.0085,0.0185,0.126,0.128,0.8,0.0,0.218,0.004,0.06201,0.00155,0.0,0.0,0.0,0.0,1,1.313,6.0,0,99.12,0.0,0.692,0.925,1.512,0.0,0.0,0.0,0.0,0.0,0.0,0.0,0.037,0.0,0.0,0.0,0.0,0.0,0.0,0.0,0.0,0.0,1.0,1.0,External_Hazard,Not_Applicable,-12.0,0,-0.6,0,-0.4,0.0,-0.1312,0.0,-3115.69,-0.5000000000000002,0.027,0.002,-0.8,-0.214,-0.06046,0.0,0.0,-99.12,0.2330000000000001,-1.512,0.0,0.0,0.0,-0.037,0.0,0.0,0.0,0.0,-0.2562935262757045,2.0,24.0,0.0,5.0,0.4,4.616,2.031,0.0,0.0,0.0,0.0,0.0,0.0,0.0,0.0,0.2,0.0,0.4769,0.0,4602.55,1.9,-0.3925,0.138,1.938,0.478,0.0,0.0,0.037,0.0,0.0,0.034,0.035,2.0,0.4,43.07,0.461,0.24862,0.2,5.9,1.0,3.467,5.0,0.0,0,3,0.0,0.0,0.0,0.0,0.0,0,0.1384,0.3024,0.0,0.0,0.0,0.0073999999999999995,0.0,0.0,0.0,0.0,0.0,0.5518,0.2955064737242954,7.390585440000001,232.31207778,0.0,0.0
25_RT,3,Q1,Animal,Rabbit,4.0,47.0,0.0,5,3,0,0,58,0,1,0.0,0.0,0,0,5.0,0.2,0.361,0,0,0.0,0.361,0.0,0.0,0.9656,0.7515,0.0,0.0,1172.21,2008.23,1.9,2.3,-0.9656,-0.7515,0.142,0.118,1.6,1.44,0.099,0.076,0.00276,0.0777,0.6,0.0,14.5,12.0,1,2.771,4.0,0,40.672,114.7058823529412,0.0,0.905,0.0,0.0,0.0,0.0,0.0,0.0,0.0,0.0,0.0,0.0,0.0,0.0,0.0,0.0,0.0,0.404,0.0,0.0,1.0,1.0,External_Hazard,Not_Applicable,0.0,0,0.1609999999999999,0,0.361,0.0,-0.2141,0.0,836.02,0.3999999999999999,0.2141,-0.0239999999999999,-0.1600000000000001,-0.023,0.07494,-0.6,-2.5,74.03388235294119,0.905,0.0,0.0,0.0,0.0,0.0,0.0,0.0,0.404,0.0,-0.4723926380368098,0.0,0.0,0.0,0.0,0.0,0.0,0.0,0.0,0.0,0.0,0.0,0.0,0.0,0.0,0.0,0.0,0.0,0.0,0.0,0.0,0.0,0.0,0.0,0.0,0.0,0.0,0.0,0.0,0.0,0.0,0.0,0.0,0.0,0.0,0.0,0.0,0.0,0.0,0.0,0.0,0.0,0.0,0.0,0,3,0.0,0.0,0.0,0.0,0.0,0,0.0,0.0,0.0,0.0,0.0,0.0,0.0,0.0,0.0,0.0,0.0,1.0,0.5276073619631901,3.032585664,87.40232202,8.552700000000002,149.73764526000002
25_RT,3,Q3,Sign,Markings,1.0,47.0,0.0,5,3,0,0,58,0,1,0.0,0.0,0,0,5.0,0.4,0.0,0,0,0.4,0.0,0.0,0.0,0.2523,0.1214,0.0,0.0,2204.04,0.0,3.5,2.9,-0.2486,-0.1214,0.168,0.132,0.6,0.0,0.095,0.018,0.07801,7e-05,0.0,0.0,0.0,0.0,0,1.396,1.0,1,69.324,0.0,0.0,0.0,0.0,0.0,0.345,0.0,0.0,0.0,0.0,0.0,0.0,0.0,0.0,0.0,0.017,0.0,0.0,0.0,0.0,0.0,1.0,1.0,External_Hazard,Not_Applicable,0.0,0,-0.4,0,-0.4,0.0,-0.1309,0.0,-2204.04,-0.6000000000000001,0.1271999999999999,-0.036,-0.6,-0.077,-0.07794,0.0,0.0,-69.324,0.0,0.0,-0.345,0.0,0.0,0.0,0.0,-0.017,0.0,0.0,0.0724,0.0,0.0,0.0,5.0,0.4,4.752,4.752,0.0,0.0,0.0,0.0,0.0,0.0,0.0,0.0,0.4,0.0,0.1936,0.0,1086.09,3.5,-0.1905,0.166,0.0,0.0,0.0,0.0,0.0,0.0,0.0,0.0,0.0,1.0,0.2,21.25,0.106,0.04193,0.0,0.0,1.0,1.3,6.0,0.0,1,3,0.0,0.0,0.0,0.0,0.0,0,0.0,0.0,0.06899999999999999,0.0,0.0,0.0,0.0,0.0034000000000000002,0.0,0.0,0.0,0.9276,1.0,5.168936088,164.33763048,0.0,0.0
26_RT,3,Q1,Animal,Rabbit,1.0,6.0,9.0,1,1,0,0,61,0,1,0.0,0.0,0,0,5.0,0.2,0.404,0,0,0.2,0.404,0.0,0.0,0.7736,0.9165,0.0,0.0,2468.63,1635.11,1.8,2.5,-0.7736,-0.9165,0.161,0.146,2.4,2.02,0.465,0.019,0.06402,0.01335,0.0,0.0,0.0,0.0,0,2.473,1.0,1,241.97600000000003,81.37080469065911,0.327,0.732,0.0,0.0,0.0,0.0,0.0,0.0,0.0,0.0,0.0,0.0,0.268,0.0,0.07,0.0,0.0,0.0,0.0,0.0,0.9464,1.0,External_Hazard,Not_Applicable,0.0,0,0.204,0,0.204,0.0,0.1429,0.0,-833.5200000000002,0.7,-0.1429,-0.015,-0.3799999999999999,-0.446,-0.0506699999999999,0.0,0.0,-160.6051953093409,0.4049999999999999,0.0,0.0,0.0,0.0,0.0,-0.268,-0.07,0.0,0.0,-0.1629967650626769,0.0,0.0,0.0,0.0,0.0,0.0,0.0,0.0,0.0,0.0,0.0,0.0,0.0,0.0,0.0,0.0,0.0,0.0,0.0,0.0,0.0,0.0,0.0,0.0,0.0,0.0,0.0,0.0,0.0,0.0,0.0,0.0,0.0,0.0,0.0,0.0,0.0,0.0,0.0,0.0,0.0,0.0,0.0,0,3,0.0,0.0,0.0,0.0,0.0,0,0.0654,0.0,0.0,0.0,0.0,0.0,0.0536,0.014000000000000002,0.0,0.0,0.0,0.867,0.7040032349373231,18.042214512000005,184.06599006000002,6.067169939344925,121.91707182
26_RT,3,Q3,Sign,Markings,3.0,6.0,9.0,1,1,0,0,61,0,1,24.0,0.0,0,0,5.0,0.2,0.0,0,0,0.2,0.0,0.0,0.0,0.3117,0.1358,0.0,0.0,2525.73,0.0,2.9,3.4,-0.3002,-0.1358,0.177,0.138,2.4,0.0,0.45,0.015,0.0869,0.00053,0.2,0.0,0.0,0.0,0,1.156,3.0,1,230.698,0.0,0.478,0.688,0.686,0.0,0.0,0.0,0.0,0.0,0.0,0.0,0.0,0.0,0.352,0.0,0.0,0.0,0.0,0.0,0.0,0.0,0.9296,1.0,External_Hazard,Not_Applicable,-24.0,0,-0.2,0,-0.2,0.0,-0.1758999999999999,0.0,-2525.73,0.5,0.1644,-0.0389999999999999,-2.4,-0.435,-0.08637,-0.2,0.0,-230.698,0.2099999999999999,-0.686,0.0,0.0,0.0,0.0,-0.352,0.0,0.0,0.0,-0.2919557093425605,2.0,24.0,0.0,5.0,0.2,1.508,0.0,0.0,0.0,0.0,0.324,0.0,0.0,0.0,0.0,0.0,0.0,0.5747,0.0,2465.85,2.6,-0.5747,0.171,0.708,0.0,0.0,0.0,0.0,0.352,0.0,0.0,0.0,9.0,1.8,828.66,0.269,0.09604,0.2,0.0,1.0,1.329,6.0,0.0,0,3,0.0,0.0,0.0,0.0,0.0,0,0.09559999999999999,0.13720000000000002,0.0,0.0,0.0,0.0,0.07039999999999999,0.0,0.0,0.0,0.0,0.6968,0.4048442906574394,17.201304276000002,188.32348026,0.0,0.0
27_RT,3,Q1,Animal,Rabbit,2.0,12.0,20.0,2,3,5,0,67,0,1,0.0,0.0,0,0,5.0,0.2,0.273,0,0,0.2,0.273,0.0,0.0,0.8824,0.7416,0.0,0.0,2828.68,0.0,1.8,1.3,-0.8824,-0.7416,0.128,0.09,1.6,0.0,0.072,0.167,0.04777,0.00435,0.0,0.0,0.0,0.0,1,3.659,2.0,0,221.02,0.0,0.0,3.06,0.0,0.0,0.0,0.0,0.0,0.0,0.0,0.0,0.0,0.0,1.169,0.0,0.0,0.0,0.204,0.599,0.0,0.0,0.7662,1.0,External_Hazard,Not_Applicable,0.0,0,0.073,0,0.073,0.0,-0.1407999999999999,0.0,-2828.68,-0.5,0.1407999999999999,-0.038,-1.6,0.095,-0.04342,0.0,0.0,-221.02,3.06,0.0,0.0,0.0,0.0,0.0,-1.169,0.0,0.395,0.0,-0.7253999999999999,0.0,0.0,0.0,0.0,0.0,0.0,0.0,0.0,0.0,0.0,0.0,0.0,0.0,0.0,0.0,0.0,0.0,0.0,0.0,0.0,0.0,0.0,0.0,0.0,0.0,0.0,0.0,0.0,0.0,0.0,0.0,0.0,0.0,0.0,0.0,0.0,0.0,0.0,0.0,0.0,0.0,0.0,0.0,0,3,0.0,0.0,0.0,0.0,0.0,0,0.0,0.0,0.0,0.0,0.0,0.0,0.2338,0.0,0.040799999999999996,0.0,0.0,0.7253999999999999,0.0,16.479693240000003,210.91203816,0.0,0.0
27_RT,3,Q3,Sign,Markings,6.0,12.0,20.0,2,3,5,0,67,0,1,0.0,0.0,0,0,5.0,0.2,0.0,0,0,0.0,0.0,0.0,0.0,0.0421,0.4517,0.0,0.0,1254.41,1769.45,2.0,2.0,-0.0421,-0.4517,0.122,0.112,0.4,1.03,0.007,0.009,0.00066,0.00869,0.0,0.0,0.0,0.0,1,1.934,6.0,0,11.832,51.127197518097205,2.151,0.915,2.055,0.685,0.0,0.0,0.0,0.0,0.0,0.0,0.0,0.0,0.0,0.0,0.0,0.0,0.0,0.0,0.0,0.0,1.0,1.0,External_Hazard,Not_Applicable,0.0,0,-0.2,0,0.0,0.0,0.4095999999999999,0.0,515.04,0.0,-0.4095999999999999,-0.0099999999999999,0.63,0.0019999999999999,0.0080299999999999,0.0,0.0,39.2951975180972,-1.2359999999999998,-1.37,0.0,0.0,0.0,0.0,0.0,0.0,0.0,0.0,0.0138990692864527,0.0,0.0,0.0,5.0,0.0,0.824,0.576,0.0,0.0,0.0,0.0,0.0,0.0,0.617,0.0,0.0,0.0,0.2613,0.0,2377.67,1.7,-0.2613,0.119,1.012,0.324,0.0,0.0,0.0,0.0,0.0,0.0,0.202,7.0,1.4,790.0,0.018,0.01738,0.0,0.0,1.0,1.332,7.0,0.0,0,3,0.0,0.0,0.0,0.0,0.0,0,0.43019999999999997,0.41100000000000003,0.0,0.0,0.0,0.0,0.0,0.0,0.0,0.0,0.0,0.1588000000000001,0.1726990692864528,0.882217584,93.53131842,3.812146101344364,131.9337309
28_RT,3,Q1,Animal,Rabbit,4.0,5.0,0.0,1,4,0,0,52,0,1,0.0,0.0,0,0,5.0,0.2,0.0,0,0,0.2,0.0,0.0,0.0,0.6288,0.9763,0.0,0.0,3027.91,2424.91,1.7,1.6,-0.6288,-0.9763,0.198,0.103,2.4,1.02,1.695,0.208,0.15074,0.00055,0.4,0.509,19.0,36.1,1,1.965,4.0,0,324.93600000000004,101.13486005089058,0.0,0.805,0.0,0.0,0.866,0.177,0.0,0.0,0.0,0.0,0.0,0.0,0.47,0.0,0.36,0.0,0.0,0.069,0.164,0.039,0.906,1.0,External_Hazard,Not_Applicable,0.0,0,-0.2,0,-0.2,0.0,0.3474999999999999,0.0,-603.0,-0.0999999999999998,-0.3474999999999999,-0.095,-1.38,-1.487,-0.15019,0.1089999999999999,17.1,-223.80113994910943,0.805,0.0,-0.6890000000000001,0.0,0.0,0.0,-0.47,-0.36,0.069,-0.125,-0.18270737913486,0.0,0.0,0.0,0.0,0.0,0.0,0.0,0.0,0.0,0.0,0.0,0.0,0.0,0.0,0.0,0.0,0.0,0.0,0.0,0.0,0.0,0.0,0.0,0.0,0.0,0.0,0.0,0.0,0.0,0.0,0.0,0.0,0.0,0.0,0.0,0.0,0.0,0.0,0.0,0.0,0.0,0.0,0.0,0,3,0.0,0.0,0.0,0.0,0.0,0,0.0,0.0,0.1732,0.0,0.0,0.0,0.094,0.072,0.0,0.0328,0.0,0.628,0.4452926208651399,24.227878032000003,225.76702542,7.540817435114504,180.80613942
28_RT,3,Q3,Sign,Markings,1.0,5.0,0.0,1,4,0,0,52,0,1,0.0,0.0,0,0,5.0,0.4,0.0,0,0,0.2,0.0,0.0,0.0,0.2432,0.5417,0.0,0.0,2507.64,3607.5,2.9,2.4,-0.2432,-0.5417,0.166,0.126,2.6,0.47,0.402,0.021,0.02465,0.02091,0.0,0.0,0.0,0.0,0,2.128,1.0,1,327.502,140.531015037594,0.0,0.83,0.721,0.037,0.0,0.0,0.0,0.0,0.0,0.0,0.0,0.0,0.328,0.0,0.885,0.0,0.0,0.0,0.0,0.0,0.9344,1.0,External_Hazard,Not_Applicable,0.0,0,-0.4,0,-0.2,0.0,0.2985,0.0,1099.86,-0.5,-0.2985,-0.04,-2.13,-0.381,-0.0037399999999999,0.0,0.0,-186.970984962406,0.83,-0.6839999999999999,0.0,0.0,0.0,0.0,-0.328,-0.885,0.0,0.0,-0.0206248120300751,0.0,0.0,0.0,5.0,0.2,0.0,0.0,0.912,0.0,0.0,0.16,0.0,0.0,0.469,0.0,0.2,0.0,0.4774,0.0,2955.77,2.7,-0.4774,0.176,0.0,0.0,0.868,0.0,0.0,0.328,0.0,0.0,0.423,11.0,2.2,1737.96,0.466,0.10101,0.2,0.0,1.0,1.401,6.0,0.0,0,3,0.0,0.0,0.0,0.0,0.0,0,0.0,0.1442,0.0,0.0,0.0,0.0,0.0656,0.177,0.0,0.0,0.0,0.6132,0.5925751879699248,24.419204124,186.97465368,10.478273543233083,268.982415
29_RT,3,Q1,Animal,Rabbit,6.0,26.5,0.0,3,4,0,0,67,0,1,0.0,0.0,0,0,5.0,0.2,0.464,0,0,0.2,0.464,0.0,0.0,0.745,0.6718,0.0,0.0,2862.13,1370.64,1.5,2.5,-0.745,-0.6718,0.154,0.148,1.8,0.93,0.74,0.003,0.12477,0.02845,0.0,0.0,0.0,0.0,1,2.157,6.0,0,255.368,33.19425127491886,0.0,0.464,0.0,0.0,1.548,0.0,0.0,0.0,0.0,0.0,0.0,0.0,0.0,0.0,0.699,0.0,0.0,0.0,0.0,0.0,1.0,1.0,External_Hazard,Not_Applicable,0.0,0,0.264,0,0.264,0.0,-0.0732,0.0,-1491.49,1.0,0.0732,-0.006,-0.87,-0.737,-0.09632,0.0,0.0,-222.1737487250811,0.464,0.0,-1.548,0.0,0.0,0.0,0.0,-0.699,0.0,0.0,0.2342864163189615,0.0,0.0,0.0,0.0,0.0,0.0,0.0,0.0,0.0,0.0,0.0,0.0,0.0,0.0,0.0,0.0,0.0,0.0,0.0,0.0,0.0,0.0,0.0,0.0,0.0,0.0,0.0,0.0,0.0,0.0,0.0,0.0,0.0,0.0,0.0,0.0,0.0,0.0,0.0,0.0,0.0,0.0,0.0,0,3,0.0,0.0,0.0,0.0,0.0,0,0.0,0.0,0.3096,0.0,0.0,0.0,0.0,0.13979999999999998,0.0,0.0,0.0,0.5506,0.7848864163189615,19.040748816,213.40613706000002,2.4750297635605003,102.19765968000002
29_RT,3,Q3,Sign,Markings,7.0,26.5,0.0,3,4,0,0,67,0,1,0.0,0.0,0,0,5.0,0.6,0.669,0,0,0.2,0.0,0.0,0.0,0.2348,0.0905,0.0,0.0,2226.22,2996.35,3.0,3.2,-0.2348,-0.0905,0.16,0.163,1.4,2.01,0.029,0.001,0.04352,0.0002,0.0,0.0,0.0,0.0,1,1.494,7.0,0,131.804,281.4591700133869,0.0,0.696,0.0,0.432,0.097,0.0,0.0,0.0,0.0,0.0,0.0,0.0,0.0,0.0,0.112,0.0,0.0,0.0,0.0,0.0,1.0,1.0,External_Hazard,Not_Applicable,0.0,0,0.069,0,-0.2,0.0,-0.1443,0.0,770.1300000000001,0.2000000000000001,0.1443,0.003,0.6099999999999999,-0.028,-0.04332,0.0,0.0,149.65517001338688,0.696,0.432,-0.097,0.0,0.0,0.0,0.0,-0.112,0.0,0.0,-0.7132200803212851,0.0,0.0,0.0,5.0,0.6,0.0,0.0,0.32,0.0,0.0,0.0,0.0,0.0,0.232,0.0,0.2,0.0,0.29,0.0,2502.67,3.0,-0.29,0.161,0.0,0.0,0.112,0.0,0.0,0.0,0.0,0.0,0.201,7.0,1.4,837.22,0.028,0.08606,0.0,0.0,1.0,1.256,7.0,0.0,0,3,0.0,0.0,0.0,0.0,0.0,0,0.0,0.0,0.0194,0.0,0.0,0.0,0.0,0.0224,0.0,0.0,0.0,0.9582,0.2449799196787149,9.827569848000001,165.99141563999999,20.986158634538153,223.41384870000002
30_RT,3,Q1,Animal,Rabbit,4.0,43.0,0.0,5,2,0,0,56,1,0,48.0,0.0,0,0,5.0,0.2,0.301,0,0,0.2,0.301,0.0,0.0,0.9496,0.7669,0.0,0.0,2884.78,2419.07,1.4,1.3,-0.9496,-0.7669,0.111,0.093,3.0,1.81,0.082,0.057,0.01205,0.00396,0.0,0.301,13.0,31.3,1,3.322,4.0,0,388.938,209.34978928356412,0.0,1.717,0.0,0.0,0.0,0.0,0.0,0.0,0.0,0.0,0.0,0.0,0.073,0.237,0.0,0.0,0.0,0.337,0.233,0.0,0.9854,0.9286574352799518,External_Hazard,Not_Applicable,-48.0,0,0.1009999999999999,0,0.1009999999999999,0.0,-0.1826999999999999,0.0,-465.71,-0.0999999999999998,0.1826999999999999,-0.018,-1.19,-0.025,-0.00809,0.301,18.3,-179.58821071643587,1.717,0.0,0.0,0.0,0.0,0.0,0.1639999999999999,0.0,0.337,-0.233,-0.628444792293799,0.0,0.0,0.0,0.0,0.0,0.0,0.0,0.0,0.0,0.0,0.0,0.0,0.0,0.0,0.0,0.0,0.0,0.0,0.0,0.0,0.0,0.0,0.0,0.0,0.0,0.0,0.0,0.0,0.0,0.0,0.0,0.0,0.0,0.0,0.0,0.0,0.0,0.0,0.0,0.0,0.0,0.0,0.0,0,3,0.0,0.0,0.0,0.0,0.0,0,0.0,0.0,0.0,0.0,0.0,0.0,0.014599999999999998,0.0,0.0,0.0466,0.0,0.9388,0.310355207706201,28.999995156,215.09496636000003,15.609538988561109,180.37069734000002
30_RT,3,Q3,Sign,Markings,6.0,43.0,0.0,5,2,0,0,56,1,0,48.0,10.91,0,0,5.0,0.4,0.182,0,0,0.0,0.182,0.0,0.0,0.0395,0.4579,0.0,0.0,3107.35,2554.75,1.0,0.7,-0.0393,-0.4579,0.048,0.046,2.2,2.73,0.11,0.139,0.00055,0.12138,0.4,0.182,62.1,67.3,1,5.498,6.0,1,315.012,316.7497271735176,0.0,0.348,1.568,1.308,0.0,0.0,0.0,0.0,0.0,0.0,0.0,0.0,0.0,0.0,0.0,0.0,0.0,0.0,0.0,0.0,1.0,1.0,External_Hazard,Not_Applicable,-37.09,0,-0.218,0,0.182,0.0,0.4184,0.0,-552.5999999999999,-0.3,-0.4185999999999999,-0.002,0.5299999999999998,0.029,0.12083,-0.218,5.199999999999996,1.7377271735176123,0.348,-0.26,0.0,0.0,0.0,0.0,0.0,0.0,0.0,0.0,0.0123995634776281,3.0,36.0,0.0,5.0,0.6,0.0,0.0,0.0,0.0,0.0,0.2,0.0,0.988,0.0,1.0,0.4,0.0,0.5317,0.0,3327.97,1.6,-0.4444,0.053,0.0,0.0,0.0,0.0,0.0,0.238,0.0,0.557,0.0,12.0,2.4,1655.22,0.647,0.20454,0.2,75.6,1.0,1.684,7.0,0.0,0,3,0.0,0.0,0.0,0.0,0.0,0,0.0,0.3136,0.0,0.0,0.0,0.0,0.0,0.0,0.0,0.0,0.0,0.6864,0.6987995634776282,23.487924744,231.6902307,23.61749315751182,190.4872695
31_RT,3,Q1,Animal,Rabbit,4.0,1.67,12.0,1,4,3,0,20,0,1,0.0,0.0,0,0,5.0,0.4,0.0,0,0,0.2,0.0,0.0,0.0,0.8688,0.8719,0.0,0.0,2960.99,1464.06,1.6,1.3,-0.8688,-0.8719,0.136,0.106,2.0,0.66,0.658,0.091,0.0571,0.02203,0.2,0.332,20.4,22.6,1,3.01,4.0,0,301.764,24.395348837209305,0.234,2.06,0.0,0.0,1.6,0.0,0.0,0.0,0.0,0.0,0.0,0.0,0.0,0.0,0.036,0.0,0.064,0.144,0.0,0.0,1.0,1.0,External_Hazard,Not_Applicable,0.0,0,-0.4,0,-0.2,0.0,0.0030999999999999,0.0,-1496.9299999999998,-0.3,-0.0030999999999999,-0.03,-1.34,-0.5670000000000001,-0.03507,0.132,2.200000000000003,-277.3686511627907,1.826,0.0,-1.6,0.0,0.0,0.0,0.0,-0.036,0.0799999999999999,0.0,-0.3454259136212625,0.0,0.0,0.0,0.0,0.0,0.0,0.0,0.0,0.0,0.0,0.0,0.0,0.0,0.0,0.0,0.0,0.0,0.0,0.0,0.0,0.0,0.0,0.0,0.0,0.0,0.0,0.0,0.0,0.0,0.0,0.0,0.0,0.0,0.0,0.0,0.0,0.0,0.0,0.0,0.0,0.0,0.0,0.0,0,3,0.0,0.0,0.0,0.0,0.0,0,0.0468,0.0,0.32,0.0,0.0,0.0,0.0,0.0072,0.0128,0.0,0.0,0.6132,0.2677740863787374,22.500127368,220.77733637999998,1.8189660000000003,109.16324172
31_RT,3,Q3,Sign,Markings,6.0,1.67,12.0,1,4,3,0,20,0,1,0.0,0.0,0,0,5.0,0.6,0.0,0,0,0.4,0.0,0.0,0.0,0.2532,0.067,0.0,0.0,2850.18,1447.68,2.9,2.6,-0.2291,-0.067,0.187,0.037,1.2,0.66,1.14,0.365,0.06134,0.0001,0.4,0.0,16.8,60.8,1,1.506,6.0,0,181.828,28.35989375830013,0.0,0.448,1.368,0.456,0.0,0.0,0.0,0.0,0.0,0.0,0.0,0.0,0.74,0.0,0.0,0.0,0.0,0.0,0.0,0.0,0.852,1.0,External_Hazard,Not_Applicable,0.0,0,-0.6,0,-0.4,0.0,-0.1861999999999999,0.0,-1402.4999999999998,-0.2999999999999998,0.1621,-0.15,-0.5399999999999999,-0.7749999999999999,-0.0612399999999999,-0.4,44.0,-153.46810624169987,0.448,-0.912,0.0,0.0,0.0,0.0,-0.74,0.0,0.0,0.0,-0.178665604249668,0.0,0.0,0.0,5.0,0.4,1.857,0.972,0.0,0.0,0.0,0.696,0.0,0.0,0.039,0.0,0.2,0.0,0.365,0.0,3249.65,2.7,-0.365,0.187,1.028,0.0,0.0,0.0,0.0,0.74,0.0,0.0,0.078,6.0,1.2,1137.71,0.941,0.09899,0.2,12.9,1.0,1.484,6.0,0.0,0,3,0.0,0.0,0.0,0.0,0.0,0,0.0,0.2736,0.0,0.0,0.0,0.0,0.148,0.0,0.0,0.0,0.0,0.5784,0.399734395750332,13.557459336,212.51512116,2.1145703984063746,107.94191616
32_RT,3,Q1,Animal,Rabbit,5.0,18.0,20.0,3,1,2,0,62,1,0,36.0,7.29,0,0,5.0,0.2,0.364,0,0,0.2,0.243,0.0,0.0,0.8382,0.5076,0.0,0.0,2828.83,2207.01,1.9,0.7,-0.8382,-0.5076,0.136,0.08,1.6,0.61,0.062,0.035,0.06834,0.01944,0.0,0.0,0.0,12.0,1,8.236,5.0,1,90.662,41.84555609519184,0.135,4.476,0.0,0.0,0.0,0.0,0.0,0.0,0.0,0.0,0.0,0.0,0.0,0.0,0.067,0.0,0.0,0.0,0.04,0.036,1.0,1.0,External_Hazard,Not_Applicable,-28.71,0,0.1639999999999999,0,0.0429999999999999,0.0,-0.3305999999999999,0.0,-621.8199999999997,-1.2,0.3305999999999999,-0.056,-0.99,-0.0269999999999999,-0.0489,0.0,12.0,-48.81644390480817,4.341,0.0,0.0,0.0,0.0,0.0,0.0,-0.067,0.0,-0.004,-0.4994387566779989,0.0,0.0,0.0,0.0,0.0,0.0,0.0,0.0,0.0,0.0,0.0,0.0,0.0,0.0,0.0,0.0,0.0,0.0,0.0,0.0,0.0,0.0,0.0,0.0,0.0,0.0,0.0,0.0,0.0,0.0,0.0,0.0,0.0,0.0,0.0,0.0,0.0,0.0,0.0,0.0,0.0,0.0,0.0,0,3,0.0,0.0,0.0,0.0,0.0,0,0.027000000000000003,0.0,0.0,0.0,0.0,0.0,0.0,0.0134,0.0,0.008,0.0,0.9516,0.4521612433220011,6.759940044,210.92322246,3.120088353569694,164.55907962000003
32_RT,3,Q3,Sign,Markings,5.0,18.0,20.0,3,1,2,0,62,1,0,24.0,0.0,0,0,5.0,0.4,0.0,0,0,0.0,0.0,0.0,0.0,0.0311,0.0668,0.0,0.0,3002.59,1892.92,1.3,1.1,-0.0311,-0.0668,0.093,0.097,1.6,0.46,0.043,0.001,0.00045,0.00152,0.0,0.0,0.0,0.0,1,2.168,5.0,0,94.0,29.53413284132841,0.226,0.969,1.76,0.458,0.0,0.0,0.0,0.0,0.0,0.0,0.0,0.0,0.0,0.0,0.438,0.0,0.0,0.0,0.0,0.0,1.0,1.0,External_Hazard,Not_Applicable,-24.0,0,-0.4,0,0.0,0.0,0.0356999999999999,0.0,-1109.67,-0.1999999999999999,-0.0356999999999999,0.004,-1.14,-0.0419999999999999,0.00107,0.0,0.0,-64.46586715867159,0.743,-1.302,0.0,0.0,0.0,0.0,0.0,-0.438,0.0,0.0,-0.173410332103321,2.0,24.0,0.0,5.0,0.2,2.749,0.0,0.0,0.0,0.0,0.0,0.0,0.0,0.0,0.0,0.2,0.0,0.3915,0.0,4007.42,1.1,-0.3915,0.091,2.096,0.078,0.0,0.0,0.0,0.039,0.0,0.0,0.0,5.0,1.0,269.4,0.303,0.02895,0.2,33.5,1.0,1.629,5.0,0.0,0,3,0.0,0.0,0.0,0.0,0.0,0,0.045200000000000004,0.352,0.0,0.0,0.0,0.0,0.0,0.0876,0.0,0.0,0.0,0.5152,0.341789667896679,7.008828,223.87911558000002,2.202124012915129,141.13990104
33_RT,3,Q1,Animal,Rabbit,5.0,6.0,1.0,3,3,2,0,70,0,1,0.0,0.0,0,0,5.0,0.2,0.255,0,0,0.0,0.255,0.0,0.0,0.4718,0.8038,0.0,0.0,2088.87,1495.89,1.5,2.8,-0.4599,-0.8038,0.212,0.093,1.6,0.77,1.714,0.838,0.15644,0.03124,0.2,0.255,4.1,41.7,0,3.914,5.0,1,166.628,35.19928461931528,0.0,2.594,0.0,0.0,0.0,0.0,0.0,0.0,0.0,0.0,0.0,0.0,0.56,0.0,0.0,0.0,0.0,0.097,0.0,0.0,0.888,1.0,External_Hazard,Not_Applicable,0.0,0,0.0549999999999999,0,0.255,0.0,0.3319999999999999,0.0,-592.9799999999998,1.2999999999999998,-0.3439,-0.119,-0.8300000000000001,-0.876,-0.1252,0.0549999999999999,37.6,-131.4287153806847,2.594,0.0,0.0,0.0,0.0,0.0,-0.56,0.0,0.097,0.0,-0.5755319366377106,0.0,0.0,0.0,0.0,0.0,0.0,0.0,0.0,0.0,0.0,0.0,0.0,0.0,0.0,0.0,0.0,0.0,0.0,0.0,0.0,0.0,0.0,0.0,0.0,0.0,0.0,0.0,0.0,0.0,0.0,0.0,0.0,0.0,0.0,0.0,0.0,0.0,0.0,0.0,0.0,0.0,0.0,0.0,0,3,0.0,0.0,0.0,0.0,0.0,0,0.0,0.0,0.0,0.0,0.0,0.0,0.11200000000000002,0.0,0.0,0.0,0.0,0.8879999999999999,0.3124680633622893,12.424116935999999,155.75032493999998,2.624529059785386,111.53655018
33_RT,3,Q3,Sign,Markings,7.0,6.0,1.0,3,3,2,0,70,0,1,12.0,0.0,0,0,5.0,0.0,0.0,0,0,0.0,0.0,0.0,0.0,0.2245,0.2907,0.0,0.0,1747.75,1774.51,3.4,2.8,-0.2212,-0.2876,0.225,0.057,1.4,0.86,1.244,0.578,0.05674,0.05401,0.4,0.0,8.9,51.5,1,2.314,7.0,0,75.42999999999999,60.96802074330164,0.505,1.095,1.074,0.031,0.0,0.0,0.0,0.0,0.0,0.0,0.0,0.0,0.0,0.0,0.0,0.0,0.0,0.0,0.0,0.0,1.0,1.0,External_Hazard,Not_Applicable,-12.0,0,0.0,0,0.0,0.0,0.0662,0.0,26.75999999999999,-0.6000000000000001,-0.0664,-0.168,-0.5399999999999999,-0.666,-0.0027299999999999,-0.4,42.6,-14.46197925669835,0.59,-1.043,0.0,0.0,0.0,0.0,0.0,0.0,0.0,0.0,-0.1708032843560931,1.0,12.0,0.0,5.0,0.0,1.688,0.824,0.0,0.0,0.0,0.0,0.0,0.0,0.0,0.0,0.0,0.0,0.2219,0.0,1747.75,3.4,-0.2182,0.225,1.074,0.505,0.0,0.0,0.0,0.0,0.0,0.0,0.0,7.0,1.4,377.15,1.248,0.05561,0.4,8.9,1.0,1.615,7.0,0.0,0,3,0.0,0.0,0.0,0.0,0.0,0,0.101,0.21480000000000002,0.0,0.0,0.0,0.0,0.0,0.0,0.0,0.0,0.0,0.6841999999999999,0.5133967156439068,5.624211659999999,130.31573550000002,4.5458975626620575,132.31101462
34_RT,3,Q1,Animal,Rabbit,1.0,27.0,5.0,3,4,1,0,81,1,0,36.0,0.0,0,0,5.0,0.4,0.338,0,0,0.2,0.0,0.0,0.0,0.6551,0.927,0.0,0.0,3265.42,2931.99,1.7,1.0,-0.6551,-0.927,0.124,0.094,2.4,2.37,0.695,0.083,0.04664,0.00111,0.2,0.338,18.1,17.1,0,2.957,1.0,1,308.15999999999997,318.112952316537,0.0,0.0,0.0,0.0,0.0,0.0,0.0,0.0,0.0,0.0,0.0,0.0,0.508,0.0,0.0,0.0,0.0,0.066,0.171,0.0,0.8984,1.0,External_Hazard,Not_Applicable,-36.0,0,-0.062,0,-0.2,0.0,0.2719,0.0,-333.4300000000003,-0.7,-0.2719,-0.03,-0.0299999999999998,-0.612,-0.04553,0.138,-1.0,9.95295231653705,0.0,0.0,0.0,0.0,0.0,0.0,-0.508,0.0,0.066,-0.171,0.1134800811633413,0.0,0.0,0.0,0.0,0.0,0.0,0.0,0.0,0.0,0.0,0.0,0.0,0.0,0.0,0.0,0.0,0.0,0.0,0.0,0.0,0.0,0.0,0.0,0.0,0.0,0.0,0.0,0.0,0.0,0.0,0.0,0.0,0.0,0.0,0.0,0.0,0.0,0.0,0.0,0.0,0.0,0.0,0.0,0,3,0.0,0.0,0.0,0.0,0.0,0,0.0,0.0,0.0,0.0,0.0,0.0,0.1016,0.0,0.0,0.0342,0.0,0.8642,0.9776800811633412,22.97702592,243.47624604,23.719137950625633,218.61503838
34_RT,3,Q3,Sign,Markings,1.0,27.0,5.0,3,4,1,0,81,1,0,24.0,39.45,0,0,5.0,0.4,0.0,0,0,0.2,0.0,0.0,0.0,0.4093,0.5145,0.0,0.0,3074.72,4073.93,2.3,1.9,-0.3776,-0.5073,0.171,0.071,1.4,0.82,1.439,0.776,0.08733,0.1399,0.2,0.0,12.5,55.1,0,6.083,1.0,1,163.07999999999998,82.55137267795496,0.0,1.57,1.177,1.212,0.0,0.031,0.0,0.0,0.0,0.0,0.0,0.0,0.435,0.0,0.0,0.037,0.0,0.0,0.0,0.0,0.913,1.0,External_Hazard,Not_Applicable,15.450000000000005,0,-0.4,0,-0.2,0.0,0.1051999999999999,0.0,999.21,-0.3999999999999999,-0.1296999999999999,-0.1,-0.58,-0.663,0.0525699999999999,-0.2,42.6,-80.52862732204503,1.57,0.0349999999999999,0.031,0.0,0.0,0.0,-0.435,0.037,0.0,0.0,-0.1461188229492026,4.0,48.0,0.0,5.0,0.4,0.318,0.0,0.0,0.0,0.0,0.0,0.0,0.0,0.0,0.0,0.2,0.0,0.6024,0.0,3187.24,2.0,-0.6024,0.143,0.488,0.0,0.031,0.0,0.0,0.435,0.0,0.0,0.0,10.0,2.0,983.43,0.779,0.06341,0.2,31.1,1.0,1.706,6.0,0.0,0,3,0.0,0.0,0.0,0.0,0.0,0,0.0,0.2354,0.0,0.0,0.0,0.0,0.087,0.0,0.0,0.0,0.0,0.6776,0.5314811770507973,12.15957096,229.25727264,6.155195449613678,303.76036866
35_RT,3,Q1,Animal,Rabbit,5.0,36.0,5.0,5,4,1,0,88,0,1,0.0,0.0,0,0,5.0,0.2,0.202,0,0,0.2,0.202,0.0,0.0,0.9282,0.7973,0.0,0.0,2224.48,3305.09,1.7,1.4,-0.9282,-0.7973,0.238,0.026,1.8,1.42,0.075,0.143,0.00833,0.01299,0.4,0.202,24.8,88.3,0,4.941,5.0,1,195.31,252.7686703096539,0.0,1.585,0.0,0.0,0.0,0.0,0.0,0.0,0.0,0.0,0.0,0.0,0.93,0.0,0.0,0.0,0.0,0.101,0.0,0.0,0.8140000000000001,1.0,External_Hazard,Not_Applicable,0.0,0,0.002,0,0.002,0.0,-0.1309,0.0,1080.61,-0.3,0.1309,-0.212,-0.3800000000000001,0.0679999999999999,0.0046599999999999,-0.198,63.5,57.45867030965394,1.585,0.0,0.0,0.0,0.0,0.0,-0.93,0.0,0.101,0.0,-0.1552264723740134,0.0,0.0,0.0,0.0,0.0,0.0,0.0,0.0,0.0,0.0,0.0,0.0,0.0,0.0,0.0,0.0,0.0,0.0,0.0,0.0,0.0,0.0,0.0,0.0,0.0,0.0,0.0,0.0,0.0,0.0,0.0,0.0,0.0,0.0,0.0,0.0,0.0,0.0,0.0,0.0,0.0,0.0,0.0,0,3,0.0,0.0,0.0,0.0,0.0,0,0.0,0.0,0.0,0.0,0.0,0.0,0.186,0.0,0.0,0.0,0.0,0.8140000000000001,0.6587735276259866,14.56270422,165.86167776000002,18.846937595628415,246.43412058
35_RT,3,Q3,Sign,Markings,7.0,36.0,5.0,5,4,1,0,88,0,1,0.0,0.0,0,0,5.0,0.4,0.0,0,0,0.2,0.0,0.0,0.0,0.1657,0.0765,0.0,0.0,2532.1,1637.31,2.2,1.9,-0.1657,-0.0765,0.137,0.012,1.4,0.7,0.048,0.126,0.02837,0.00154,0.4,0.232,34.9,94.1,1,4.303,7.0,0,186.906,35.22658610271904,0.0,1.52,0.0,1.089,0.0,0.0,0.0,0.0,0.0,0.0,0.0,0.0,0.67,0.0,0.0,0.0,0.0,0.0,0.0,0.0,0.866,1.0,External_Hazard,Not_Applicable,0.0,0,-0.4,0,-0.2,0.0,-0.0891999999999999,0.0,-894.79,-0.3000000000000002,0.0891999999999999,-0.125,-0.7,0.078,-0.02683,-0.168,59.2,-151.67941389728097,1.52,1.089,0.0,0.0,0.0,0.0,-0.67,0.0,0.0,0.0,-0.472321171275854,0.0,0.0,0.0,5.0,0.0,0.0,0.0,0.0,0.0,0.0,0.632,0.0,0.0,0.0,0.0,0.0,0.0,0.9031,0.0,2314.99,1.5,-0.9031,0.176,0.0,0.0,0.0,0.0,0.0,0.749,0.0,0.0,0.0,6.0,1.2,664.98,0.056,0.02028,0.2,23.6,1.0,1.548,7.0,0.0,0,3,0.0,0.0,0.0,0.0,0.0,0,0.0,0.0,0.0,0.0,0.0,0.0,0.134,0.0,0.0,0.0,0.0,0.866,0.3936788287241459,13.936085172,188.7984402,2.626564712990937,122.08110822
36_RT,3,Q1,Animal,Rabbit,1.0,24.0,0.0,4,4,1,0,79,1,0,0.0,16.4,0,0,5.0,0.0,0.273,0,0,0.0,0.273,0.0,0.0,0.542,0.8377,0.0,0.0,2142.42,2033.93,1.3,2.1,-0.5374,-0.8377,0.32,0.114,1.8,1.5,0.681,0.11,0.13994,0.05868,0.4,0.273,4.1,64.0,0,7.317,1.0,1,151.47,96.90856908569086,0.0,1.131,0.0,0.0,0.0,0.0,0.0,0.0,0.0,0.0,0.0,0.309,0.797,0.0,0.0,0.0,0.0,0.103,0.233,0.508,0.8406,1.0,External_Hazard,Not_Applicable,16.4,0,0.273,0,0.273,0.0,0.2956999999999999,0.0,-108.49,0.8,-0.3003,-0.206,-0.3,-0.5710000000000001,-0.08126,-0.127,59.9,-54.56143091430914,1.131,0.0,0.0,0.0,0.0,0.309,-0.797,0.0,0.103,0.275,-0.0743061363946971,0.0,0.0,0.0,0.0,0.0,0.0,0.0,0.0,0.0,0.0,0.0,0.0,0.0,0.0,0.0,0.0,0.0,0.0,0.0,0.0,0.0,0.0,0.0,0.0,0.0,0.0,0.0,0.0,0.0,0.0,0.0,0.0,0.0,0.0,0.0,0.0,0.0,0.0,0.0,0.0,0.0,0.0,0.0,1,3,0.0,0.0,0.0,0.0,0.0,0,0.0,0.0,0.0,0.0,0.0,0.0,0.15940000000000001,0.0,0.0,0.0466,0.0,0.7939999999999999,0.7196938636053027,11.29390614,159.74312004,7.225696728167282,151.65388866
36_RT,3,Q3,Sign,Markings,1.0,24.0,0.0,4,4,1,0,79,1,0,0.0,18.17,0,0,5.0,0.4,0.303,0,0,0.2,0.303,0.0,0.0,0.1906,0.7503,0.0,0.0,2930.03,3073.97,2.5,2.8,-0.1858,-0.7503,0.185,0.013,2.0,2.73,0.204,0.208,0.00567,0.10766,0.4,0.303,29.4,94.5,0,3.302,1.0,1,279.568,406.12961841308294,0.0,0.162,0.46,0.296,0.0,0.0,0.0,0.0,0.0,0.0,0.0,0.0,0.379,0.0,0.0,0.0,0.0,0.0,0.0,0.0,0.9242,1.0,External_Hazard,Not_Applicable,18.17,0,-0.097,0,0.1029999999999999,0.0,0.5597,0.0,143.9399999999996,0.2999999999999998,-0.5645,-0.172,0.73,0.004,0.10199,-0.097,65.1,126.56161841308295,0.162,-0.164,0.0,0.0,0.0,0.0,-0.379,0.0,0.0,0.0,0.0290961841308299,1.0,12.0,0.0,5.0,0.4,0.0,0.0,0.264,0.0,0.0,0.0,0.0,0.408,0.179,1.0,0.2,1.0,0.7335,0.558,2166.28,1.2,0.4232,0.067,0.0,0.0,0.187,0.0,0.0,0.0,0.0,0.52,0.179,9.0,1.8,814.21,2.1,0.40351,0.2,81.7,1.0,1.341,7.0,0.0,0,3,0.0,0.0,0.0,0.0,0.0,0,0.0,0.092,0.0,0.0,0.0,0.0,0.0758,0.0,0.0,0.0,0.0,0.8321999999999999,0.8612961841308299,20.845149216,218.46889686000003,30.28183660811629,229.20135113999999
37_RT,3,Q1,Animal,Rabbit,5.0,39.0,43.0,5,2,4,0,56,0,1,24.0,0.0,0,0,5.0,0.2,0.27,0,0,0.2,0.0,0.0,0.0,0.9286,0.8794,0.0,0.0,1747.9,1748.06,1.6,1.1,-0.9286,-0.8794,0.147,0.022,1.0,1.89,0.082,0.091,0.01567,0.00251,0.0,0.0,6.1,90.7,1,3.704,5.0,0,66.78200000000001,142.40820734341253,0.0,1.556,0.0,0.0,0.0,0.0,0.0,0.0,0.0,0.0,0.0,0.0,0.467,0.209,0.0,0.0,0.0,0.17,0.0,0.0,0.9066,0.9435745140388769,External_Hazard,Not_Applicable,-24.0,0,0.07,0,-0.2,0.0,-0.0492,0.0,0.1599999999998544,-0.5,0.0492,-0.125,0.8899999999999999,0.0089999999999999,-0.01316,0.0,84.60000000000001,75.62620734341252,1.556,0.0,0.0,0.0,0.0,0.0,-0.258,0.0,0.17,0.0,-0.4290082073434126,0.0,0.0,0.0,0.0,0.0,0.0,0.0,0.0,0.0,0.0,0.0,0.0,0.0,0.0,0.0,0.0,0.0,0.0,0.0,0.0,0.0,0.0,0.0,0.0,0.0,0.0,0.0,0.0,0.0,0.0,0.0,0.0,0.0,0.0,0.0,0.0,0.0,0.0,0.0,0.0,0.0,0.0,0.0,0,3,0.0,0.0,0.0,0.0,0.0,0,0.0,0.0,0.0,0.0,0.0,0.0,0.09340000000000001,0.0,0.0,0.0,0.0,0.9066,0.4775917926565874,4.979399484000001,130.3269198,10.618240755939526,130.33884972
37_RT,3,Q3,Sign,Markings,7.0,39.0,43.0,5,2,4,0,56,0,1,12.0,0.0,0,0,5.0,0.6,0.0,0,0,0.2,0.0,0.0,0.0,0.1332,0.0758,0.0,0.0,2199.18,2833.33,1.9,1.4,-0.1332,-0.0758,0.115,0.026,1.6,0.49,0.038,0.154,0.00899,3e-05,0.0,0.0,0.7,82.0,1,4.081,7.0,0,142.716,53.98186718941436,0.601,1.809,0.778,0.072,0.0,0.0,0.0,0.0,0.0,0.0,0.0,0.0,0.0,0.0,0.0,0.0,0.0,0.0,0.0,0.0,1.0,1.0,External_Hazard,Not_Applicable,-12.0,0,-0.6,0,-0.2,0.0,-0.0574,0.0,634.1500000000001,-0.5,0.0574,-0.089,-1.11,0.1159999999999999,-0.00896,0.0,81.3,-88.73413281058565,1.208,-0.7060000000000001,0.0,0.0,0.0,0.0,0.0,0.0,0.0,0.0,-0.1851164420485175,2.0,24.0,0.0,5.0,0.4,1.284,1.652,0.0,0.0,0.0,0.0,0.0,0.0,0.0,0.0,0.2,0.0,0.513,0.0,1945.58,1.7,-0.513,0.107,0.851,0.108,0.0,0.0,0.0,0.0,0.0,0.0,0.0,9.0,1.8,606.12,0.006,0.15562,0.0,3.7,1.0,1.549,5.0,0.0,0,3,0.0,0.0,0.0,0.0,0.0,0,0.1202,0.15560000000000002,0.0,0.0,0.0,0.0,0.0,0.0,0.0,0.0,0.0,0.7242,0.5390835579514824,10.641190392,163.97525916,4.0249959813771135,211.25875146
01_RT,4,Q2,Sign,DuckS,7.0,10.0,7.0,3,4,0,0,15,0,1,0.0,20.13,0,0,5.0,0.2,1.007,1,0,0.0,0.0,0.0,0.0,0.9422,0.0871,0.0,0.0,1946.96,1905.21,2.8,3.5,-0.9422,-0.0871,0.217,0.121,4.2,2.01,0.209,0.235,0.01021,0.00067,0.6,0.336,0.0,32.2,1,2.98,7.0,0,253.222,182.5,0.0,0.094,0.031,0.21,0.0,0.0,0.0,0.0,0.0,0.0,0.0,0.0,0.443,0.0,0.0,0.0,0.0,0.0,0.0,0.0,0.9114,1.0,External_Hazard,Not_Applicable,20.13,0,0.8069999999999999,-1,0.0,0.0,-0.8551000000000001,0.0,-41.75,0.7000000000000002,0.8551000000000001,-0.096,-2.1900000000000004,0.0259999999999999,-0.00954,-0.2639999999999999,32.2,-70.72199999999998,0.094,0.179,0.0,0.0,0.0,0.0,-0.443,0.0,0.0,0.0,-0.0072134228187918,0.0,0.0,0.0,5.0,0.0,0.0,0.0,0.0,0.0,0.0,0.32,0.0,0.0,0.0,1.0,0.0,0.0,0.8741,0.0,1884.69,2.9,-0.8741,0.224,0.031,0.0,0.0,0.0,0.0,0.443,0.0,0.0,0.0,20.0,4.0,1239.13,0.261,0.04719,0.2,0.0,1.0,3.13,7.0,0.0,1,4,0.0,0.0,0.0,0.0,0.0,0,0.0,0.0062,0.0,0.0,0.0,0.0,0.0886,0.0,0.0,0.0,0.0,0.9052,0.8979865771812081,18.880738764,145.16923152,13.607565000000001,142.05626802
01_RT,4,Q3,Animal,Cat,2.0,10.0,7.0,3,4,0,0,15,0,1,0.0,0.0,0,0,5.0,0.4,0.0,0,0,0.0,0.0,0.0,0.0,0.9791,1.0,0.0,0.0,1201.97,1553.33,3.0,1.9,-0.9791,-1.0,0.276,0.11,3.8,3.88,0.791,0.384,0.00124,0.0,0.4,0.324,48.0,62.9,1,3.09,2.0,0,117.178,226.11326860841427,0.042,0.96,0.0,0.0,0.0,0.0,0.0,0.0,0.0,0.0,0.0,0.07,0.0,0.0,0.0,0.0,0.0,0.0,0.0,0.132,1.0,1.0,External_Hazard,Not_Applicable,0.0,0,-0.4,0,0.0,0.0,0.0209,0.0,351.3599999999999,-1.1,-0.0209,-0.166,0.08,-0.407,-0.00124,-0.076,14.9,108.93526860841428,0.918,0.0,0.0,0.0,0.0,0.07,0.0,0.0,0.0,0.132,-0.3676517799352752,0.0,0.0,0.0,5.0,0.4,0.0,0.0,0.0,0.0,0.0,0.0,0.0,0.0,0.0,1.0,0.2,0.0,0.7531,0.0,1310.81,3.3,-0.7531,0.269,0.0,0.0,0.0,0.0,0.0,0.0,0.0,0.0,0.0,21.0,4.2,670.08,0.813,0.04467,0.4,37.4,1.0,2.98,7.0,0.0,0,4,0.0,0.0,0.0,0.0,0.0,0,0.008400000000000001,0.0,0.0,0.0,0.0,0.0,0.0,0.0,0.0,0.0,0.0,0.9916,0.6239482200647248,8.737026036,89.62128714,16.859457533980585,115.81939146
02_RT,4,Q2,Sign,DuckS,7.0,1.0,10.0,1,5,2,0,23,0,1,0.0,0.0,0,0,5.0,0.4,0.0,0,0,0.2,0.0,0.0,0.0,0.0939,0.0186,0.0,0.0,2872.92,2315.76,0.2,1.2,0.0868,-0.0169,0.077,0.143,2.8,1.99,0.059,0.042,0.00496,0.00027,0.2,0.0,37.2,0.0,1,1.504,7.0,0,423.638,185.8510638297872,0.0,0.064,0.979,0.2,0.195,0.0,0.0,0.0,0.0,0.0,0.428,0.0,0.0,0.0,0.29,0.0,0.0,0.0,0.0,0.0,1.0,1.0,External_Hazard,Not_Applicable,0.0,0,-0.4,0,-0.2,0.0,-0.0753,0.0,-557.1599999999999,1.0,-0.1037,0.0659999999999999,-0.8099999999999998,-0.0169999999999999,-0.00469,-0.2,-37.2,-237.7869361702128,0.064,-0.7789999999999999,-0.195,0.0,0.0,-0.428,0.0,-0.29,0.0,0.0,0.2028680851063828,3.0,36.0,0.0,5.0,0.2,0.0,0.0,0.148,0.0,0.0,0.0,0.0,0.08,0.0,0.0,0.2,0.0,0.9718,0.0,2170.83,1.3,-0.9718,0.109,0.0,0.0,0.166,0.0,0.0,0.0,0.0,0.273,0.0,15.0,3.0,1589.47,0.012,0.00528,0.0,0.0,1.0,1.564,7.0,0.0,0,4,0.0,0.0,0.0,0.0,0.0,0,0.0,0.1958,0.039,0.0,0.0,0.0856,0.0,0.057999999999999996,0.0,0.0,0.0,0.6216,0.8244680851063829,31.587296556,214.21066104000002,13.857427021276594,172.66769712
02_RT,4,Q3,Animal,Cat,4.0,1.0,10.0,1,5,2,0,23,0,1,12.0,0.0,0,0,5.0,0.0,0.703,0,0,0.0,0.0,0.0,0.0,0.9705,0.3313,0.0,0.0,1812.29,1628.86,1.8,1.2,-0.9705,-0.3313,0.129,0.037,1.6,1.41,0.133,0.121,0.00336,0.00119,0.0,0.0,4.5,56.3,1,1.422,4.0,0,113.522,75.75246132208157,0.137,0.899,0.0,0.0,0.0,0.0,0.0,0.0,0.0,0.0,0.0,0.0,0.477,0.0,0.0,0.0,0.0,0.0,0.0,0.0,0.9046,1.0,External_Hazard,Not_Applicable,-12.0,0,0.703,0,0.0,0.0,-0.6392,0.0,-183.4300000000001,-0.6000000000000001,0.6392,-0.092,-0.1900000000000001,-0.012,-0.00217,0.0,51.8,-37.76953867791843,0.762,0.0,0.0,0.0,0.0,0.0,-0.477,0.0,0.0,0.0,-0.5094081575246132,1.0,12.0,0.0,5.0,0.4,0.0,0.56,0.0,0.0,0.0,0.0,0.0,0.0,0.0,0.0,0.0,0.0,0.0549,0.0,2738.27,2.0,0.012,0.131,0.0,0.536,0.0,0.0,0.0,0.0,0.0,0.0,0.0,13.0,2.6,1614.0,0.05,0.00427,0.0,0.0,1.0,1.504,7.0,0.0,0,4,0.0,0.0,0.0,0.0,0.0,0,0.0274,0.0,0.0,0.0,0.0,0.0,0.0954,0.0,0.0,0.0,0.0,0.8772,0.3677918424753867,8.464427364,135.12796698,5.648255021097047,121.45105932
03_RT,4,Q2,Sign,DuckS,6.0,6.0,1.0,1,2,0,0,69,1,0,24.0,41.75,0,0,5.0,0.2,0.348,0,0,0.0,0.0,0.0,0.0,0.0263,0.0349,0.0,0.0,2934.91,2012.91,0.8,2.5,0.0203,0.0349,0.141,0.165,2.2,2.09,0.692,0.024,0.00051,0.00035,0.2,0.0,34.5,0.0,1,2.874,6.0,0,345.582,160.48364648573417,0.0,0.597,0.0,0.666,0.164,0.0,0.0,0.0,0.0,0.0,0.0,0.0,0.0,0.0,0.223,0.0,0.0,0.0,0.487,0.0,1.0,1.0,External_Hazard,Not_Applicable,17.75,0,0.1479999999999999,0,0.0,0.0,0.0086,0.0,-921.9999999999998,1.7,0.0146,0.024,-0.1100000000000003,-0.6679999999999999,-0.00016,-0.2,-34.5,-185.09835351426585,0.597,0.666,-0.164,0.0,0.0,0.0,0.0,-0.223,0.0,-0.487,-0.2646572025052192,2.0,24.0,0.0,5.0,0.2,0.0,0.0,0.0,0.0,0.0,0.465,0.0,0.0,0.272,1.0,0.2,0.0,0.8283,0.0,2769.35,2.4,-0.8283,0.17,0.0,0.0,0.067,0.0,0.0,0.419,0.0,0.034,0.098,14.0,2.8,1716.92,0.801,0.02285,0.4,42.8,1.0,2.815,5.0,0.0,0,4,0.0,0.0,0.0,0.0,0.0,0,0.0,0.0,0.0328,0.0,0.0,0.0,0.0,0.0446,0.0,0.0974,0.0,0.8252,0.5605427974947809,25.767285084,218.83275942,11.965981649269311,150.08659542
03_RT,4,Q3,Animal,Cat,4.0,6.0,1.0,1,2,0,0,69,1,0,24.0,0.0,0,0,5.0,0.0,0.294,0,0,0.0,0.294,0.0,0.0,0.8721,0.8731,0.0,0.0,2224.84,2098.63,1.6,1.2,-0.8721,-0.8731,0.125,0.1,1.2,0.88,0.035,0.081,0.02232,0.02704,0.0,0.0,0.0,10.3,1,3.406,4.0,0,105.324,84.28068115091015,0.239,0.953,0.0,0.0,0.0,0.0,0.0,1.119,0.0,0.0,0.0,0.0,0.662,0.136,0.0,0.0,0.0,0.0,0.039,0.0,0.8675999999999999,0.9600704638872578,External_Hazard,Not_Applicable,-24.0,0,0.294,0,0.294,0.0,0.001,0.0,-126.21000000000004,-0.4000000000000001,-0.001,-0.0249999999999999,-0.3199999999999999,0.046,0.00472,0.0,10.3,-21.043318849089843,0.714,0.0,0.0,1.119,0.0,0.0,-0.526,0.0,0.0,-0.039,-0.4602677627715796,4.0,48.0,0.0,5.0,0.0,0.32,0.0,0.0,0.0,0.0,0.0,0.0,0.0,0.0,0.0,0.0,0.0,0.2245,0.0,2701.18,2.5,-0.1981,0.136,0.182,0.0,0.0,0.0,0.0,0.0,0.0,0.072,0.0,13.0,2.6,1306.19,0.032,0.08553,0.0,0.0,1.0,2.874,6.0,0.0,0,4,0.0,0.0,0.0,0.0,0.0,0,0.047799999999999995,0.0,0.0,0.0,0.0,0.0,0.13240000000000002,0.0,0.0,0.0078,0.0,0.812,0.3517322372284204,7.853168088,165.88852008,6.284136147974163,156.47805006000002
04_RT,4,Q2,Sign,DuckS,1.0,5.0,10.0,1,4,0,0,43,1,0,0.0,0.0,0,0,5.0,0.4,0.0,0,0,0.2,0.0,0.0,0.0,0.5509,0.1106,0.0,0.0,3539.46,2968.56,1.4,2.0,-0.3561,0.1105,0.114,0.051,3.0,1.77,0.155,0.107,0.32156,0.00431,0.0,0.0,0.0,63.2,0,1.693,1.0,1,562.438,203.6148848198464,0.0,0.0,0.0,0.449,0.347,0.0,0.0,0.0,0.0,0.0,0.0,0.0,0.036,0.0,1.038,0.0,0.0,0.0,0.265,0.0,0.9928,1.0,External_Hazard,Not_Applicable,0.0,0,-0.4,0,-0.2,0.0,-0.4402999999999999,0.0,-570.9000000000001,0.6000000000000001,0.4666,-0.063,-1.23,-0.048,-0.31725,0.0,63.2,-358.82311518015354,0.0,0.449,-0.347,0.0,0.0,0.0,-0.036,-1.038,0.0,-0.265,0.0719903130537507,0.0,0.0,0.0,5.0,0.0,0.0,0.0,0.842,0.0,0.0,0.74,0.0,0.0,0.34,0.0,0.0,0.0,1.0,0.0,4729.54,1.5,-1.0,0.092,0.0,0.0,0.334,0.0,0.0,0.886,0.0,0.0,0.101,14.0,2.8,3659.84,0.445,0.0,0.2,57.6,1.0,1.386,7.0,1.0,0,4,0.0,0.0,0.0,0.0,0.0,0,0.0,0.0,0.06939999999999999,0.0,0.0,0.0,0.0072,0.2076,0.0,0.053000000000000005,0.0,0.6628000000000001,0.7347903130537508,41.936502156,263.90921652000003,15.181933041937388,221.34177072
04_RT,4,Q3,Animal,Cat,3.0,5.0,10.0,1,4,0,0,43,1,0,0.0,0.0,0,0,5.0,0.0,0.0,0,0,0.0,0.0,0.0,0.0,1.0,1.0,0.0,0.0,3115.17,2055.72,1.2,0.9,-1.0,-1.0,0.071,0.066,2.2,0.44,0.137,0.006,0.0,0.0,0.4,0.0,63.2,39.6,1,2.269,3.0,1,327.38,29.916262670780075,0.078,2.242,0.0,0.0,0.0,0.0,0.0,0.0,0.0,0.0,0.307,0.0,0.324,0.0,0.266,0.0,0.0,0.0,0.0,0.0,0.9352,1.0,External_Hazard,Not_Applicable,0.0,0,0.0,0,0.0,0.0,0.0,0.0,-1059.4500000000005,-0.2999999999999999,0.0,-0.0049999999999999,-1.7600000000000002,-0.131,0.0,-0.4,-23.6,-297.4637373292199,2.164,0.0,0.0,0.0,0.0,-0.307,-0.324,-0.266,0.0,0.0,-0.7931004847950639,0.0,0.0,0.0,5.0,0.2,1.027,0.0,0.0,0.0,0.0,0.968,0.0,0.0,0.0,0.0,0.2,0.0,0.1018,0.0,2682.39,1.0,-0.0263,0.093,0.74,0.0,0.237,0.032,0.0,0.932,0.0,0.0,0.0,13.0,2.6,2212.98,0.133,0.01218,0.2,37.0,0.0,1.693,1.0,1.0,0,4,0.0,0.0,0.0,0.0,0.0,0,0.0156,0.0,0.0,0.0,0.0,0.061399999999999996,0.0648,0.053200000000000004,0.0,0.0,0.0,0.805,0.0118995152049361,24.41010756,232.27330554000002,2.230616377258704,153.27859464
05_RT,4,Q2,Sign,DuckS,7.0,11.0,5.0,2,4,1,0,26,0,1,0.0,0.0,0,0,5.0,0.2,0.0,0,0,0.0,0.0,0.0,0.0,0.9508,0.2276,0.0,0.0,2242.15,0.0,2.5,2.5,-0.9508,0.2276,0.142,0.152,1.8,0.0,0.003,0.001,0.00798,0.00087,0.0,0.0,0.0,0.0,1,0.859,7.0,0,177.96800000000002,0.0,0.129,0.306,0.377,0.0,0.0,0.0,0.0,0.0,0.0,0.0,0.0,0.0,1.064,0.0,0.18,0.0,0.0,0.0,0.0,0.0,0.7872,1.0,External_Hazard,Not_Applicable,0.0,0,-0.2,0,0.0,0.0,-0.7232,0.0,-2242.15,0.0,1.1784,0.01,-1.8,-0.002,-0.0071099999999999,0.0,0.0,-177.96800000000002,0.177,-0.377,0.0,0.0,0.0,0.0,-1.064,-0.18,0.0,0.0,-0.0062281722933644,0.0,0.0,0.0,5.0,0.2,2.172,0.0,0.016,0.0,0.0,0.848,0.0,0.0,0.0,0.0,0.0,0.0,0.9361,0.0,2242.15,2.5,-0.9361,0.142,0.377,0.129,0.084,0.0,0.0,1.064,0.0,0.0,0.0,9.0,1.8,889.84,0.003,0.01513,0.0,0.0,1.0,1.036,7.0,0.0,0,4,0.0,0.0,0.0,0.0,0.0,0,0.0258,0.0754,0.0,0.0,0.0,0.0,0.21280000000000002,0.036,0.0,0.0,0.0,0.65,0.6437718277066355,13.269650016000002,167.17918830000002,0.0,0.0
05_RT,4,Q3,Animal,Cat,7.0,11.0,5.0,2,4,1,0,26,0,1,0.0,0.0,0,0,5.0,0.4,0.0,0,0,0.2,0.0,0.0,0.0,0.7249,0.6303,0.0,0.0,1399.94,2156.43,2.4,2.6,-0.7249,-0.6303,0.153,0.16,1.0,1.28,0.037,0.002,0.12797,0.00169,0.0,0.0,0.0,0.0,1,0.781,7.0,0,31.882,120.48655569782328,0.705,0.29,0.0,0.0,0.0,0.0,0.0,0.0,0.0,0.0,0.0,0.0,0.0,0.0,0.0,0.0,0.126,0.0,0.0,0.0,1.0,1.0,External_Hazard,Not_Applicable,0.0,0,-0.4,0,-0.2,0.0,-0.0946,0.0,756.4899999999998,0.2000000000000001,0.0946,0.007,0.28,-0.0349999999999999,-0.12628,0.0,0.0,88.60455569782329,-0.415,0.0,0.0,0.0,0.0,0.0,0.0,0.0,-0.126,0.0,-0.2051188220230474,0.0,0.0,0.0,5.0,0.4,0.033,0.0,0.0,0.0,0.0,0.456,0.0,0.0,0.0,0.0,0.2,0.0,0.2707,0.0,3063.45,3.0,-0.2422,0.166,0.034,0.0,0.031,0.0,0.0,0.614,0.0,0.0,0.0,10.0,2.0,1506.73,0.038,0.12086,0.0,0.0,1.0,0.859,7.0,0.0,0,4,0.0,0.0,0.0,0.0,0.0,0,0.141,0.0,0.0,0.0,0.0,0.0,0.0,0.0,0.0252,0.0,0.0,0.8338000000000001,0.6286811779769527,2.377185684,104.38232628000002,8.9837185659411,160.78773366
06_RT,4,Q2,Sign,DuckS,7.0,42.0,0.0,5,3,0,0,68,0,1,0.0,0.0,0,0,5.0,0.2,0.0,0,0,0.0,0.0,0.0,0.0,0.8081,0.182,0.0,0.0,2589.45,0.0,1.9,2.1,-0.8056,0.182,0.126,0.164,2.0,0.0,0.004,0.046,0.12209,0.0189,0.0,0.0,0.0,0.0,1,1.49,7.0,0,223.448,0.0,0.0,0.702,0.086,0.742,0.0,0.0,0.0,0.0,0.0,0.0,0.0,0.0,0.339,0.0,0.0,0.0,0.0,0.0,0.0,0.0,0.9322,1.0,External_Hazard,Not_Applicable,0.0,0,-0.2,0,0.0,0.0,-0.6261000000000001,0.0,-2589.45,0.2000000000000001,0.9876,0.038,-2.0,0.0419999999999999,-0.10319,0.0,0.0,-223.448,0.702,0.656,0.0,0.0,0.0,0.0,-0.339,0.0,0.0,0.0,-0.8841275167785235,0.0,0.0,0.0,5.0,0.2,0.0,0.0,0.0,0.0,0.0,0.5,0.0,0.0,0.0,0.0,0.2,0.0,0.5784,0.0,2937.33,1.1,-0.5784,0.133,0.0,0.0,0.0,0.0,0.0,0.536,0.0,0.0,0.0,10.0,2.0,1487.39,0.316,0.05729,0.2,5.8,1.0,1.759,7.0,0.0,0,4,0.0,0.0,0.0,0.0,0.0,0,0.0,0.0172,0.0,0.0,0.0,0.0,0.0678,0.0,0.0,0.0,0.0,0.915,0.0308724832214765,16.660729776,193.0745709,0.0,0.0
06_RT,4,Q3,Animal,Cat,7.0,42.0,0.0,5,3,0,0,68,0,1,0.0,0.0,0,0,5.0,0.0,0.639,0,0,0.0,0.0,0.0,0.0,0.9672,0.0496,0.0,0.0,1806.56,0.0,1.7,1.3,-0.9672,0.0364,0.092,0.111,1.0,0.0,0.574,0.021,0.00456,0.00161,0.4,0.0,51.9,20.0,1,1.564,7.0,0,66.326,0.0,0.307,1.297,0.0,0.0,0.0,0.0,0.0,0.0,0.0,0.0,0.0,0.0,0.0,0.0,0.0,0.0,0.031,0.0,0.0,0.0,1.0,1.0,External_Hazard,Not_Applicable,0.0,0,0.639,0,0.0,0.0,-0.9176,0.0,-1806.56,-0.3999999999999999,1.0036,0.019,-1.0,-0.5529999999999999,-0.0029499999999999,-0.4,-31.9,-66.326,0.99,0.0,0.0,0.0,0.0,0.0,0.0,0.0,-0.031,0.0,-0.7616838874680306,0.0,0.0,0.0,5.0,0.2,0.527,0.215,0.0,0.0,0.0,0.0,0.0,0.0,0.0,0.0,0.0,0.0,0.0885,0.0,2667.76,2.2,-0.0885,0.138,0.238,0.175,0.0,0.0,0.0,0.0,0.0,0.0,0.0,10.0,2.0,1176.9,0.605,0.00238,0.4,34.1,1.0,1.49,7.0,0.0,0,4,0.0,0.0,0.0,0.0,0.0,0,0.061399999999999996,0.0,0.0,0.0,0.0,0.0,0.0,0.0,0.0062,0.0,0.0,0.9324,0.1707161125319694,4.945399212,134.70072672,0.0,0.0
07_RT,4,Q2,Sign,DuckS,5.0,21.0,36.0,3,1,2,0,73,1,0,0.0,0.0,0,0,5.0,0.0,0.318,0,0,0.0,0.0,0.0,0.0,0.9344,0.1442,0.0,0.0,2700.25,2732.65,2.4,0.7,-0.9344,0.0262,0.156,0.092,2.0,1.91,0.636,0.192,0.01623,0.02376,0.4,0.318,44.3,69.5,0,3.148,5.0,1,282.786,315.8322744599746,0.0,0.0,0.179,0.0,0.107,0.0,0.0,0.0,0.0,0.0,0.0,0.0,0.869,1.052,0.716,0.0,0.0,0.0,0.0,0.0,0.8262,0.6658195679796697,External_Hazard,Not_Applicable,0.0,0,0.318,0,0.0,0.0,-0.7902,0.0,32.40000000000009,-1.7,0.9606,-0.064,-0.09,-0.444,0.0075299999999999,-0.082,25.200000000000003,33.0462744599746,0.0,-0.179,-0.107,0.0,0.0,0.0,0.183,-0.716,0.0,0.0,0.0400195679796696,0.0,0.0,0.0,5.0,0.2,0.32,0.0,0.561,0.0,0.0,1.835,0.0,0.0,0.277,0.0,0.0,0.0,0.689,0.0,2632.47,2.3,-0.6098,0.124,0.179,0.0,0.674,0.0,0.0,1.66,0.0,0.0,0.0,12.0,2.4,1718.44,0.805,0.24504,0.2,57.8,1.0,1.112,7.0,0.0,0,4,0.0,0.0,0.0,0.0,0.0,0,0.0,0.0358,0.0214,0.0,0.0,0.0,0.1738,0.1432,0.0,0.0,0.0,0.6258,0.6658195679796697,21.085089732,201.3360405,23.54908604828463,203.7518493
07_RT,4,Q3,Animal,Cat,5.0,21.0,36.0,3,1,2,0,73,1,0,0.0,0.0,0,0,5.0,0.0,0.387,0,0,0.0,0.387,0.0,0.0,1.0,0.6122,0.0,0.0,2904.37,1189.74,2.4,1.2,-1.0,-0.6122,0.165,0.0,3.0,0.77,0.829,0.246,0.0,0.07057,0.4,0.0,37.4,100.0,0,2.582,5.0,1,427.762,26.293570875290474,0.0,0.302,0.0,0.0,0.0,0.0,0.0,0.0,0.169,0.0,0.0,0.0,0.541,0.0,0.0,0.0,0.046,0.121,0.0,0.0,0.858,1.0,External_Hazard,Not_Applicable,0.0,0,0.387,0,0.387,0.0,-0.3878,0.0,-1714.63,-1.2,0.3878,-0.165,-2.23,-0.583,0.07057,-0.4,62.6,-401.46842912470953,0.302,0.0,0.0,0.0,-0.169,0.0,-0.541,0.0,0.075,0.0,-0.0126264910921766,0.0,0.0,0.0,5.0,0.2,0.0,0.0,0.0,0.0,0.064,0.324,0.0,0.0,0.0,0.0,0.2,0.0,0.2863,0.0,2943.94,3.0,-0.2422,0.328,0.0,0.0,0.043,0.0,0.172,0.435,0.0,0.0,0.0,14.0,2.8,2507.66,0.835,0.09367,0.2,0.0,0.0,3.148,5.0,1.0,0,4,0.0,0.0,0.0,0.0,0.0,0,0.0,0.0,0.0,0.0,0.033800000000000004,0.0,0.1082,0.0,0.0092,0.0,0.0,0.8488,0.8361735089078234,31.894790244000003,216.55563594,1.9605012316034085,88.70939388000001
08_RT,4,Q2,Sign,DuckS,7.0,13.0,21.0,2,1,1,0,36,0,1,0.0,0.0,0,0,5.0,0.4,0.0,0,0,0.0,0.0,0.0,0.0,0.7879,0.0335,0.0,0.0,2950.4,2216.43,2.9,3.8,-0.7879,0.0335,0.249,0.155,1.6,1.81,0.55,0.153,0.04054,0.0006,0.6,0.604,13.2,59.3,1,1.656,7.0,0,239.436,231.5157004830918,0.0,0.205,0.089,0.484,1.2,0.0,0.0,0.0,0.0,0.0,0.0,0.0,0.0,0.0,0.032,0.0,0.0,0.0,0.0,0.0,1.0,1.0,External_Hazard,Not_Applicable,0.0,0,-0.4,0,0.0,0.0,-0.7544000000000001,0.0,-733.9700000000003,0.8999999999999999,0.8214,-0.094,0.2099999999999999,-0.397,-0.0399399999999999,0.004,46.099999999999994,-7.920299516908216,0.205,0.395,-1.2,0.0,0.0,0.0,0.0,-0.032,0.0,0.0,-0.1518628019323671,0.0,0.0,0.0,5.0,0.4,0.0,0.0,0.0,0.0,0.0,0.0,0.0,0.0,1.216,0.0,0.2,0.0,0.7224,0.0,2946.21,3.0,-0.7224,0.257,0.089,0.0,0.032,0.0,0.0,0.0,0.0,0.0,1.2,7.0,1.4,1050.93,0.574,0.08689,0.6,12.2,1.0,1.13,7.0,0.0,0,4,0.0,0.0,0.0,0.0,0.0,0,0.0,0.0178,0.24,0.0,0.0,0.0,0.0,0.0064,0.0,0.0,0.0,0.7358,0.5839371980676329,17.852827032,219.98772480000002,17.26227365942029,165.26145366
08_RT,4,Q3,Animal,Cat,3.0,13.0,21.0,2,1,1,0,36,0,1,0.0,0.0,0,0,5.0,0.2,0.475,1,0,0.2,0.475,0.0,0.0,0.9827,0.5756,0.0,0.0,2321.15,1909.21,2.5,2.6,-0.9827,-0.5756,0.133,0.096,1.0,0.47,0.494,0.194,0.00266,0.03046,0.4,0.475,41.5,52.0,1,2.107,3.0,0,114.542,31.06786900806834,0.421,1.437,0.0,0.0,0.0,0.0,0.0,0.0,0.0,0.0,0.0,0.0,0.696,0.0,0.0,0.0,0.0,0.0,0.0,0.0,0.8608,1.0,External_Hazard,Not_Applicable,0.0,0,0.2749999999999999,-1,0.2749999999999999,0.0,-0.4071,0.0,-411.94000000000005,0.1,0.4071,-0.037,-0.53,-0.3,0.0278,0.0749999999999999,10.5,-83.47413099193166,1.016,0.0,0.0,0.0,0.0,0.0,-0.696,0.0,0.0,0.0,-0.4586123398196487,0.0,0.0,0.0,5.0,0.2,0.0,0.0,0.0,0.0,0.0,1.404,0.0,0.0,0.0,0.0,0.0,0.242,0.3068,0.009,2639.98,2.1,-0.3068,0.212,0.0,0.0,0.0,0.0,0.0,1.15,0.0,0.0,0.0,9.0,1.8,1368.27,0.555,0.11176,0.4,44.2,1.0,1.656,7.0,0.0,0,4,0.0,0.0,0.0,0.0,0.0,0,0.0842,0.0,0.0,0.0,0.0,0.0,0.1392,0.0,0.0,0.0,0.0,0.7766,0.3179876601803512,8.540480604,173.06958630000003,2.3164824489795914,142.35451602
09_RT,4,Q2,Sign,DuckS,5.0,22.0,30.0,3,3,2,0,11,0,1,0.0,0.0,0,0,5.0,0.0,0.0,0,0,0.0,0.0,0.0,0.0,0.7661,0.017,0.0,0.0,2309.23,2529.11,1.7,1.7,-0.7661,-0.017,0.116,0.113,2.8,2.82,0.047,0.002,0.06309,0.00014,0.0,0.0,0.0,0.0,1,1.775,5.0,0,248.536,326.4394366197183,0.0,0.35,0.508,0.094,0.0,0.0,0.0,0.0,0.289,0.0,0.0,0.0,1.321,0.58,0.0,0.0,0.0,0.0,0.0,0.0,0.678,0.6732394366197183,External_Hazard,Not_Applicable,0.0,0,0.0,0,0.0,0.0,-0.7491,0.0,219.8800000000001,0.0,0.7491,-0.003,0.02,-0.045,-0.0629499999999999,0.0,0.0,77.90343661971832,0.35,-0.414,0.0,0.0,-0.289,0.0,-0.741,0.0,0.0,0.0,-0.1533014084507042,0.0,0.0,0.0,5.0,0.0,0.52,0.0,0.0,0.0,0.0,1.012,0.249,0.0,0.0,0.0,0.0,0.0,0.936,0.0,2327.44,1.6,-0.936,0.117,0.508,0.0,0.035,0.0,0.0,1.038,0.289,0.038,0.0,13.0,2.6,1125.89,0.041,0.00633,0.0,0.0,1.0,1.36,6.0,0.0,0,4,0.0,0.0,0.0,0.0,0.0,0,0.0,0.1016,0.0,0.0,0.0578,0.0,0.2642,0.0,0.0,0.0,0.0,0.5764,0.4230985915492957,18.531341232000003,172.18080726000002,24.339977273239437,188.57549982
09_RT,4,Q3,Animal,Cat,6.0,22.0,30.0,3,3,2,0,11,0,1,0.0,0.0,0,0,5.0,0.0,0.0,0,0,0.0,0.0,0.0,0.0,0.9344,0.5711,0.0,0.0,2668.59,2991.95,1.4,1.3,-0.9344,-0.5711,0.099,0.145,2.0,2.38,0.055,0.023,0.00852,1e-05,0.0,0.0,11.1,0.0,1,0.841,6.0,0,219.74,293.38882282996434,0.438,0.079,0.0,0.0,0.0,0.0,0.0,0.0,0.2,0.0,0.0,0.0,0.0,0.0,0.063,0.0,0.597,0.06,0.164,0.0,0.96,1.0,External_Hazard,Not_Applicable,0.0,0,0.0,0,0.0,0.0,-0.3632999999999999,0.0,323.3599999999997,-0.0999999999999998,0.3632999999999999,0.0459999999999999,0.3799999999999999,-0.032,-0.00851,0.0,-11.1,73.64882282996433,-0.359,0.0,0.0,0.0,-0.2,0.0,0.0,-0.063,-0.5369999999999999,-0.164,0.1271205707491082,0.0,0.0,0.0,5.0,0.0,1.198,1.198,0.0,0.0,0.0,0.0,0.0,0.0,0.0,0.0,0.0,0.0,0.0984,0.0,2743.38,1.7,-0.0938,0.118,1.035,0.032,0.0,0.0,0.0,0.0,0.0,0.034,0.0,6.0,1.2,592.0,0.098,0.01075,0.0,0.0,1.0,1.775,5.0,0.0,0,4,0.0,0.0,0.0,0.0,0.0,0,0.0876,0.0,0.0,0.0,0.04,0.0,0.0,0.0126,0.11939999999999999,0.0328,0.0,0.7076,0.8347205707491082,16.384253880000003,198.97540758000002,21.8756574078478,223.0857759
10_RT,4,Q2,Sign,DuckS,6.0,10.0,0.0,4,4,0,0,83,1,0,0.0,0.0,0,0,5.0,0.4,0.0,0,0,0.2,0.0,0.0,0.0,0.5435,0.0739,0.0,0.0,2088.71,2238.1,1.6,1.7,-0.5158,-0.0739,0.115,0.102,1.8,2.76,0.009,0.016,0.22602,5e-05,0.0,0.0,0.0,0.0,1,2.174,6.0,0,193.724,231.97792088316467,0.155,0.516,1.986,0.431,0.0,0.0,0.0,0.0,0.0,0.0,0.0,0.0,0.0,0.0,0.0,0.0,0.0,0.0,0.0,0.0,1.0,1.0,External_Hazard,Not_Applicable,0.0,0,-0.4,0,-0.2,0.0,-0.4696,0.0,149.38999999999987,0.0999999999999998,0.4419,-0.013,0.9599999999999996,0.007,-0.22597,0.0,0.0,38.25392088316468,0.361,-1.555,0.0,0.0,0.0,0.0,0.0,0.0,0.0,0.0,-0.0074025758969641,0.0,0.0,0.0,5.0,0.2,0.0,0.0,0.0,0.0,0.0,0.0,0.0,0.28,0.0,0.0,0.2,0.0,0.972,0.0,2005.15,1.5,-0.972,0.103,0.0,0.0,0.0,0.0,0.0,0.04,0.0,0.324,0.0,7.0,1.4,577.42,0.024,0.00446,0.0,0.0,1.0,1.266,7.0,0.0,0,4,0.0,0.0,0.0,0.0,0.0,0,0.031,0.3972,0.0,0.0,0.0,0.0,0.0,0.0,0.0,0.0,0.0,0.5718,0.5643974241030358,14.444448888,155.73839502,17.296737736890524,166.8772122
10_RT,4,Q3,Animal,Cat,7.0,10.0,0.0,4,4,0,0,83,1,0,0.0,0.0,0,0,5.0,0.2,0.0,0,0,0.0,0.0,0.0,0.0,0.9884,1.0,0.0,0.0,2325.93,1716.89,1.9,0.6,-0.9884,-1.0,0.098,0.037,1.6,3.86,0.138,0.02,0.0003,0.0,0.2,0.0,26.7,41.4,1,1.036,7.0,1,183.952,258.6389961389961,0.387,0.27,0.0,0.0,0.0,0.0,0.0,0.0,0.0,0.0,0.0,0.0,0.794,0.0,0.0,0.0,0.0,0.14,0.0,0.0,0.8412,1.0,External_Hazard,Not_Applicable,0.0,0,-0.2,0,0.0,0.0,0.0116,0.0,-609.0399999999997,-1.2999999999999998,-0.0116,-0.061,2.26,-0.118,-0.0003,-0.2,14.7,74.68699613899611,-0.1169999999999999,0.0,0.0,0.0,0.0,0.0,-0.794,0.0,0.14,0.0,-0.1595528957528957,0.0,0.0,0.0,5.0,0.2,0.484,0.0,0.0,0.0,0.0,0.0,0.0,0.0,0.0,0.0,0.0,0.0,0.2337,0.0,2670.2,1.7,-0.1974,0.127,0.3,0.0,0.0,0.0,0.0,0.0,0.0,0.0,0.0,11.0,2.2,1052.09,0.06,0.07754,0.0,0.0,1.0,2.174,6.0,0.0,0,4,0.0,0.0,0.0,0.0,0.0,0,0.0774,0.0,0.0,0.0,0.0,0.0,0.1588,0.0,0.0,0.0,0.0,0.7638,0.6042471042471043,13.715829024,173.42599266,19.28464083011583,128.01475218000002
11_RT,4,Q2,Sign,DuckS,4.0,40.0,0.0,5,5,0,0,34,0,1,0.0,0.0,0,0,5.0,0.2,0.0,0,0,0.0,0.0,0.0,0.0,0.8667,0.5004,0.0,0.0,2569.59,2264.9,2.0,2.3,-0.8667,0.1003,0.131,0.141,3.0,1.88,0.145,0.037,0.06858,0.30812,0.2,0.0,3.5,0.0,1,2.659,4.0,0,415.492,181.00413689356904,0.0,0.364,0.268,0.099,0.0,0.0,0.033,0.0,0.0,0.0,0.073,0.0,0.472,0.0,0.0,0.0,0.0,0.0,0.0,0.0,0.9056,1.0,External_Hazard,Not_Applicable,0.0,0,-0.2,0,0.0,0.0,-0.3663,0.0,-304.69000000000005,0.2999999999999998,0.967,0.0099999999999999,-1.12,-0.1079999999999999,0.23954,-0.2,-3.5,-234.48786310643095,0.364,-0.169,0.0,-0.033,0.0,-0.073,-0.472,0.0,0.0,0.0,-0.0049256111320045,0.0,0.0,0.0,5.0,0.4,0.0,0.0,0.0,0.0,0.0,0.41,0.0,0.0,0.0,0.0,0.4,0.0,0.846,0.0,2487.31,2.1,-0.846,0.131,0.0,0.0,0.0,0.0,0.0,0.472,0.0,0.0,0.015,7.0,1.4,955.29,0.47,0.03372,0.4,33.2,1.0,2.27,5.0,0.0,0,4,0.0,0.0,0.0,0.0,0.0,0,0.0,0.0536,0.0,0.0066,0.0,0.014599999999999998,0.0944,0.0,0.0,0.0,0.0,0.8308,0.8258743888679955,30.979914504000003,191.59376958000001,13.496030455058296,168.8754738
11_RT,4,Q3,Animal,Cat,6.0,40.0,0.0,5,5,0,0,34,0,1,0.0,0.0,0,0,5.0,0.2,0.0,0,0,0.2,0.0,0.0,0.0,0.8023,0.7258,0.0,0.0,2236.24,1268.4,2.4,1.4,-0.8023,-0.7258,0.165,0.066,2.6,0.63,0.768,0.119,0.06629,0.02647,0.4,0.0,12.9,49.0,0,1.575,6.0,1,367.674,23.409523809523808,0.417,1.138,0.0,0.0,0.294,0.0,0.0,0.0,0.0,0.0,0.0,0.0,0.506,0.0,0.0,0.0,0.0,0.0,0.0,0.0,0.8988,1.0,External_Hazard,Not_Applicable,0.0,0,-0.2,0,-0.2,0.0,-0.0765,0.0,-967.8399999999996,-1.0,0.0765,-0.099,-1.97,-0.649,-0.03982,-0.4,36.1,-344.26447619047616,0.7209999999999999,0.0,-0.294,0.0,0.0,0.0,-0.506,0.0,0.0,0.0,-0.4791396825396824,0.0,0.0,0.0,5.0,0.2,0.24,0.0,0.0,0.0,0.0,0.528,0.0,0.0,0.0,0.0,0.2,0.0,0.3214,0.0,2590.43,1.8,-0.1814,0.107,0.269,0.0,0.0,0.0,0.0,0.634,0.0,0.0,0.0,11.0,2.2,1747.83,0.086,0.13647,0.0,9.5,1.0,2.659,4.0,0.0,0,4,0.0,0.0,0.0,0.0,0.0,0,0.0834,0.0,0.0588,0.0,0.0,0.0,0.1012,0.0,0.0,0.0,0.0,0.7565999999999999,0.2774603174603175,27.414508788,166.73852688,1.7454609142857143,94.5744408
12_RT,4,Q2,Sign,DuckS,4.0,8.0,17.0,2,3,2,0,80,1,0,0.0,0.0,0,0,5.0,0.0,0.419,0,0,0.0,0.0,0.0,0.0,0.9791,0.1471,0.0,0.0,1834.97,2814.98,1.7,2.3,-0.9791,-0.1471,0.111,0.157,2.0,1.68,0.039,0.051,0.00193,0.00114,0.0,0.0,0.0,0.0,1,2.387,4.0,0,132.93599999999998,241.1730205278592,0.0,0.367,0.0,0.904,0.0,0.0,0.018,0.115,0.0,0.0,0.0,0.0,0.0,0.0,0.0,0.0,0.0,0.0,0.035,0.0,1.0,1.0,External_Hazard,Not_Applicable,0.0,0,0.419,0,0.0,0.0,-0.832,0.0,980.01,0.5999999999999999,0.832,0.046,-0.32,0.0119999999999999,-0.00079,0.0,0.0,108.23702052785924,0.367,0.904,0.0,0.097,0.0,0.0,0.0,0.0,0.0,-0.035,-0.5700451612903227,0.0,0.0,0.0,5.0,0.2,0.0,0.0,0.268,0.0,0.0,0.0,0.0,0.0,0.1,0.0,0.2,0.0,0.8598,0.0,2349.24,1.6,-0.8598,0.12,0.0,0.0,0.266,0.0,0.0,0.0,0.0,0.103,0.03,9.0,1.8,1035.36,0.246,0.02336,0.0,0.0,1.0,1.55,6.0,0.0,0,4,0.0,0.0,0.0,0.0,0.0,0,0.0,0.0,0.0,0.0036,0.0,0.0,0.0,0.0,0.0,0.007000000000000001,0.0,0.9894,0.4193548387096774,9.911974031999998,136.81903314000002,17.98234275659824,209.89053876
12_RT,4,Q3,Animal,Cat,5.0,8.0,17.0,2,3,2,0,80,1,0,0.0,0.0,0,0,5.0,0.0,0.591,0,0,0.0,0.0,0.0,0.0,0.9721,0.551,0.0,0.0,2528.96,1772.74,0.7,0.7,-0.9721,-0.551,0.082,0.107,2.0,2.36,0.065,0.033,0.00295,8e-05,0.0,0.0,21.8,0.0,1,1.692,5.0,1,249.588,190.1891252955083,0.0,0.342,0.0,0.0,0.269,0.0,0.0,0.0,0.0,0.0,0.0,0.0,0.0,0.0,0.036,0.033,0.491,0.217,0.603,0.0,1.0,1.0,External_Hazard,Not_Applicable,0.0,0,0.591,0,0.0,0.0,-0.4210999999999999,0.0,-756.22,0.0,0.4210999999999999,0.0249999999999999,0.3599999999999999,-0.032,-0.0028699999999999,0.0,-21.8,-59.39887470449173,0.342,0.0,-0.269,0.0,0.0,0.0,0.0,-0.0029999999999999,-0.274,-0.603,-0.0700817966903073,0.0,0.0,0.0,5.0,0.2,0.0,0.0,0.0,0.0,0.0,0.0,0.0,0.0,0.0,0.0,0.0,0.0,0.1284,0.0,2352.76,2.3,-0.1283,0.13,0.0,0.0,0.033,0.0,0.0,0.0,0.0,0.0,0.032,13.0,2.6,1276.46,0.063,0.01988,0.0,0.0,1.0,2.387,4.0,0.0,0,4,0.0,0.0,0.0,0.0,0.0,0,0.0,0.0,0.0538,0.0,0.0,0.0,0.0,0.0072,0.0982,0.1206,0.0,0.7202,0.6501182033096926,18.609780456,188.56431552,14.180881560283689,132.17903988
13_RT,4,Q2,Sign,DuckS,6.0,40.0,0.0,4,4,0,0,8,0,1,0.0,0.0,0,0,5.0,0.2,0.324,0,0,0.2,0.324,0.0,0.0,0.6532,0.0811,0.0,0.0,2036.88,1869.86,1.3,1.3,-0.6532,0.0324,0.118,0.031,2.6,2.27,0.116,0.373,0.09316,0.00688,0.0,0.0,0.0,73.3,1,3.089,6.0,0,313.384,212.3470378763354,0.0,0.496,0.0,0.0,0.3,0.292,0.039,0.0,0.0,0.0,0.0,0.0,0.222,0.0,0.0,0.034,0.0,0.0,0.411,0.0,0.9556,1.0,External_Hazard,Not_Applicable,0.0,0,0.124,0,0.124,0.0,-0.5721,0.0,-167.0200000000002,0.0,0.6856,-0.087,-0.33,0.257,-0.08628,0.0,73.3,-101.0369621236646,0.496,0.0,-0.008,-0.039,0.0,0.0,-0.222,0.034,0.0,-0.411,-0.0717055357720946,0.0,0.0,0.0,5.0,0.2,0.0,0.0,0.0,0.0,0.0,0.592,0.0,1.624,0.0,0.0,0.2,0.0,0.9477,0.0,2003.75,1.4,-0.9477,0.105,0.0,0.0,0.0,0.0,0.0,0.774,0.0,1.707,0.0,9.0,1.8,1055.35,0.002,0.00796,0.0,0.0,1.0,1.555,7.0,0.0,0,4,0.0,0.0,0.0,0.0,0.0,0,0.0,0.0,0.06,0.0078,0.0,0.0,0.0444,0.0,0.0,0.0822,0.0,0.8056000000000001,0.7338944642279055,23.366537808,151.87384656,15.833019838135321,139.42050132
13_RT,4,Q3,Animal,Cat,6.0,40.0,0.0,4,4,0,0,8,0,1,0.0,0.0,0,0,5.0,0.4,0.0,0,0,0.0,0.0,0.0,0.0,0.75,0.8719,0.0,0.0,2551.35,2584.24,0.9,1.0,-0.75,-0.8719,0.085,0.076,2.4,0.33,0.004,0.012,0.00505,0.00436,0.0,0.0,0.0,6.3,1,3.034,6.0,1,354.934,44.73961766644694,0.0,2.453,0.0,0.0,0.0,0.0,0.0,0.0,0.0,0.0,0.269,0.0,0.2,0.0,0.191,0.0,0.0,0.0,2.158,0.0,0.96,1.0,External_Hazard,Not_Applicable,0.0,0,-0.4,0,0.0,0.0,0.1219,0.0,32.88999999999987,0.0999999999999999,-0.1219,-0.009,-2.07,0.008,-0.0006899999999999,0.0,6.3,-310.1943823335531,2.453,0.0,0.0,0.0,0.0,-0.269,-0.2,-0.191,0.0,-2.158,-0.2449036255767963,0.0,0.0,0.0,5.0,0.4,0.288,0.0,0.0,0.0,0.0,0.0,0.0,0.0,0.0,0.0,0.0,0.0,0.0394,0.0,2459.82,1.0,0.0081,0.108,0.358,0.0,0.0,0.0,0.0,0.0,0.0,0.0,0.0,11.0,2.2,1304.43,0.225,0.00207,0.0,0.0,1.0,3.089,6.0,0.0,0,4,0.0,0.0,0.0,0.0,0.0,0,0.0,0.0,0.0,0.0,0.0,0.0538,0.04,0.0382,0.0,0.4316,0.0,0.4364,0.1914963744232037,26.464588908000003,190.2337587,3.3358753724456167,192.68610288
14_RT,4,Q2,Sign,DuckS,6.0,28.0,2.0,4,2,0,0,28,0,1,0.0,0.0,0,0,5.0,0.4,0.0,0,0,0.2,0.0,0.0,0.0,0.73,0.141,0.0,0.0,2613.61,2623.39,2.4,3.3,-0.73,-0.141,0.13,0.184,2.8,1.8,0.516,0.033,0.13364,0.00486,0.4,0.0,32.0,0.0,1,2.218,6.0,0,281.87600000000003,228.89540126239856,0.0,0.232,0.0,0.93,0.0,0.0,0.0,0.0,0.0,0.038,0.0,0.0,0.264,0.0,0.0,0.0,0.0,0.0,0.0,0.0,0.9472,0.9828674481514879,External_Hazard,Not_Applicable,0.0,0,-0.4,0,-0.2,0.0,-0.589,0.0,9.779999999999744,0.8999999999999999,0.589,0.0539999999999999,-0.9999999999999998,-0.483,-0.12878,-0.4,-32.0,-52.98059873760147,0.232,0.93,0.0,0.0,0.038,0.0,-0.264,0.0,0.0,0.0,-0.4882279531109108,0.0,0.0,0.0,5.0,0.2,0.0,0.0,0.0,0.0,0.0,0.22,0.0,0.0,0.0,0.0,0.0,0.0,0.9656,0.0,2445.4,2.4,-0.9656,0.151,0.0,0.0,0.0,0.0,0.0,0.264,0.0,0.0,0.0,13.0,2.6,1188.7,0.654,0.00351,0.4,35.5,1.0,1.422,7.0,0.0,0,4,0.0,0.0,0.0,0.0,0.0,0,0.0,0.0,0.0,0.0,0.0,0.0,0.0528,0.0,0.0,0.0,0.0,0.9472,0.4589720468890891,21.017238312000003,194.87598882000003,17.066898908926962,195.60520518
14_RT,4,Q3,Animal,Cat,6.0,28.0,2.0,4,2,0,0,28,0,1,0.0,0.0,0,0,5.0,0.2,0.483,0,0,0.2,0.0,0.0,0.0,0.8366,0.5539,0.0,0.0,3354.45,2605.88,2.5,2.2,-0.8366,-0.5539,0.164,0.129,2.2,1.93,0.405,0.237,0.04762,0.00374,0.2,0.483,8.0,29.1,1,2.069,6.0,0,313.17199999999997,216.1623972933785,0.0,1.393,0.0,0.0,0.103,0.0,0.0,0.067,0.0,0.0,0.0,0.0,0.129,0.0,0.104,0.0,0.0,0.0,0.0,0.0,0.9742,1.0,External_Hazard,Not_Applicable,0.0,0,0.283,0,-0.2,0.0,-0.2827,0.0,-748.5699999999997,-0.2999999999999998,0.2827,-0.035,-0.2700000000000002,-0.168,-0.04388,0.283,21.1,-97.00960270662152,1.393,0.0,-0.103,0.067,0.0,0.0,-0.129,-0.104,0.0,0.0,-0.6384549057515707,0.0,0.0,0.0,5.0,0.2,0.0,0.0,0.088,0.0,0.0,0.0,0.0,0.0,0.0,0.0,0.2,0.0,0.669,0.0,3103.68,3.4,-0.669,0.156,0.0,0.0,0.067,0.0,0.0,0.27,0.0,0.0,0.031,13.0,2.6,1994.1,0.081,0.10555,0.0,5.4,1.0,2.218,6.0,0.0,0,4,0.0,0.0,0.0,0.0,0.0,0,0.0,0.0,0.0206,0.0,0.0,0.0,0.0258,0.0208,0.0,0.0,0.0,0.9328,0.2943450942484292,23.350730664,250.1145009,16.11750066698889,194.29962456
15_RT,4,Q2,Sign,DuckS,2.0,4.0,0.0,3,4,0,0,53,0,1,0.0,0.0,0,0,5.0,0.2,0.441,0,0,0.2,0.441,0.0,0.0,0.742,0.1085,0.0,0.0,2869.78,2679.87,4.1,3.9,-0.7171,-0.0063,0.221,0.209,2.2,3.52,0.333,0.022,0.15093,0.01542,0.0,0.0,0.0,0.0,0,2.27,2.0,1,233.924,452.0176211453744,0.0,0.0,0.0,0.538,0.0,0.0,0.538,0.0,0.0,0.0,0.0,0.0,0.378,0.383,0.292,0.0,0.0,0.0,0.077,0.0,0.9244,0.8312775330396476,External_Hazard,Not_Applicable,0.0,0,0.241,0,0.241,0.0,-0.6335,0.0,-189.9100000000003,-0.1999999999999997,0.7108,-0.012,1.3199999999999998,-0.311,-0.13551,0.0,0.0,218.0936211453744,0.0,0.538,0.0,-0.538,0.0,0.0,0.005,-0.292,0.0,-0.077,-0.148726872246696,0.0,0.0,0.0,5.0,0.2,1.808,0.0,0.0,0.508,0.0,0.688,0.0,0.0,0.0,0.0,0.2,0.0,0.4456,0.0,2615.33,4.2,-0.3283,0.204,0.538,0.0,0.0,0.538,0.0,0.761,0.0,0.038,0.0,13.0,2.6,1603.76,0.096,0.24454,0.0,0.0,1.0,1.556,7.0,0.0,0,4,0.0,0.0,0.0,0.0,0.0,0,0.0,0.0,0.0,0.1076,0.0,0.0,0.0756,0.058399999999999994,0.0,0.0154,0.0,0.743,0.594273127753304,17.441841288000003,213.97653636,33.703337867841405,199.81646694
15_RT,4,Q3,Animal,Cat,7.0,4.0,0.0,3,4,0,0,53,0,1,0.0,0.0,0,0,5.0,0.6,0.482,0,0,0.4,0.482,0.0,0.0,0.9006,0.6482,0.0,0.0,1722.92,1439.68,3.9,3.2,-0.9006,-0.6482,0.19,0.199,2.0,0.96,0.502,0.011,0.0137,0.03968,0.2,0.0,0.0,0.0,1,2.074,7.0,0,105.924,42.9893924783028,0.0,0.711,0.0,0.0,0.0,0.0,0.0,0.0,0.0,0.0,0.0,0.0,0.0,0.0,0.0,0.0,0.0,0.258,0.0,0.0,1.0,1.0,External_Hazard,Not_Applicable,0.0,0,-0.118,0,0.0819999999999999,0.0,-0.2523999999999999,0.0,-283.24,-0.6999999999999997,0.2523999999999999,0.009,-1.04,-0.491,0.02598,-0.2,0.0,-62.93460752169721,0.711,0.0,0.0,0.0,0.0,0.0,0.0,0.0,0.258,0.0,-0.4672131147540983,0.0,0.0,0.0,5.0,0.4,0.0,0.0,0.0,0.0,0.0,0.0,0.0,0.0,0.0,0.0,0.4,0.0,0.7839,0.0,2175.28,4.2,-0.7839,0.194,0.0,0.0,0.0,0.0,0.0,0.0,0.0,0.0,0.0,10.0,2.0,630.4,0.181,0.03787,0.2,0.0,0.0,2.27,2.0,1.0,0,4,0.0,0.0,0.0,0.0,0.0,0,0.0,0.0,0.0,0.0,0.0,0.0,0.0,0.0,0.0,0.0,0.0,1.0,0.5327868852459017,7.8979052880000005,128.46436104,3.205375081967213,107.34542016
16_RT,4,Q2,Sign,DuckS,6.0,8.0,20.0,2,1,2,0,13,1,0,0.0,0.0,0,0,5.0,0.0,0.0,0,0,0.0,0.0,0.0,0.0,0.6634,0.1523,0.0,0.0,2472.54,3135.84,2.9,4.3,-0.6634,-0.1523,0.269,0.109,1.6,1.41,0.715,0.395,0.08299,0.00037,0.6,0.471,18.0,54.3,1,2.121,6.0,0,167.976,239.2126355492692,0.0,0.068,0.065,0.937,0.0,0.0,0.0,0.0,0.0,0.0,0.0,0.0,0.0,0.0,0.063,0.0,0.0,0.0,0.0,0.0,1.0,1.0,External_Hazard,Not_Applicable,0.0,0,0.0,0,0.0,0.0,-0.5111,0.0,663.3000000000002,1.4,0.5111,-0.16,-0.1900000000000001,-0.3199999999999999,-0.08262,-0.129,36.3,71.23663554926921,0.068,0.8720000000000001,0.0,0.0,0.0,0.0,0.0,-0.063,0.0,0.0,-0.4482330975954738,0.0,0.0,0.0,5.0,0.2,3.292,0.296,0.0,0.0,0.0,0.0,0.0,0.0,0.0,0.0,0.2,0.0,0.4643,0.0,2377.87,3.2,-0.4643,0.297,1.002,0.068,0.0,0.0,0.0,0.0,0.0,0.0,0.0,7.0,1.4,771.83,1.262,0.09116,0.4,18.5,1.0,1.786,6.0,0.0,0,4,0.0,0.0,0.0,0.0,0.0,0,0.0,0.013000000000000001,0.0,0.0,0.0,0.0,0.0,0.0126,0.0,0.0,0.0,0.9744,0.5261669024045261,12.524626512000001,184.35752748000002,17.836172531824612,233.81450208
16_RT,4,Q3,Animal,Cat,6.0,8.0,20.0,2,1,2,0,13,1,0,0.0,0.0,0,0,5.0,0.2,0.0,1,0,0.2,0.0,0.0,0.0,0.9741,0.9442,0.0,0.0,2232.89,4466.24,3.0,3.0,-0.9741,-0.9442,0.173,0.252,1.6,0.57,1.145,0.134,0.00239,0.00161,0.4,0.571,29.3,41.0,1,1.75,6.0,0,131.038,150.08571428571426,0.408,1.033,0.0,0.0,0.0,0.0,0.0,0.0,0.0,0.0,0.0,0.0,0.0,0.0,0.0,0.0,0.182,0.0,0.0,0.0,1.0,1.0,External_Hazard,Not_Applicable,0.0,0,-0.2,-1,-0.2,0.0,-0.0298999999999999,0.0,2233.35,0.0,0.0298999999999999,0.079,-1.0300000000000002,-1.011,-0.00078,0.1709999999999999,11.7,19.04771428571425,0.625,0.0,0.0,0.0,0.0,0.0,0.0,0.0,-0.182,0.0,-0.4722857142857142,0.0,0.0,0.0,5.0,0.4,0.0,0.0,0.12,0.0,0.0,0.128,0.0,0.0,0.16,0.0,0.4,0.0,0.7584,0.0,2588.8,3.2,-0.7584,0.248,0.0,0.0,0.031,0.0,0.0,0.36,0.0,0.0,0.072,12.0,2.4,1346.83,0.733,0.03314,0.4,9.1,1.0,2.121,6.0,0.0,0,4,0.0,0.0,0.0,0.0,0.0,0,0.08159999999999999,0.0,0.0,0.0,0.0,0.0,0.0,0.0,0.0364,0.0,0.0,0.882,0.4097142857142857,9.770455356000001,166.48874418,11.190691028571427,333.01178688
17_RT,4,Q2,Sign,DuckS,7.0,29.0,0.0,4,5,0,1,60,1,0,0.0,0.0,0,0,5.0,0.2,0.0,0,0,0.0,0.0,0.0,0.0,0.8303,0.0411,0.0,0.0,3613.19,1915.75,1.9,2.0,-0.8303,-0.0266,0.121,0.137,2.4,1.35,0.007,0.006,0.08268,0.0014,0.0,0.0,0.0,0.0,1,1.487,7.0,0,482.1060000000001,143.93409549428378,0.206,0.0,0.382,0.148,0.0,0.0,0.0,0.0,0.0,0.0,0.562,0.0,0.262,0.0,0.039,0.0,0.0,0.0,0.0,0.0,0.9476,1.0,External_Hazard,Not_Applicable,0.0,0,-0.2,0,0.0,0.0,-0.7892,0.0,-1697.44,0.1,0.8037000000000001,0.016,-1.0499999999999998,-0.001,-0.08128,0.0,0.0,-338.17190450571627,-0.206,-0.234,0.0,0.0,0.0,-0.562,-0.262,-0.039,0.0,0.0,0.1906707464694015,0.0,0.0,0.0,5.0,0.2,0.0,0.0,0.0,0.0,0.0,0.0,0.0,0.16,0.312,0.0,0.2,0.0,0.9539,0.0,2792.92,1.1,-0.9539,0.103,0.0,0.0,0.097,0.0,0.0,0.0,0.0,0.316,0.297,12.0,2.4,1611.12,0.126,0.01171,0.2,13.6,1.0,1.526,7.0,0.0,0,4,0.0,0.0,0.0,0.0,0.0,0,0.0412,0.0764,0.0,0.0,0.0,0.11240000000000001,0.0524,0.0078,0.0,0.0,0.0,0.7098,0.9004707464694015,35.94678757200001,269.40667278,10.732014028244787,142.8421515
17_RT,4,Q3,Animal,Cat,7.0,29.0,0.0,4,5,0,1,60,1,0,0.0,0.0,0,0,5.0,0.0,0.0,0,0,0.0,0.0,0.0,0.0,0.9139,0.1869,0.0,0.0,2741.04,1966.78,1.8,1.6,-0.9139,-0.1869,0.116,0.122,2.4,1.46,0.011,0.001,0.02482,0.00798,0.0,0.0,0.0,0.0,1,1.372,7.0,0,302.634,93.03206997084548,0.747,0.429,0.0,0.0,0.0,0.0,0.0,0.0,0.0,0.0,0.0,0.0,0.031,0.0,0.0,0.0,0.106,0.078,0.066,0.0,0.9938,1.0,External_Hazard,Not_Applicable,0.0,0,0.0,0,0.0,0.0,-0.7270000000000001,0.0,-774.26,-0.1999999999999999,0.7270000000000001,0.0059999999999999,-0.94,-0.0099999999999999,-0.01684,0.0,0.0,-209.60193002915457,-0.318,0.0,0.0,0.0,0.0,0.0,-0.031,0.0,-0.0279999999999999,-0.066,-0.1795335276967928,0.0,0.0,0.0,5.0,0.2,0.0,0.456,0.0,0.0,0.208,0.0,0.0,0.0,0.0,0.0,0.0,0.0,0.1029,0.0,3217.2,2.2,-0.0754,0.13,0.038,0.21,0.065,0.0,0.263,0.039,0.0,0.067,0.0,13.0,2.6,2365.29,0.005,0.01254,0.0,0.0,1.0,1.487,7.0,0.0,0,4,0.0,0.0,0.0,0.0,0.0,0,0.1494,0.0,0.0,0.0,0.0,0.0,0.0062,0.0,0.0212,0.0132,0.0,0.8099999999999999,0.6304664723032071,22.564996308,204.37742448,6.936657201166181,146.64705036
18_RT,4,Q2,Sign,DuckS,4.0,2.0,5.0,1,1,0,1,54,0,1,0.0,0.0,0,0,5.0,0.0,0.378,0,0,0.0,0.378,0.0,0.0,0.9427,0.2393,0.0,0.0,2292.49,2950.92,1.7,1.3,-0.9427,-0.2393,0.104,0.133,1.8,1.51,0.279,0.158,0.01161,0.01866,0.0,0.0,29.9,8.0,1,2.646,4.0,0,169.624,222.69463340891912,0.0,0.492,0.062,0.0,0.0,0.0,0.0,0.0,0.169,0.0,0.0,0.0,0.084,0.324,0.0,0.0,0.0,0.0,0.0,0.0,0.9494,0.8775510204081632,External_Hazard,Not_Applicable,0.0,0,0.378,0,0.378,0.0,-0.7034,0.0,658.4300000000003,-0.3999999999999999,0.7034,0.029,-0.29,-0.121,0.0070499999999999,0.0,-21.9,53.07063340891912,0.492,-0.062,0.0,0.0,-0.169,0.0,0.24,0.0,0.0,0.0,-0.2453900226757369,0.0,0.0,0.0,5.0,0.0,0.488,0.488,0.0,0.0,0.0,0.0,0.136,0.0,0.0,0.0,0.0,0.0,1.0,0.0,2105.68,1.5,-1.0,0.124,0.062,0.0,0.0,0.0,0.0,0.0,0.135,0.0,0.0,7.0,1.4,599.85,0.338,0.0,0.4,15.9,1.0,1.514,7.0,0.0,0,4,0.0,0.0,0.0,0.0,0.0,0,0.0,0.0124,0.0,0.0,0.033800000000000004,0.0,0.016800000000000002,0.0,0.0,0.0,0.0,0.937,0.691609977324263,12.647504688,170.93263937999998,16.60455725623583,220.02649704
18_RT,4,Q3,Animal,Cat,2.0,2.0,5.0,1,1,0,1,54,0,1,0.0,0.0,0,0,5.0,0.0,0.0,0,0,0.0,0.0,0.0,0.0,1.0,0.86,0.0,0.0,2368.43,1351.87,1.2,0.7,-1.0,-0.86,0.069,0.003,2.4,0.44,0.369,0.053,0.0,0.0174,0.4,0.0,57.5,100.0,1,2.292,2.0,1,325.632,13.80890052356021,0.036,0.809,0.0,0.0,0.292,0.0,0.0,0.0,0.0,0.0,0.0,0.0,0.538,0.0,0.0,0.0,0.185,0.158,0.063,0.0,0.8924,1.0,External_Hazard,Not_Applicable,0.0,0,0.0,0,0.0,0.0,-0.14,0.0,-1016.56,-0.5,0.14,-0.066,-1.96,-0.316,0.0174,-0.4,42.5,-311.8230994764398,0.773,0.0,-0.292,0.0,0.0,0.0,-0.538,0.0,-0.0269999999999999,-0.063,-0.1991022687609075,0.0,0.0,0.0,5.0,0.6,0.14,0.0,0.0,0.0,0.0,0.832,0.0,0.0,0.0,0.0,0.0,0.0,0.067,0.0,2711.7,2.0,-0.052,0.123,0.2,0.0,0.0,0.0,0.0,0.735,0.032,0.0,0.0,17.0,3.4,2732.97,0.077,0.00308,0.2,1.6,1.0,2.646,4.0,0.0,0,4,0.0,0.0,0.0,0.0,0.0,0,0.0072,0.0,0.058399999999999994,0.0,0.0,0.0,0.1076,0.0,0.037,0.0126,0.0,0.7772,0.5780977312390925,24.279773184,176.59487766,1.0296192408376965,100.79813094
19_RT,4,Q2,Sign,DuckS,7.0,25.0,0.0,4,4,0,0,11,1,0,0.0,0.0,0,0,5.0,0.6,0.0,0,0,0.4,0.0,0.0,0.0,0.2589,0.0749,0.0,0.0,2421.6,0.0,1.3,1.5,-0.2237,-0.0749,0.13,0.078,2.4,0.0,0.302,0.032,0.06083,4e-05,0.0,0.0,0.0,0.0,1,1.388,7.0,0,241.5,0.0,0.038,1.35,0.593,0.0,0.0,0.0,0.035,0.0,0.0,0.0,0.0,0.0,0.0,0.0,0.0,0.0,0.0,0.0,0.0,0.0,1.0,1.0,External_Hazard,Not_Applicable,0.0,0,-0.6,0,-0.4,0.0,-0.184,0.0,-2421.6,0.1999999999999999,0.1488,-0.052,-2.4,-0.27,-0.06079,0.0,0.0,-241.5,1.312,-0.593,0.0,-0.035,0.0,0.0,0.0,0.0,0.0,0.0,-0.8394224783861672,0.0,0.0,0.0,5.0,0.4,0.596,0.0,0.0,0.0,0.0,0.696,0.0,0.0,0.0,0.0,0.4,0.0,0.5312,0.0,2569.46,0.6,-0.5312,0.082,0.594,0.0,0.0,0.0,0.0,0.77,0.0,0.0,0.0,12.0,2.4,1543.68,0.179,0.0295,0.2,43.0,1.0,1.462,7.0,0.0,0,4,0.0,0.0,0.0,0.0,0.0,0,0.0076,0.1186,0.0,0.007000000000000001,0.0,0.0,0.0,0.0,0.0,0.0,0.0,0.8667999999999999,0.0273775216138327,18.006723,180.5593392,0.0,0.0
19_RT,4,Q3,Animal,Cat,7.0,25.0,0.0,4,4,0,0,11,1,0,0.0,0.0,0,0,5.0,0.2,0.0,0,0,0.2,0.0,0.0,0.0,0.5638,0.9554,0.0,0.0,2249.38,2726.36,1.2,1.1,-0.5638,-0.9554,0.098,0.026,2.2,0.58,0.062,0.05,0.09463,0.00229,0.0,0.0,9.6,94.9,1,1.732,7.0,0,174.068,60.10392609699769,1.385,0.756,0.0,0.0,0.0,0.0,0.502,0.0,0.0,0.0,0.0,0.0,0.0,0.0,0.0,0.0,0.777,0.444,0.0,0.0,1.0,1.0,External_Hazard,Not_Applicable,0.0,0,-0.2,0,-0.2,0.0,0.3916,0.0,476.98,-0.0999999999999998,-0.3916,-0.072,-1.62,-0.0119999999999999,-0.09234,0.0,85.30000000000001,-113.96407390300232,-0.629,0.0,0.0,-0.502,0.0,0.0,0.0,0.0,-0.333,0.0,-0.1600406466512702,0.0,0.0,0.0,5.0,0.0,0.341,0.341,0.0,0.0,0.0,0.384,0.256,0.0,0.0,0.0,0.0,0.0,0.0519,0.0,3225.87,1.3,-0.0519,0.102,0.268,0.113,0.0,0.0,0.0,0.53,0.296,0.0,0.0,13.0,2.6,2674.06,0.019,5e-05,0.0,0.0,1.0,1.388,7.0,0.0,0,4,0.0,0.0,0.0,0.0,0.0,0,0.277,0.0,0.0,0.1004,0.0,0.0,0.0,0.0,0.1554,0.0,0.0,0.4672,0.3071593533487298,12.978858216,167.71827156,4.481468937644342,203.28285432
20_RT,4,Q2,Sign,DuckS,7.0,2.0,15.0,1,2,6,0,12,0,1,0.0,0.0,0,0,5.0,0.2,0.581,0,0,0.0,0.581,0.0,0.0,0.7617,0.0868,0.0,0.0,3048.91,3584.03,2.1,2.0,-0.6568,-0.0028,0.137,0.138,1.0,1.74,0.057,0.007,0.2639,0.00994,0.0,0.0,0.0,0.0,1,1.72,7.0,0,144.65,438.94767441860466,0.448,0.85,2.365,0.269,0.0,0.0,0.0,0.0,0.0,0.0,0.0,0.0,0.885,0.0,0.0,0.0,0.0,0.0,0.0,0.0,0.823,1.0,External_Hazard,Not_Applicable,0.0,0,0.3809999999999999,0,0.581,0.0,-0.6749,0.0,535.1200000000003,-0.1,0.654,0.001,0.74,-0.05,-0.25396,0.0,0.0,294.29767441860463,0.4019999999999999,-2.096,0.0,0.0,0.0,0.0,-0.885,0.0,0.0,0.0,0.0890186046511628,0.0,0.0,0.0,5.0,0.0,0.0,2.238,0.0,0.0,0.0,1.376,0.2,0.0,0.288,0.0,0.0,0.0,0.985,0.0,3360.08,2.1,-0.985,0.136,1.541,0.032,0.033,0.0,0.0,1.367,0.0,0.0,0.201,8.0,1.6,1277.94,0.065,0.00106,0.0,0.0,1.0,1.34,7.0,0.0,0,4,0.0,0.0,0.0,0.0,0.0,0,0.0896,0.47300000000000003,0.0,0.0,0.0,0.0,0.177,0.0,0.0,0.0,0.0,0.2603999999999999,0.3494186046511627,10.7853933,227.33282742,32.7288165,267.23244486000004
20_RT,4,Q3,Animal,Cat,6.0,2.0,15.0,1,2,6,0,12,0,1,0.0,0.0,0,0,5.0,0.2,0.0,0,0,0.2,0.0,0.0,0.0,0.7482,1.0,0.0,0.0,1950.35,1585.79,1.6,1.3,-0.7482,-1.0,0.107,0.105,1.0,1.3,0.12,0.003,0.05669,0.0,0.0,0.0,0.0,0.0,1,1.535,6.0,0,65.17,69.75244299674267,1.015,0.992,0.0,0.0,0.0,0.0,0.0,0.0,0.0,0.0,0.0,0.0,0.697,0.0,0.0,0.0,1.14,0.21,0.0,0.0,0.8606,1.0,External_Hazard,Not_Applicable,0.0,0,-0.2,0,-0.2,0.0,0.2518,0.0,-364.55999999999995,-0.3,-0.2518,-0.002,0.3,-0.1169999999999999,-0.05669,0.0,0.0,4.582442996742671,-0.0229999999999999,0.0,0.0,0.0,0.0,0.0,-0.697,0.0,-0.93,0.0,-0.2126618892508144,0.0,0.0,0.0,5.0,0.0,0.262,0.262,0.0,0.0,0.0,1.24,0.0,0.0,0.0,0.0,0.0,0.0,0.1661,0.0,2849.7,2.2,-0.1653,0.134,0.067,0.371,0.0,0.0,0.0,1.302,0.0,0.0,0.0,11.0,2.2,1667.38,0.013,0.05843,0.0,0.0,1.0,1.72,7.0,0.0,0,4,0.0,0.0,0.0,0.0,0.0,0,0.20299999999999999,0.0,0.0,0.0,0.0,0.0,0.1394,0.0,0.22799999999999998,0.0,0.0,0.4296,0.2169381107491856,4.8592055400000005,145.4219967,5.200881654723127,118.23967398
21_RT,4,Q2,Sign,DuckS,7.0,35.0,0.0,5,3,0,0,100,1,0,0.0,0.0,0,0,5.0,0.4,0.0,0,0,0.2,0.0,0.0,0.0,0.7259,0.2183,0.0,0.0,2306.91,1982.04,2.6,3.0,-0.6846,-0.2183,0.174,0.188,2.2,2.52,0.615,0.023,0.20541,0.00025,0.0,0.0,0.0,0.0,0,1.192,7.0,1,217.06,190.8473154362416,0.0,0.433,0.728,0.303,0.0,0.0,0.103,0.0,0.0,0.0,0.0,0.0,0.173,0.0,0.0,0.0,0.0,0.0,0.0,0.0,0.9654,1.0,External_Hazard,Not_Applicable,0.0,0,-0.4,0,-0.2,0.0,-0.5076,0.0,-324.8699999999999,0.3999999999999999,0.4663,0.014,0.3199999999999998,-0.592,-0.20516,0.0,0.0,-26.212684563758387,0.433,-0.425,0.0,-0.103,0.0,0.0,-0.173,0.0,0.0,0.0,-0.4166496644295302,0.0,0.0,0.0,5.0,0.2,1.009,0.0,0.0,0.216,0.0,0.104,0.0,0.0,0.0,0.0,0.0,0.0,0.784,0.0,2261.23,2.5,-0.7757,0.173,0.363,0.0,0.0,0.103,0.0,0.173,0.0,0.0,0.0,12.0,2.4,1130.88,0.79,0.14244,0.2,0.0,1.0,1.936,6.0,0.0,0,4,0.0,0.0,0.0,0.0,0.0,0,0.0,0.1456,0.0,0.0206,0.0,0.0,0.0346,0.0,0.0,0.0,0.0,0.7992,0.3825503355704698,16.184427720000002,172.00782342,14.229957533557046,147.78486648
21_RT,4,Q3,Animal,Cat,6.0,35.0,0.0,5,3,0,0,100,1,0,0.0,0.0,0,0,5.0,0.2,0.0,0,0,0.2,0.0,0.0,0.0,0.772,1.0,0.0,0.0,2136.74,1229.33,1.7,1.2,-0.772,-1.0,0.128,0.087,1.2,0.49,0.109,0.045,0.05032,0.0,0.0,0.0,0.0,0.0,1,2.06,6.0,0,94.39,17.150485436893202,0.138,0.944,0.0,0.0,0.0,0.0,0.0,0.0,0.0,0.0,0.0,0.0,0.0,0.0,0.0,0.0,0.81,0.0,0.0,0.0,1.0,1.0,External_Hazard,Not_Applicable,0.0,0,-0.2,0,-0.2,0.0,0.2279999999999999,0.0,-907.41,-0.5,-0.2279999999999999,-0.041,-0.71,-0.064,-0.05032,0.0,0.0,-77.2395145631068,0.8059999999999999,0.0,0.0,0.0,0.0,0.0,0.0,0.0,-0.81,0.0,-0.2686524271844659,0.0,0.0,0.0,5.0,0.4,0.3,0.0,0.0,0.0,0.0,0.0,0.0,0.0,0.0,0.0,0.2,0.0,0.5396,0.0,2315.47,2.7,-0.5396,0.146,0.343,0.0,0.0,0.0,0.0,0.0,0.0,0.0,0.0,11.0,2.2,1093.34,0.4,0.08623,0.4,4.2,0.0,1.192,7.0,1.0,1,4,0.0,0.0,0.0,0.0,0.0,0,0.027600000000000003,0.0,0.0,0.0,0.0,0.0,0.0,0.0,0.162,0.0,0.0,0.8103999999999999,0.541747572815534,7.03790718,159.31960787999998,1.278774495145631,91.66130346
22_RT,4,Q2,Sign,DuckS,7.0,11.0,0.0,2,4,3,0,71,1,0,0.0,0.0,0,0,5.0,0.4,0.0,0,0,0.2,0.0,0.0,0.0,0.6193,0.1106,0.0,0.0,3582.72,2065.97,1.7,1.9,-0.6193,-0.1106,0.123,0.128,2.6,1.49,0.064,0.002,0.15863,0.00039,0.2,0.0,0.0,0.0,1,2.011,7.0,0,460.062,121.87468920934856,0.402,1.13,0.032,0.361,0.356,0.0,0.033,0.0,0.033,0.0,0.0,0.0,0.411,0.0,0.069,0.0,0.0,0.0,0.0,0.0,0.9112,1.0,External_Hazard,Not_Applicable,0.0,0,-0.4,0,-0.2,0.0,-0.5086999999999999,0.0,-1516.75,0.1999999999999999,0.5086999999999999,0.005,-1.11,-0.062,-0.15824,-0.2,0.0,-338.18731079065145,0.7279999999999999,0.3289999999999999,-0.356,-0.033,-0.033,0.0,-0.411,-0.069,0.0,0.0,-0.4742221780208849,0.0,0.0,0.0,5.0,0.4,0.0,0.0,0.224,0.0,0.0,0.592,0.0,0.0,0.724,0.0,0.2,0.0,0.6291,0.0,3582.72,1.7,-0.6291,0.124,0.032,0.361,0.069,0.033,0.0,0.411,0.033,0.0,0.356,13.0,2.6,2300.31,0.064,0.15898,0.2,0.0,1.0,2.595,5.0,0.0,0,4,0.0,0.0,0.0,0.0,0.0,0,0.0804,0.0064,0.0712,0.0066,0.0066,0.0,0.0822,0.013800000000000002,0.0,0.0,0.0,0.7327999999999999,0.258577821979115,34.303142844,267.13476864,9.087220576827448,154.04285514
22_RT,4,Q3,Animal,Cat,6.0,11.0,0.0,2,4,3,0,71,1,0,0.0,0.0,0,0,5.0,0.2,0.0,0,0,0.0,0.0,0.0,0.0,0.9758,0.9555,0.0,0.0,2851.18,2941.5,2.1,1.3,-0.9758,-0.9555,0.134,0.069,2.8,1.48,0.068,0.059,0.00101,0.00347,0.0,0.0,6.4,21.4,1,2.028,6.0,0,350.978,75.07889546351085,0.236,1.134,0.0,0.0,0.0,0.0,0.0,0.0,0.0,0.0,0.0,0.0,1.213,0.0,0.0,0.0,0.0,0.195,0.0,0.037,0.7574,1.0,External_Hazard,Not_Applicable,0.0,0,-0.2,0,0.0,0.0,-0.0202999999999999,0.0,90.32000000000016,-0.8,0.0202999999999999,-0.065,-1.3199999999999998,-0.009,0.00246,0.0,14.999999999999998,-275.8991045364892,0.8979999999999999,0.0,0.0,0.0,0.0,0.0,-1.213,0.0,0.195,0.037,-0.3837700197238659,0.0,0.0,0.0,5.0,0.0,0.284,0.284,0.184,0.0,0.0,0.724,0.0,0.0,0.524,0.0,0.0,0.0,0.3911,0.0,3781.85,2.2,-0.3911,0.129,0.0,0.291,0.27,0.0,0.0,0.773,0.0,0.0,0.437,13.0,2.6,2143.55,0.02,0.07478,0.0,0.0,1.0,2.011,7.0,0.0,0,4,0.0,0.0,0.0,0.0,0.0,0,0.0472,0.0,0.0,0.0,0.0,0.0,0.2426,0.0,0.0,0.0,0.0,0.7102,0.3264299802761342,26.169621636000002,212.58968316,5.598032603550296,219.32412300000001
23_RT,4,Q2,Sign,DuckS,5.0,4.0,0.0,2,1,0,0,43,1,0,0.0,0.0,0,0,5.0,0.2,0.0,0,0,0.2,0.0,0.0,0.0,0.6472,0.1816,0.0,0.0,3194.86,4134.11,2.1,2.0,-0.6472,-0.1816,0.112,0.177,2.4,2.49,0.136,0.106,0.12215,0.00157,0.4,0.623,35.6,5.4,1,1.605,5.0,0,355.736,419.7258566978193,0.338,0.635,0.465,0.04,0.0,0.0,0.0,0.0,0.0,0.0,0.0,0.0,0.631,0.0,0.0,0.0,0.0,0.0,0.0,0.0,0.8738,1.0,External_Hazard,Not_Applicable,0.0,0,-0.2,0,-0.2,0.0,-0.4656,0.0,939.2499999999995,-0.1,0.4656,0.0649999999999999,0.0900000000000003,-0.03,-0.1205799999999999,0.2229999999999999,-30.200000000000003,63.989856697819334,0.297,-0.425,0.0,0.0,0.0,0.0,-0.631,0.0,0.0,0.0,-0.1337607476635514,0.0,0.0,0.0,5.0,0.0,0.248,0.0,0.0,0.0,0.0,0.464,0.0,0.0,0.0,0.0,0.0,0.0,0.7533,0.0,3102.58,2.0,-0.7533,0.132,0.275,0.0,0.0,0.0,0.0,0.631,0.0,0.0,0.0,13.0,2.6,1776.01,0.166,0.10897,0.4,24.9,1.0,1.386,6.0,0.0,0,4,0.0,0.0,0.0,0.0,0.0,0,0.06760000000000001,0.093,0.0,0.0,0.0,0.0,0.1262,0.0,0.0,0.0,0.0,0.7132,0.5794392523364486,26.524387632,238.21515132000002,31.295599327102806,308.24750982
23_RT,4,Q3,Animal,Cat,5.0,4.0,0.0,2,1,0,0,43,1,0,0.0,0.0,0,0,5.0,0.2,0.644,0,0,0.0,0.644,0.0,0.0,0.9698,0.4956,0.0,0.0,2165.77,1418.05,1.8,1.9,-0.9698,-0.4956,0.143,0.043,1.8,1.29,0.307,0.128,0.00117,0.00552,0.4,0.0,37.8,60.2,0,1.554,5.0,1,161.544,53.89317889317889,0.0,1.077,0.0,0.0,0.0,0.0,0.0,0.0,0.0,0.0,0.0,0.0,0.0,0.0,0.032,0.0,0.0,0.163,0.0,0.0,1.0,1.0,External_Hazard,Not_Applicable,0.0,0,0.444,0,0.644,0.0,-0.4742,0.0,-747.72,0.0999999999999998,0.4742,-0.0999999999999999,-0.51,-0.179,0.00435,-0.4,22.40000000000001,-107.65082110682113,1.077,0.0,0.0,0.0,0.0,0.0,0.0,-0.032,0.163,0.0,-0.791540797940798,0.0,0.0,0.0,5.0,0.2,0.0,0.0,0.0,0.0,0.0,0.196,0.0,0.0,0.0,0.0,0.0,0.0,0.4137,0.0,3024.99,2.9,-0.4137,0.118,0.0,0.0,0.0,0.0,0.0,0.23,0.0,0.0,0.0,11.0,2.2,1223.27,0.361,0.1471,0.4,35.7,1.0,1.605,5.0,0.0,0,4,0.0,0.0,0.0,0.0,0.0,0,0.0,0.0,0.0,0.0,0.0,0.0,0.0,0.0064,0.0,0.0,0.0,0.9936,0.202059202059202,12.045043728000001,161.48414274,4.018383204633205,105.7326441
24_RT,4,Q2,Sign,DuckS,5.0,3.0,3.0,1,1,1,0,87,1,0,12.0,0.0,0,0,5.0,0.4,0.309,0,0,0.2,0.309,0.0,0.0,0.8899,0.2536,0.0,0.0,3001.76,1163.1,2.0,1.5,-0.8899,0.06,0.149,0.053,2.2,0.31,0.163,0.533,0.04787,0.10213,0.0,0.0,0.0,53.7,0,3.235,5.0,1,299.348,8.534775888717157,0.0,1.781,0.638,0.326,0.336,0.0,0.0,0.0,0.0,0.0,0.0,0.0,0.262,0.0,0.038,0.0,0.0,0.0,0.145,0.0,0.9476,1.0,External_Hazard,Not_Applicable,-12.0,0,-0.091,0,0.1089999999999999,0.0,-0.6363000000000001,0.0,-1838.6600000000003,-0.5,0.9499,-0.096,-1.89,0.37,0.0542599999999999,0.0,53.7,-290.81322411128286,1.781,-0.312,-0.336,0.0,0.0,0.0,-0.262,-0.038,0.0,-0.145,-0.3675137557959813,0.0,0.0,0.0,5.0,0.4,0.0,0.0,0.0,0.0,0.0,0.524,0.0,0.0,0.0,0.0,0.2,0.0,0.729,0.0,2626.3,1.1,-0.729,0.123,0.0,0.0,0.0,0.0,0.0,0.63,0.0,0.176,0.036,13.0,2.6,1435.56,0.097,0.09702,0.0,19.5,1.0,1.723,7.0,0.0,0,4,0.0,0.0,0.0,0.0,0.0,0,0.0,0.1276,0.06720000000000001,0.0,0.0,0.0,0.0524,0.0076,0.0,0.028999999999999998,0.0,0.7162,0.3486862442040186,22.319985576,223.81722912000004,0.6363699598145287,86.7230622
24_RT,4,Q3,Animal,Cat,4.0,3.0,3.0,1,1,1,0,87,1,0,0.0,19.87,0,0,5.0,0.6,0.0,1,0,0.2,0.0,0.0,0.0,0.8209,1.0,0.0,0.0,2454.96,2418.02,2.8,1.7,-0.8209,-1.0,0.162,0.012,1.8,1.66,0.127,0.497,0.08074,0.0,0.2,0.0,0.0,92.4,0,3.02,4.0,1,181.83,151.75496688741725,0.0,0.965,0.0,0.0,0.0,0.0,0.0,0.04,0.0,0.0,0.07,0.0,0.162,0.0,0.033,0.0,0.034,0.0,0.107,0.0,0.9676,1.0,External_Hazard,Not_Applicable,19.87,0,-0.6,-1,-0.2,0.0,0.1791,0.0,-36.940000000000055,-1.1,-0.1791,-0.15,-0.1400000000000001,0.37,-0.08074,-0.2,92.4,-30.07503311258276,0.965,0.0,0.0,0.04,0.0,-0.07,-0.162,-0.033,-0.034,-0.107,-0.2515814569536424,1.0,12.0,0.0,5.0,0.4,0.92,0.0,0.0,0.0,0.0,0.992,0.0,0.0,0.0,0.0,0.0,0.0,0.0431,0.0,3109.89,1.5,0.0091,0.11,1.103,0.0,0.062,0.0,0.0,1.135,0.0,0.033,0.0,13.0,2.6,2599.18,0.141,0.00237,0.4,16.5,0.0,3.235,5.0,1.0,0,4,0.0,0.0,0.0,0.0,0.0,0,0.0,0.0,0.0,0.0,0.0,0.014000000000000002,0.0324,0.0066,0.0068000000000000005,0.0214,0.0,0.9188,0.6672185430463576,13.55760846,183.04672752000002,11.315153841059606,180.29240724000002
25_RT,4,Q2,Sign,DuckS,7.0,47.0,0.0,5,3,0,0,60,0,1,0.0,0.0,0,0,5.0,0.2,0.0,1,1,0.0,0.0,0.0,0.0,0.7852,0.4795,0.0,0.0,2323.85,2520.46,2.8,3.7,-0.7786,-0.4066,0.175,0.196,1.2,1.03,0.348,0.019,0.13768,0.14684,0.4,0.0,0.0,0.0,0,1.938,7.0,1,228.85,114.44272445820434,0.0,0.0,0.0,0.7,0.135,0.0,0.0,0.0,0.0,0.0,0.032,0.0,0.237,0.0,0.0,0.0,0.0,0.0,0.0,0.0,0.9526,1.0,External_Hazard,Not_Applicable,0.0,0,-0.2,0,0.0,0.0,-0.3057,0.0,196.61000000000013,0.9000000000000004,0.3719999999999999,0.021,-0.1699999999999999,-0.3289999999999999,0.00916,-0.4,0.0,-114.40727554179566,0.0,0.7,-0.135,0.0,0.0,-0.032,-0.237,0.0,0.0,0.0,-0.2803971104231166,0.0,0.0,0.0,5.0,0.4,0.0,0.0,0.0,0.0,0.0,0.212,0.0,0.0,0.0,1.0,0.2,0.0,0.5968,0.0,2205.39,3.1,-0.5133,0.2,0.0,0.0,0.0,0.0,0.0,0.237,0.0,0.0,0.0,4.0,0.8,650.41,0.286,0.26673,0.0,0.0,1.0,1.551,7.0,0.0,0,4,0.0,0.0,0.0,0.0,0.0,0,0.0,0.0,0.027000000000000003,0.0,0.0,0.0064,0.0474,0.0,0.0,0.0,0.0,0.9192,0.6388028895768834,17.0635137,173.2709037,8.533078421052632,187.93053852
25_RT,4,Q3,Animal,Cat,4.0,47.0,0.0,5,3,0,0,60,0,1,0.0,0.0,0,0,5.0,0.4,0.0,0,0,0.2,0.0,0.0,0.0,0.8226,1.0,0.0,0.0,1515.06,2645.68,2.5,1.9,-0.8226,-1.0,0.159,0.125,0.4,0.52,0.51,0.031,0.03975,0.0,0.4,0.522,31.2,3.6,1,1.916,4.0,0,15.547999999999998,52.32776617954072,0.536,1.304,0.0,0.0,0.0,0.0,0.0,0.0,0.0,0.0,0.0,0.0,0.0,0.0,0.0,0.0,0.787,0.548,0.0,0.0,1.0,1.0,External_Hazard,Not_Applicable,0.0,0,-0.4,0,-0.2,0.0,0.1774,0.0,1130.62,-0.6000000000000001,-0.1774,-0.034,0.12,-0.479,-0.03975,0.122,-27.6,36.779766179540715,0.768,0.0,0.0,0.0,0.0,0.0,0.0,0.0,-0.239,0.0,-0.701997077244259,0.0,0.0,0.0,5.0,0.4,0.0,0.0,0.0,0.0,0.0,0.0,0.0,0.0,0.0,0.0,0.4,0.0,0.5256,0.0,1797.43,3.2,-0.4886,0.153,0.0,0.0,0.0,0.0,0.0,0.0,0.0,0.0,0.0,2.0,0.4,121.4,0.131,0.1651,0.0,0.0,0.0,1.938,7.0,1.0,0,4,0.0,0.0,0.0,0.0,0.0,0,0.1072,0.0,0.0,0.0,0.0,0.0,0.0,0.0,0.1574,0.0,0.0,0.7354,0.033402922755741,1.159289976,112.96590372,3.901662901878915,197.26719216
26_RT,4,Q2,Sign,DuckS,5.0,6.0,9.0,1,1,0,0,71,0,1,24.0,0.0,0,0,5.0,0.2,0.0,0,0,0.0,0.0,0.0,0.0,0.8279,0.1268,0.0,0.0,2171.51,3873.19,2.8,3.1,-0.8279,-0.1268,0.169,0.166,2.0,0.52,0.09,0.002,0.04611,0.00651,0.0,0.0,0.0,0.0,1,1.911,5.0,0,164.934,120.38723181580325,0.371,0.924,0.374,0.334,0.0,0.0,0.0,0.0,0.0,0.0,0.0,0.0,0.437,0.0,0.0,0.0,0.0,0.0,0.0,0.0,0.9126,1.0,External_Hazard,Not_Applicable,-24.0,0,-0.2,0,0.0,0.0,-0.7011,0.0,1701.6799999999998,0.3000000000000002,0.7011,-0.003,-1.48,-0.088,-0.0395999999999999,0.0,0.0,-44.54676818419675,0.553,-0.0399999999999999,0.0,0.0,0.0,0.0,-0.437,0.0,0.0,0.0,-0.4218940868655155,2.0,24.0,0.0,5.0,0.2,0.55,0.55,0.0,0.0,0.0,0.272,0.0,0.0,0.0,0.0,0.0,0.0,0.8688,0.0,2089.92,2.7,-0.8688,0.169,0.174,0.192,0.0,0.0,0.0,0.437,0.0,0.0,0.0,11.0,2.2,861.5,0.185,0.02693,0.0,0.0,1.0,2.037,3.0,0.0,0,4,0.0,0.0,0.0,0.0,0.0,0,0.0742,0.0748,0.0,0.0,0.0,0.0,0.0874,0.0,0.0,0.0,0.0,0.7636000000000001,0.3417059131344845,12.297808908,161.91212862000003,8.976312778649921,288.79279278
26_RT,4,Q3,Animal,Cat,3.0,6.0,9.0,1,1,0,0,71,0,1,0.0,0.0,0,0,5.0,0.4,0.0,0,0,0.2,0.0,0.0,0.0,0.8761,0.9943,0.0,0.0,2465.41,0.0,2.7,2.6,-0.8761,-0.9943,0.156,0.144,2.2,0.0,0.07,0.001,0.04595,0.0,0.0,0.0,0.0,0.0,1,1.416,3.0,0,199.006,0.0,0.424,0.363,0.0,0.0,0.0,0.0,0.0,0.0,0.0,0.0,0.0,0.0,0.936,0.0,0.0,0.0,0.0,0.0,0.0,0.0,0.8128,1.0,External_Hazard,Not_Applicable,0.0,0,-0.4,0,-0.2,0.0,0.1181999999999999,0.0,-2465.41,-0.1,-0.1181999999999999,-0.012,-2.2,-0.069,-0.04595,0.0,0.0,-199.006,-0.061,0.0,0.0,0.0,0.0,0.0,-0.936,0.0,0.0,0.0,0.0156440677966102,2.0,24.0,0.0,5.0,0.2,0.0,0.0,0.0,0.0,0.0,0.396,0.0,0.0,0.0,0.0,0.2,0.0,0.541,0.0,2429.25,3.1,-0.541,0.173,0.0,0.0,0.0,0.0,0.0,0.421,0.0,0.0,0.0,10.0,2.0,761.31,0.161,0.17724,0.4,0.0,1.0,1.911,5.0,0.0,0,4,0.0,0.0,0.0,0.0,0.0,0,0.0848,0.0,0.0,0.0,0.0,0.0,0.1872,0.0,0.0,0.0,0.0,0.728,0.7436440677966102,14.838285372000001,183.82590042,0.0,0.0
27_RT,4,Q2,Sign,DuckS,5.0,12.0,20.0,2,3,5,0,70,0,1,0.0,0.0,0,0,5.0,0.4,0.0,0,0,0.2,0.0,0.0,0.0,0.6632,0.1154,0.0,0.0,2177.99,2571.66,2.3,2.4,-0.6632,-0.1154,0.156,0.12,2.2,1.32,0.177,0.106,0.1345,0.00241,0.0,0.0,0.0,0.0,1,3.019,5.0,0,225.602,146.50877774097384,0.0,0.225,0.0,0.3,0.194,0.0,0.0,0.0,0.0,0.0,0.0,0.0,0.801,0.0,0.044,0.0,0.0,0.0,0.0,0.0,0.8398,1.0,External_Hazard,Not_Applicable,0.0,0,-0.4,0,-0.2,0.0,-0.5478000000000001,0.0,393.6700000000001,0.1,0.5478000000000001,-0.036,-0.8800000000000001,-0.071,-0.13209,0.0,0.0,-79.09322225902616,0.225,0.3,-0.194,0.0,0.0,0.0,-0.801,-0.044,0.0,0.0,0.0339013580655847,0.0,0.0,0.0,5.0,0.2,0.0,0.0,0.0,0.0,0.0,0.776,0.0,0.0,0.006,0.0,0.2,0.0,0.6361,0.0,2177.99,2.3,-0.6361,0.157,0.0,0.0,0.044,0.0,0.0,0.801,0.0,0.0,0.029,11.0,2.2,1128.01,0.18,0.13844,0.0,0.0,1.0,1.475,7.0,0.0,0,4,0.0,0.0,0.0,0.0,0.0,0,0.0,0.0,0.0388,0.0,0.0,0.0,0.1602,0.008799999999999999,0.0,0.0,0.0,0.7922,0.8261013580655847,16.821336324,162.39529037999998,10.923987485922492,191.74811292
27_RT,4,Q3,Animal,Cat,4.0,12.0,20.0,2,3,5,0,70,0,1,0.0,0.0,0,0,5.0,0.4,0.0,0,0,0.4,0.0,0.0,0.0,0.8633,0.9807,0.0,0.0,1201.64,1918.45,2.1,2.3,-0.8633,-0.9807,0.136,0.13,1.0,0.92,0.004,0.001,0.01809,0.00063,0.0,0.0,0.0,0.0,0,2.166,4.0,1,30.458,64.067405355494,0.57,1.559,0.0,0.0,0.0,0.0,0.0,0.0,0.0,0.0,0.0,0.0,0.0,0.0,0.0,0.0,0.039,0.032,0.0,0.0,1.0,1.0,External_Hazard,Not_Applicable,0.0,0,-0.4,0,-0.4,0.0,0.1174,0.0,716.81,0.1999999999999997,-0.1174,-0.006,-0.0799999999999999,-0.003,-0.01746,0.0,0.0,33.609405355494005,0.989,0.0,0.0,0.0,0.0,0.0,0.0,0.0,-0.0069999999999999,0.0,-0.6127337026777471,0.0,0.0,0.0,5.0,0.2,0.0,0.0,0.448,0.0,0.0,0.788,0.0,0.0,0.0,0.0,0.2,0.0,0.5129,0.0,2812.78,2.4,-0.5129,0.152,0.0,0.0,0.422,0.0,0.0,0.402,0.0,0.0,0.0,13.0,2.6,1406.16,0.054,0.13822,0.0,0.0,1.0,3.019,5.0,0.0,0,4,0.0,0.0,0.0,0.0,0.0,0,0.11399999999999999,0.0,0.0,0.0,0.0,0.0,0.0,0.0,0.0078,0.0,0.0,0.8782,0.2654662973222529,2.271009396,89.59668168000002,4.776993878116344,143.04346890000002
28_RT,4,Q2,Sign,DuckS,6.0,5.0,0.0,1,4,0,0,47,0,1,0.0,0.0,0,0,5.0,0.0,0.759,0,0,0.0,0.0,0.0,0.0,0.7506,0.0475,0.0,0.0,2960.8,2997.64,2.5,3.0,-0.7506,0.0475,0.162,0.139,2.4,1.52,0.146,0.024,0.057,0.00026,0.2,0.0,0.0,0.0,1,1.317,6.0,0,286.42600000000004,186.82611996962797,0.158,0.809,0.0,0.0,0.072,0.0,0.0,0.0,0.0,0.0,0.0,0.0,0.298,0.0,0.098,0.0,0.0,0.0,0.0,0.0,0.9404,1.0,External_Hazard,Not_Applicable,0.0,0,0.759,0,0.0,0.0,-0.7031000000000001,0.0,36.83999999999969,0.5,0.7981,-0.0229999999999999,-0.8799999999999999,-0.122,-0.05674,-0.2,0.0,-99.59988003037208,0.651,0.0,-0.072,0.0,0.0,0.0,-0.298,-0.098,0.0,0.0,-0.4890748671222477,0.0,0.0,0.0,5.0,0.2,0.298,0.0,0.156,0.0,0.0,0.256,0.0,0.0,0.364,0.0,0.2,0.0,0.9425,0.0,3326.99,2.6,-0.9425,0.143,0.0,0.0,0.098,0.0,0.0,0.298,0.0,0.0,0.276,13.0,2.6,1809.79,0.216,0.00554,0.0,0.0,1.0,1.473,7.0,0.0,0,4,0.0,0.0,0.0,0.0,0.0,0,0.0316,0.0,0.0144,0.0,0.0,0.0,0.0596,0.0196,0.0,0.0,0.0,0.8748000000000001,0.3857251328777524,21.356495412000005,220.76316960000003,13.9301291571754,223.51003368
28_RT,4,Q3,Animal,Cat,5.0,5.0,0.0,1,4,0,0,47,0,1,0.0,0.0,0,0,5.0,0.2,0.0,0,0,0.0,0.0,0.0,0.0,0.8694,0.9318,0.0,0.0,1630.99,2626.74,2.6,2.6,-0.8694,-0.9318,0.157,0.147,1.6,1.16,0.005,0.002,0.00539,0.00312,0.0,0.0,0.0,0.0,1,1.724,5.0,0,85.75800000000001,115.46403712296984,0.338,1.298,0.0,0.0,0.0,0.0,0.0,0.0,0.0,0.0,0.0,0.0,0.0,0.0,0.0,0.0,0.0,0.0,0.0,0.0,1.0,1.0,External_Hazard,Not_Applicable,0.0,0,-0.2,0,0.0,0.0,0.0624,0.0,995.7499999999998,0.0,-0.0624,-0.01,-0.4400000000000001,-0.003,-0.00227,0.0,0.0,29.706037122969832,0.96,0.0,0.0,0.0,0.0,0.0,0.0,0.0,0.0,0.0,-0.6853002320185615,0.0,0.0,0.0,5.0,0.2,0.0,0.0,0.0,0.0,0.0,1.02,0.0,0.0,0.28,0.0,0.0,0.0,0.4566,0.0,2942.56,3.0,-0.4566,0.165,0.075,0.0,0.0,0.0,0.0,1.097,0.0,0.0,0.33,11.0,2.2,1518.95,0.011,0.08887,0.0,0.0,1.0,1.317,6.0,0.0,0,4,0.0,0.0,0.0,0.0,0.0,0,0.06760000000000001,0.0,0.0,0.0,0.0,0.0,0.0,0.0,0.0,0.0,0.0,0.9324,0.2470997679814384,6.394287996000001,121.60987638,8.609229535962879,195.85498787999998
29_RT,4,Q2,Sign,DuckS,5.0,26.5,0.0,3,4,0,0,76,0,1,0.0,0.0,0,0,5.0,0.2,0.418,0,0,0.0,0.0,0.0,0.0,0.7868,0.1124,0.0,0.0,2372.07,2439.47,2.5,2.9,-0.7659,-0.1124,0.153,0.164,2.0,2.93,0.007,0.014,0.15779,0.00266,0.0,0.0,0.0,0.0,1,2.392,5.0,0,214.25,368.6454849498328,0.0,0.265,0.0,0.378,0.267,0.0,0.0,0.0,0.0,0.0,0.0,0.0,0.473,0.0,0.034,0.0,0.0,0.0,0.0,0.293,0.9054,1.0,External_Hazard,Not_Applicable,0.0,0,0.2179999999999999,0,0.0,0.0,-0.6744000000000001,0.0,67.39999999999964,0.3999999999999999,0.6535,0.011,0.9300000000000002,0.007,-0.15513,0.0,0.0,154.3954849498328,0.265,0.378,-0.267,0.0,0.0,0.0,-0.473,-0.034,0.0,0.293,-0.2365043478260868,0.0,0.0,0.0,5.0,0.2,0.0,0.0,0.171,0.0,0.0,0.457,0.0,0.0,0.232,0.0,0.0,0.0,0.9959,0.0,2539.82,2.5,-0.9959,0.149,0.0,0.0,0.251,0.0,0.0,0.473,0.0,0.0,0.267,11.0,2.2,1269.33,0.013,0.00018,0.0,0.0,1.0,1.365,6.0,0.0,0,4,0.0,0.0,0.0,0.0,0.0,0,0.0,0.0,0.0534,0.0,0.0,0.0,0.09459999999999999,0.0068000000000000005,0.0,0.0,0.0,0.8452,0.6086956521739131,15.974908500000002,176.86628334000002,27.486944648829432,181.89176214
29_RT,4,Q3,Animal,Cat,4.0,26.5,0.0,3,4,0,0,76,0,1,0.0,0.0,0,0,5.0,0.4,0.0,0,0,0.2,0.0,0.0,0.0,0.9348,1.0,0.0,0.0,2713.37,3300.1,2.8,2.4,-0.9348,-1.0,0.169,0.109,2.2,1.54,0.017,0.076,0.02605,0.0,0.0,0.0,0.0,0.0,1,1.945,4.0,0,260.268,210.3547557840617,0.24,0.971,0.0,0.0,0.0,0.0,0.0,0.129,0.0,0.0,0.203,0.0,0.229,0.276,0.0,0.0,0.0,0.0,0.0,0.0,0.9542,0.8580976863753214,External_Hazard,Not_Applicable,0.0,0,-0.4,0,-0.2,0.0,0.0652,0.0,586.73,-0.3999999999999999,-0.0652,-0.06,-0.6600000000000001,0.059,-0.02605,0.0,0.0,-49.91324421593828,0.731,0.0,0.0,0.129,0.0,-0.203,0.047,0.0,0.0,0.0,-0.5730550128534705,0.0,0.0,0.0,5.0,0.2,0.0,0.0,0.196,0.0,0.0,0.0,0.0,0.0,0.168,0.0,0.2,0.0,0.6123,0.0,2737.8,2.9,-0.6123,0.161,0.0,0.0,0.171,0.0,0.0,0.0,0.0,0.0,0.195,6.0,1.2,792.7,0.006,0.11774,0.0,0.0,1.0,2.392,5.0,0.0,0,4,0.0,0.0,0.0,0.0,0.0,0,0.048,0.0,0.0,0.0,0.0,0.040600000000000004,0.0458,0.0,0.0,0.0,0.0,0.8656,0.2925449871465295,19.406102616,202.31429394,15.684471300771209,246.0620562
30_RT,4,Q2,Sign,DuckS,1.0,43.0,0.0,5,2,0,0,60,1,0,48.0,33.55,0,0,5.0,0.4,0.0,0,0,0.2,0.0,0.0,0.0,0.6909,0.0818,0.0,0.0,3089.57,2738.72,1.2,1.9,-0.5808,0.0818,0.094,0.133,2.8,2.24,0.107,0.057,0.27907,5e-05,0.0,0.0,25.6,0.0,0,1.788,1.0,1,363.316,172.78523489932886,0.0,0.0,0.0,0.468,0.0,0.0,1.201,0.0,0.136,0.0,0.0,0.0,0.639,0.036,0.0,0.0,0.0,0.0,0.0,0.0,0.845,0.9798657718120806,External_Hazard,Not_Applicable,-14.450000000000005,0,-0.4,0,-0.2,0.0,-0.6091,0.0,-350.85000000000036,0.7,0.6626,0.039,-0.5599999999999996,-0.0499999999999999,-0.27902,0.0,-25.6,-190.53076510067112,0.0,0.468,0.0,-1.201,-0.136,0.0,-0.603,0.0,0.0,0.0,0.1133208053691274,4.0,48.0,0.0,5.0,0.4,0.0,0.0,0.18,0.0,0.0,0.146,0.0,0.0,0.0,0.0,0.2,0.0,0.8832,0.0,3769.9,1.5,-0.8832,0.118,0.0,0.0,0.073,0.0,0.0,0.038,0.0,0.119,0.037,12.0,2.4,1783.07,0.15,0.0229,0.4,19.1,1.0,1.644,7.0,0.0,0,4,0.0,0.0,0.0,0.0,0.0,0,0.0,0.0,0.0,0.24020000000000002,0.027200000000000002,0.0,0.1278,0.0,0.0,0.0,0.0,0.6048,0.7181208053691275,27.089567591999998,230.36451834000002,12.883212684563759,204.20444064
30_RT,4,Q3,Animal,Cat,5.0,43.0,0.0,5,2,0,0,60,1,0,60.0,20.25,0,0,5.0,0.0,0.0,0,0,0.0,0.0,0.0,0.0,1.0,1.0,0.0,0.0,3482.5,2769.84,1.6,0.9,-1.0,-1.0,0.077,0.075,2.2,0.34,0.069,0.072,0.0,0.0,0.0,0.0,34.7,45.0,1,2.962,5.0,1,170.252,12.670492910195811,0.438,2.731,0.0,0.0,0.0,0.0,0.0,0.0,0.0,0.0,0.0,0.0,0.103,0.0,0.0,0.0,0.122,0.0,0.033,0.0,0.9794,1.0,External_Hazard,Not_Applicable,-39.75,0,0.0,0,0.0,0.0,0.0,0.0,-712.6599999999999,-0.7000000000000001,0.0,-0.002,-1.86,0.0029999999999999,0.0,0.0,10.299999999999995,-157.5815070898042,2.2929999999999997,0.0,0.0,0.0,0.0,0.0,-0.103,0.0,-0.122,-0.033,-0.7828121539500337,4.0,48.0,0.0,5.0,0.4,0.326,0.0,0.0,0.0,0.0,0.0,0.0,0.0,0.0,0.0,0.0,0.0,0.0285,0.0,2832.26,1.0,-0.0269,0.068,0.389,0.0,0.0,0.0,0.0,0.0,0.0,0.0,0.0,11.0,2.2,1686.01,0.171,0.00071,0.0,45.6,0.0,1.788,1.0,1.0,0,4,0.0,0.0,0.0,0.0,0.0,0,0.0876,0.0,0.0,0.0,0.0,0.0,0.0206,0.0,0.024399999999999998,0.0066,0.0,0.8608,0.0779878460499663,12.694329624000002,259.662165,0.9447372923700201,206.52481008
31_RT,4,Q2,Sign,DuckS,5.0,1.67,12.0,1,4,3,0,34,0,1,0.0,0.0,0,0,5.0,0.0,0.429,0,0,0.0,0.0,0.0,0.0,0.925,0.083,0.0,0.0,2873.99,2654.82,2.2,2.3,-0.925,0.083,0.114,0.131,1.6,1.29,0.361,0.003,0.01855,0.00086,0.4,0.0,22.3,0.0,1,2.333,5.0,0,203.184,152.64466352336046,0.0,0.932,0.0,0.481,0.266,0.0,0.0,0.0,0.0,0.0,0.0,0.0,1.796,0.0,0.0,0.0,0.0,0.0,0.0,0.0,0.6408,1.0,External_Hazard,Not_Applicable,0.0,0,0.429,0,0.0,0.0,-0.8420000000000001,0.0,-219.1699999999996,0.0999999999999996,1.008,0.017,-0.31,-0.358,-0.01769,-0.4,-22.3,-50.539336476639534,0.932,0.481,-0.266,0.0,0.0,0.0,-1.796,0.0,0.0,0.0,-0.1932579511358764,0.0,0.0,0.0,5.0,0.2,0.0,0.0,0.0,0.0,0.0,1.66,0.0,0.0,0.452,0.0,0.2,0.0,0.8926,0.0,3139.92,2.2,-0.8926,0.155,0.0,0.0,0.03,0.0,0.0,1.796,0.0,0.0,0.473,8.0,1.6,1190.62,0.458,0.02991,0.4,22.3,1.0,1.664,7.0,0.0,0,4,0.0,0.0,0.0,0.0,0.0,0,0.0,0.0,0.053200000000000004,0.0,0.0,0.0,0.3592,0.0,0.0,0.0,0.0,0.5875999999999999,0.3943420488641235,15.149805408,214.29044238,11.381491401628804,197.94868884000002
31_RT,4,Q3,Animal,Cat,6.0,1.67,12.0,1,4,3,0,34,0,1,0.0,0.0,0,0,5.0,0.4,0.0,0,0,0.2,0.0,0.0,0.0,0.8372,0.8125,0.0,0.0,2086.82,0.0,2.2,2.0,-0.8372,-0.8125,0.128,0.095,1.4,0.0,0.297,0.033,0.0301,0.00512,0.0,0.621,16.7,44.8,1,1.612,6.0,0,117.998,0.0,0.416,1.612,0.0,0.0,0.0,0.0,0.0,0.0,0.0,0.0,0.0,0.0,0.181,0.0,0.0,0.0,0.764,0.0,0.0,0.0,0.9638,1.0,External_Hazard,Not_Applicable,0.0,0,-0.4,0,-0.2,0.0,-0.0247,0.0,-2086.82,-0.2000000000000001,0.0247,-0.033,-1.4,-0.264,-0.02498,0.621,28.1,-117.998,1.1960000000000002,0.0,0.0,0.0,0.0,0.0,-0.181,0.0,-0.764,0.0,-0.7278,0.0,0.0,0.0,5.0,0.2,0.288,0.0,0.412,0.0,0.0,0.74,0.0,0.0,0.864,0.0,0.0,0.0,0.3618,0.0,3231.93,2.5,-0.3618,0.139,0.336,0.0,0.394,0.0,0.0,0.81,0.0,0.0,0.476,12.0,2.4,1982.54,0.12,0.15028,0.0,7.8,1.0,2.333,5.0,0.0,0,4,0.0,0.0,0.0,0.0,0.0,0,0.0832,0.0,0.0,0.0,0.0,0.0,0.036199999999999996,0.0,0.1528,0.0,0.0,0.7278,0.0,8.798166876000002,155.59747284000002,0.0,0.0
32_RT,4,Q2,Sign,DuckS,1.0,18.0,20.0,3,1,2,0,78,1,0,12.0,36.34,0,0,5.0,0.0,0.0,0,0,0.0,0.0,0.0,0.0,0.7411,0.8035,0.0,0.0,2513.81,3613.41,1.4,1.2,-0.7411,-0.8035,0.084,0.052,1.8,2.42,0.345,0.259,0.01999,0.02525,0.4,0.303,43.3,59.0,0,3.302,1.0,1,156.98399999999998,343.24348879466993,0.0,0.0,0.0,0.12,0.0,0.034,0.0,0.298,0.0,0.0,0.0,0.0,0.198,0.0,0.032,0.042,0.0,0.0,0.0,0.0,0.9604,1.0,External_Hazard,Not_Applicable,24.340000000000003,0,0.0,0,0.0,0.0,0.0624,0.0,1099.6,-0.1999999999999999,-0.0624,-0.032,0.6199999999999999,-0.0859999999999999,0.00526,-0.097,15.700000000000005,186.25948879466995,0.0,0.12,0.034,0.298,0.0,0.0,-0.198,0.01,0.0,0.0,-0.1036062992125984,3.0,36.0,0.0,5.0,0.2,0.0,0.0,0.0,0.0,0.0,0.424,0.0,0.0,0.0,0.0,0.0,0.0,0.9174,0.0,3199.7,1.0,-0.9174,0.112,0.0,0.0,0.0,0.0,0.0,0.502,0.0,0.032,0.031,9.0,1.8,781.43,0.233,0.00204,0.0,32.1,1.0,1.699,5.0,1.0,1,4,0.0,0.0,0.0,0.0,0.0,0,0.0,0.0,0.0,0.0,0.0,0.0,0.0396,0.0064,0.0,0.0,0.0,0.954,0.8503937007874015,11.705041007999998,187.43470122,25.59292101150818,269.42307642
32_RT,4,Q3,Animal,Cat,5.0,18.0,20.0,3,1,2,0,78,1,0,12.0,23.81,0,0,5.0,0.0,0.0,0,0,0.0,0.0,0.0,0.0,0.7911,0.7532,0.0,0.0,2238.34,2364.78,1.8,0.7,-0.7911,-0.7532,0.111,0.062,1.8,0.79,0.025,0.066,0.0334,0.01155,0.0,0.397,2.1,58.0,1,2.52,5.0,1,123.008,26.746031746031747,0.232,1.931,0.0,0.0,0.0,0.0,0.0,0.0,0.0,0.0,0.0,0.0,0.343,0.0,0.0,0.0,0.0,0.0,0.04,0.032,0.9314,1.0,External_Hazard,Not_Applicable,11.81,0,0.0,0,0.0,0.0,-0.0379,0.0,126.44000000000004,-1.1,0.0379,-0.049,-1.01,0.041,-0.02185,0.397,55.9,-96.26196825396823,1.699,0.0,0.0,0.0,0.0,0.0,-0.343,0.0,0.0,-0.008,-0.655968253968254,2.0,24.0,1.0,5.0,0.0,0.0,0.0,0.0,0.0,0.0,0.0,0.0,0.0,0.0,1.0,0.0,0.0,1.0,0.0,2973.68,1.1,-1.0,0.096,0.0,0.0,0.0,0.366,0.0,0.032,0.0,0.0,0.0,11.0,2.2,1270.44,0.167,0.0,0.4,36.7,0.0,3.302,1.0,1.0,0,4,0.0,0.0,0.0,0.0,0.0,0,0.046400000000000004,0.0,0.0,0.0,0.0,0.0,0.06860000000000001,0.0,0.0,0.008,0.0,0.877,0.221031746031746,9.171722496,166.89510708000003,1.9942376190476192,176.32272636000002
33_RT,4,Q2,Sign,DuckS,7.0,6.0,1.0,3,3,2,0,63,0,1,12.0,0.0,0,0,5.0,0.2,0.386,0,0,0.2,0.386,0.0,0.0,0.9475,0.1141,0.0,0.0,2080.98,1874.78,2.6,2.8,-0.9475,-0.1141,0.139,0.188,1.6,2.32,0.159,0.154,0.01289,0.00647,0.0,0.0,0.0,0.0,1,2.589,7.0,0,137.172,175.0907686365392,0.0,0.324,0.0,1.006,0.136,0.0,0.0,0.0,0.0,0.0,0.0,0.0,0.32,0.348,0.0,0.0,0.0,0.0,0.0,0.0,0.9359999999999999,0.86558516801854,External_Hazard,Not_Applicable,-12.0,0,0.186,0,0.186,0.0,-0.8334,0.0,-206.20000000000005,0.1999999999999997,0.8334,0.0489999999999999,0.7199999999999998,-0.005,-0.00642,0.0,0.0,37.9187686365392,0.324,1.006,-0.136,0.0,0.0,0.0,0.0279999999999999,0.0,0.0,0.0,-0.5569266898416376,1.0,12.0,0.0,5.0,0.2,0.0,0.0,0.0,0.0,0.0,0.268,0.0,0.0,0.128,0.0,0.2,0.0,0.9449,0.0,2154.58,2.6,-0.9449,0.139,0.0,0.0,0.0,0.0,0.0,0.283,0.0,0.0,0.136,9.0,1.8,872.77,0.167,0.01451,0.0,0.0,1.0,1.583,7.0,0.0,0,4,0.0,0.0,0.0,0.0,0.0,0,0.0,0.0,0.027200000000000002,0.0,0.0,0.0,0.064,0.0,0.0,0.0,0.0,0.9088,0.3518733101583623,10.227818664,155.16203076000002,13.055117891077636,139.78734636000002
33_RT,4,Q3,Animal,Cat,3.0,6.0,1.0,3,3,2,0,63,0,1,0.0,23.76,0,0,5.0,0.4,0.396,1,0,0.2,0.0,0.0,0.0,0.8617,0.5722,0.0,0.0,2233.97,1697.11,2.9,2.0,-0.8617,-0.5722,0.163,0.104,2.2,0.4,0.031,0.126,0.01497,0.01956,0.0,0.0,0.0,14.8,1,2.525,3.0,0,192.666,12.96237623762376,0.266,0.918,0.0,0.0,0.199,0.0,0.0,0.0,0.0,0.0,0.0,0.0,0.201,0.0,0.0,0.0,0.0,0.0,0.0,0.0,0.9598,1.0,External_Hazard,Not_Applicable,23.76,0,-0.004,-1,-0.2,0.0,-0.2895,0.0,-536.8599999999999,-0.8999999999999999,0.2895,-0.059,-1.8000000000000005,0.095,0.00459,0.0,14.8,-179.70362376237622,0.652,0.0,-0.199,0.0,0.0,0.0,-0.201,0.0,0.0,0.0,-0.2303643564356435,1.0,12.0,0.0,5.0,0.2,0.782,0.348,0.0,0.0,0.0,0.662,0.0,1.64,0.0,0.0,0.0,0.0,0.4281,0.0,2550.22,3.2,-0.4281,0.167,0.563,0.036,0.0,0.0,0.0,0.709,0.0,0.0,0.0,9.0,1.8,1098.05,0.044,0.14068,0.0,0.0,1.0,2.589,7.0,0.0,0,4,0.0,0.0,0.0,0.0,0.0,0,0.053200000000000004,0.0,0.0398,0.0,0.0,0.0,0.0402,0.0,0.0,0.0,0.0,0.8667999999999999,0.6364356435643563,14.365562292,166.56927113999998,0.9665006970297028,126.53991582
34_RT,4,Q2,Sign,DuckS,6.0,27.0,5.0,3,4,1,0,58,1,0,48.0,0.0,0,0,5.0,0.4,0.741,0,0,0.0,0.0,0.0,0.0,0.9094,0.1919,0.0,0.0,2707.18,2582.28,3.0,3.1,-0.9094,-0.1919,0.169,0.155,2.8,1.85,0.074,0.013,0.00767,0.00065,0.0,0.0,0.0,0.0,1,2.699,6.0,0,211.296,196.67654686921085,0.0,0.592,0.0,0.448,0.0,0.0,0.0,0.0,0.0,0.172,0.0,0.0,0.0,0.0,0.441,0.0,0.0,0.0,0.0,0.0,1.0,0.9362726935902186,External_Hazard,Not_Applicable,-48.0,0,0.3409999999999999,0,0.0,0.0,-0.7175,0.0,-124.89999999999964,0.1,0.7175,-0.014,-0.9499999999999996,-0.061,-0.00702,0.0,0.0,-14.61945313078914,0.592,0.448,0.0,0.0,0.172,0.0,0.0,-0.441,0.0,0.0,-0.3608552056317154,3.0,36.0,0.0,5.0,0.4,0.444,0.444,0.104,0.0,0.0,0.0,0.14,0.0,0.0,0.0,0.2,0.0,0.644,0.0,2815.96,3.1,-0.644,0.162,0.0,0.431,0.138,0.0,0.0,0.0,0.172,0.0,0.0,12.0,2.4,913.76,0.006,0.14354,0.0,0.0,1.0,1.661,6.0,0.0,0,4,0.0,0.0,0.0,0.0,0.0,0,0.0,0.0,0.0,0.0,0.0,0.0,0.0,0.0882,0.0,0.0,0.0,0.9118,0.5509447943682846,15.754652352,201.85275516,14.664596687662101,192.53996136000004
34_RT,4,Q3,Animal,Cat,6.0,27.0,5.0,3,4,1,0,58,1,0,36.0,43.34,0,0,5.0,0.2,0.722,0,0,0.2,0.722,0.0,0.0,0.9361,0.6672,0.0,0.0,2430.18,3126.58,2.5,2.5,-0.9361,-0.6672,0.151,0.155,1.8,1.44,0.682,0.043,0.01004,0.00457,0.4,0.722,27.9,8.2,0,1.384,6.0,1,119.326,126.31502890173412,0.022,0.079,0.0,0.0,0.0,0.0,0.0,0.065,0.0,0.0,0.0,0.0,0.042,0.0,0.0,0.0,0.265,0.0,0.229,0.0,0.9916,1.0,External_Hazard,Not_Applicable,7.340000000000003,0,0.522,0,0.522,0.0,-0.2689,0.0,696.4000000000001,0.0,0.2689,0.004,-0.3600000000000001,-0.639,-0.00547,0.3219999999999999,-19.7,6.989028901734116,0.057,0.0,0.0,0.065,0.0,0.0,-0.042,0.0,-0.265,-0.229,0.0075537572254333,5.0,60.0,0.0,5.0,0.6,0.214,0.214,0.0,0.0,0.0,1.628,0.0,0.0,0.0,0.0,0.2,0.0,0.5197,0.0,2538.9,3.5,-0.5197,0.183,0.207,0.0,0.0,0.0,0.0,1.861,0.0,0.0,0.0,15.0,3.0,1407.5,0.075,0.13354,0.0,0.0,1.0,2.699,6.0,0.0,0,4,0.0,0.0,0.0,0.0,0.0,0,0.004399999999999999,0.0,0.0,0.0,0.0,0.0,0.008400000000000001,0.0,0.053000000000000005,0.0458,0.0,0.8884000000000001,0.8959537572254335,8.897185212,181.19908116,9.4183011849711,233.12405796000002
35_RT,4,Q2,Sign,DuckS,6.0,36.0,5.0,5,4,1,0,89,0,1,0.0,0.0,0,0,5.0,0.0,0.0,0,0,0.0,0.0,0.0,0.0,0.9997,0.3439,0.0,0.0,2813.13,2583.01,1.6,1.6,-0.9997,-0.3439,0.119,0.132,2.0,2.31,0.07,0.2,0.0,0.04917,0.2,0.385,16.5,40.9,1,5.191,6.0,0,318.56,302.3733384704296,0.0,0.732,0.0,0.793,0.0,0.0,0.0,0.0,0.0,0.0,0.0,0.0,1.778,0.069,0.0,0.0,0.0,0.0,0.0,0.0,0.6444,0.9867077634367174,External_Hazard,Not_Applicable,0.0,0,0.0,0,0.0,0.0,-0.6558,0.0,-230.1199999999999,0.0,0.6558,0.013,0.31,0.13,0.04917,0.185,24.4,-16.186661529570415,0.732,0.793,0.0,0.0,0.0,0.0,-1.709,0.0,0.0,0.0,0.0485300712772106,0.0,0.0,0.0,5.0,0.2,0.0,0.0,0.0,0.0,0.0,1.604,0.0,0.0,0.344,0.0,0.2,0.0,0.8694,0.0,2857.3,1.3,-0.8694,0.12,0.0,0.0,0.0,0.0,0.0,1.669,0.0,0.0,0.138,8.0,1.6,1173.73,0.014,0.03234,0.2,0.2,1.0,1.895,7.0,0.0,0,4,0.0,0.0,0.0,0.0,0.0,0,0.0,0.0,0.0,0.0,0.0,0.0,0.3556,0.0,0.0,0.0,0.0,0.6444,0.6929300712772106,23.75247072,209.75259906000002,22.545560863032172,192.59439162000004
35_RT,4,Q3,Animal,Cat,4.0,36.0,5.0,5,4,1,0,89,0,1,0.0,0.0,0,0,5.0,0.2,0.307,0,0,0.2,0.307,0.0,0.0,0.9766,0.5231,0.0,0.0,2074.16,0.0,1.6,1.8,-0.9766,-0.5231,0.185,0.068,2.0,0.0,0.097,0.018,0.00315,0.05602,0.4,0.0,52.9,50.2,0,3.26,4.0,1,178.70999999999998,0.0,0.25,0.711,0.0,0.0,0.0,0.0,0.0,0.0,0.0,0.0,0.0,0.0,0.328,0.0,0.0,0.0,0.0,0.0,0.0,0.0,0.9344,1.0,External_Hazard,Not_Applicable,0.0,0,0.1069999999999999,0,0.1069999999999999,0.0,-0.4535,0.0,-2074.16,0.1999999999999999,0.4535,-0.1169999999999999,-2.0,-0.079,0.05287,-0.4,-2.6999999999999957,-178.70999999999998,0.4609999999999999,0.0,0.0,0.0,0.0,0.0,-0.328,0.0,0.0,0.0,-0.1024981595092023,0.0,0.0,0.0,5.0,0.2,0.0,0.369,0.0,0.0,0.0,0.435,0.0,0.0,0.0,0.0,0.0,0.0,0.0379,0.0,2694.3,1.9,-0.0379,0.112,0.0,0.326,0.0,0.0,0.0,0.322,0.0,0.0,0.0,10.0,2.0,1399.12,0.013,0.00235,0.2,23.3,1.0,5.191,6.0,0.0,0,4,0.0,0.0,0.0,0.0,0.0,0,0.05,0.0,0.0,0.0,0.0,0.0,0.0656,0.0,0.0,0.0,0.0,0.8844,0.7819018404907976,13.324975019999998,154.65351791999998,0.0,0.0
36_RT,4,Q2,Sign,DuckS,1.0,24.0,0.0,4,4,1,0,70,1,0,12.0,14.0,0,0,5.0,0.0,0.467,0,0,0.0,0.467,0.0,0.0,1.0,0.3832,0.0,0.0,2302.4,2459.95,1.8,1.8,-1.0,-0.3784,0.205,0.059,0.4,2.1,0.305,0.083,0.0,0.06029,0.4,0.0,12.3,64.2,0,4.285,1.0,1,37.94,247.5775962660443,0.0,0.043,0.0,1.317,0.0,0.0,0.0,0.0,0.0,0.0,0.0,0.0,0.7,0.0,0.0,0.228,0.0,0.0,0.0,0.0,0.86,1.0,External_Hazard,Not_Applicable,2.0,0,0.467,0,0.467,0.0,-0.6168,0.0,157.54999999999973,0.0,0.6215999999999999,-0.146,1.7000000000000002,-0.2219999999999999,0.06029,-0.4,51.900000000000006,209.6375962660443,0.043,1.317,0.0,0.0,0.0,0.0,-0.7,0.228,0.0,0.0,-0.2305950991831972,2.0,24.0,0.0,5.0,0.2,0.0,0.0,0.0,0.0,0.0,0.56,0.0,0.0,0.0,0.0,0.2,0.0,0.9314,0.0,1839.58,1.4,-0.9314,0.145,0.0,0.0,0.0,0.0,0.0,0.7,0.0,0.0,0.0,6.0,1.2,406.3,0.014,0.0166,0.2,6.3,1.0,1.597,7.0,0.0,0,4,0.0,0.0,0.0,0.0,0.0,0,0.0,0.0,0.0,0.0,0.0,0.0,0.13999999999999999,0.0,0.0,0.0,0.0,0.86,0.6294049008168028,2.8288822799999997,171.6715488,18.459880732788797,183.4187919
36_RT,4,Q3,Animal,Cat,3.0,24.0,0.0,4,4,1,0,70,1,0,12.0,0.0,0,0,5.0,0.0,0.0,0,0,0.0,0.0,0.0,0.0,1.0,1.0,0.0,0.0,1867.99,0.0,1.5,1.0,-1.0,-1.0,0.003,0.307,1.4,0.0,0.334,0.117,0.0,0.0,0.0,0.502,95.8,1.2,0,1.99,3.0,1,96.024,0.0,0.078,0.445,0.0,0.0,0.0,0.0,0.0,0.0,0.0,0.0,0.0,0.0,1.171,0.0,0.0,0.0,0.0,0.0,0.076,0.0,0.7658,1.0,External_Hazard,Not_Applicable,-12.0,0,0.0,0,0.0,0.0,0.0,0.0,-1867.99,-0.5,0.0,0.304,-1.4,-0.217,0.0,0.502,-94.6,-96.024,0.367,0.0,0.0,0.0,0.0,0.0,-1.171,0.0,0.0,-0.076,0.0413819095477386,4.0,48.0,0.0,5.0,0.4,0.788,0.0,0.0,0.0,0.0,0.564,0.0,0.0,0.0,0.0,0.0,0.0,0.1639,0.0,2342.79,1.6,-0.0294,0.258,0.865,0.0,0.0,0.0,0.0,0.665,0.0,0.084,0.0,12.0,2.4,1631.48,0.453,0.03737,0.2,33.5,0.0,4.285,1.0,1.0,0,4,0.0,0.0,0.0,0.0,0.0,0,0.0156,0.0,0.0,0.0,0.0,0.0,0.23420000000000002,0.0,0.0,0.0152,0.0,0.735,0.7763819095477387,7.159741488000001,139.28107038000002,0.0,0.0
37_RT,4,Q2,Sign,DuckS,6.0,39.0,43.0,5,2,4,0,38,0,1,24.0,19.7,0,0,5.0,0.4,0.164,0,0,0.0,0.164,0.0,0.0,0.9496,0.6369,0.0,0.0,1830.53,2266.37,1.8,1.3,-0.9496,-0.6369,0.065,0.129,1.2,1.15,0.177,0.067,0.00418,0.10798,0.0,0.0,25.2,0.0,1,6.091,6.0,1,136.898,116.06140206862582,0.0,0.486,0.096,0.376,0.0,0.0,0.0,0.0,0.035,0.0,0.037,0.0,0.0,0.0,0.261,0.0,0.0,0.0,0.231,0.0,0.993,1.0,External_Hazard,Not_Applicable,-4.300000000000001,0,-0.236,0,0.164,0.0,-0.3127,0.0,435.8399999999999,-0.5,0.3127,0.064,-0.05,-0.1099999999999999,0.1038,0.0,-25.2,-20.836597931374172,0.486,0.28,0.0,0.0,-0.035,-0.037,0.0,-0.261,0.0,-0.231,-0.0095202758167788,2.0,24.0,0.0,5.0,0.0,2.12,1.036,0.0,0.0,0.0,0.0,0.0,0.0,0.0,0.0,0.0,0.0,1.0,0.0,2153.84,1.4,-1.0,0.092,0.127,0.0,0.0,0.0,0.0,0.0,0.0,0.0,0.0,4.0,0.8,223.65,0.031,0.0,0.0,0.0,1.0,1.863,7.0,0.0,0,4,0.0,0.0,0.0,0.0,0.0,0,0.0,0.019200000000000002,0.0,0.0,0.007000000000000001,0.0073999999999999995,0.0,0.0522,0.0,0.046200000000000005,0.0,0.868,0.8584797241832212,10.207388676,136.48797786,8.65377026104088,168.98507994
37_RT,4,Q3,Animal,Cat,5.0,39.0,43.0,5,2,4,0,38,0,1,12.0,19.44,0,0,5.0,0.2,0.324,0,0,0.0,0.0,0.0,0.0,0.9732,0.8788,0.0,0.0,1657.16,2759.33,1.9,1.0,-0.9732,-0.8788,0.111,0.037,0.4,0.65,0.011,0.05,0.00295,0.00121,0.0,0.0,14.4,51.7,0,3.087,5.0,1,17.04,51.182377712989954,0.0,0.724,0.0,0.0,0.0,0.0,0.0,0.037,0.0,0.0,0.0,0.0,0.0,0.0,0.0,0.0,0.164,0.0,0.0,0.0,1.0,1.0,External_Hazard,Not_Applicable,7.440000000000001,0,0.124,0,0.0,0.0,-0.0943999999999999,0.0,1102.1699999999998,-0.8999999999999999,0.0943999999999999,-0.074,0.25,0.039,-0.00174,0.0,37.3,34.142377712989955,0.724,0.0,0.0,0.037,0.0,0.0,0.0,0.0,-0.164,0.0,-0.21371765468092,1.0,12.0,0.0,5.0,0.2,0.718,0.718,0.0,0.0,0.0,0.0,0.0,0.0,0.0,0.0,0.0,0.0,0.1891,0.0,2529.15,2.4,-0.1891,0.155,0.0,0.0,0.0,0.0,0.0,0.0,0.0,0.0,0.0,8.0,1.6,984.51,0.125,0.01511,0.0,1.7,1.0,6.091,6.0,1.0,0,4,0.0,0.0,0.0,0.0,0.0,0,0.0,0.0,0.0,0.0,0.0,0.0,0.0,0.0,0.0328,0.0,0.0,0.9672,0.75348234531908,1.27053648,123.56116392000001,3.816260447035957,205.74116346
02_RT,5,Q1,Animal,Dog,7.0,1.0,10.0,1,5,2,0,18,0,1,12.0,0.0,0,0,5.0,0.2,0.0,0,0,0.2,0.0,0.0,0.0,0.8121,0.8595,0.0,0.0,2151.65,0.0,1.9,2.0,0.8109,0.8595,0.156,0.08,1.6,0.0,0.228,0.049,0.09999,0.00065,0.0,0.0,0.0,45.4,1,1.085,7.0,0,143.764,0.0,0.573,1.085,0.0,0.0,0.0,0.0,0.0,0.0,0.0,0.0,0.0,0.0,0.0,0.0,0.231,0.0,0.0,0.0,0.0,0.0,1.0,1.0,External_Hazard,Not_Applicable,-12.0,0,-0.2,0,-0.2,0.0,0.0474,0.0,-2151.65,0.1,0.0486,-0.076,-1.6,-0.179,-0.09934,0.0,45.4,-143.764,0.512,0.0,0.0,0.0,0.0,0.0,0.0,-0.231,0.0,0.0,-0.8392,0.0,0.0,0.0,0.0,0.0,0.0,0.0,0.0,0.0,0.0,0.0,0.0,0.0,0.0,0.0,0.0,0.0,0.0,0.0,0.0,0.0,0.0,0.0,0.0,0.0,0.0,0.0,0.0,0.0,0.0,0.0,0.0,0.0,0.0,0.0,0.0,0.0,0.0,0.0,0.0,0.0,0.0,0.0,0,5,0.0,0.0,0.0,0.0,0.0,0,0.1146,0.0,0.0,0.0,0.0,0.0,0.0,0.046200000000000005,0.0,0.0,0.0,0.8392,0.0,10.719331368,160.43132730000002,0.0,0.0
02_RT,5,Q2,Name,Name2,6.0,1.0,10.0,1,5,2,0,18,0,1,12.0,0.0,0,0,5.0,0.0,0.455,0,0,0.0,0.455,0.0,0.0,0.9895,0.1881,0.0,0.0,2060.09,2569.82,1.9,2.8,0.9895,0.1881,0.157,0.107,2.2,1.82,0.689,0.039,0.0005,0.00922,0.0,0.0,0.0,19.9,1,2.199,6.0,0,205.158,280.350159163256,0.0,0.308,0.0,0.0,0.036,0.0,0.0,0.0,0.0,0.0,0.036,0.0,0.0,0.0,0.0,0.0,0.0,0.0,0.0,0.0,1.0,1.0,Dashboard_Recall,Visual_Search,-12.0,0,0.455,0,0.455,0.0,-0.8014000000000001,0.0,509.73,0.8999999999999999,-0.8014000000000001,-0.05,-0.3800000000000001,-0.6499999999999999,0.00872,0.0,19.9,75.19215916325604,0.308,0.0,-0.036,0.0,0.0,-0.036,0.0,0.0,0.0,0.0,-0.1256636653024102,1.0,12.0,0.0,5.0,0.4,1.278,0.216,0.0,0.0,0.0,0.0,0.0,0.0,0.0,0.0,0.2,0.0,0.8521,0.0,3196.47,1.5,0.8521,0.108,1.562,0.035,0.0,0.0,0.076,0.0,0.0,0.0,0.0,13.0,2.6,2380.73,0.256,0.02898,0.4,26.9,1.0,1.085,7.0,0.0,0,5,0.0,0.0,0.0,0.0,0.0,0,0.0,0.0,0.0072,0.0,0.0,0.0072,0.0,0.0,0.0,0.0,0.0,0.9856,0.8599363346975898,15.296990796,153.60443058,20.903468567530698,191.61091884
02_RT,5,Q3,Sign,FrostDam,4.0,1.0,10.0,1,5,2,0,18,0,1,24.0,0.0,0,0,5.0,0.6,0.0,0,0,0.2,0.0,0.0,0.0,0.1475,0.1079,0.0,0.0,2781.17,1890.54,1.5,3.0,0.1475,0.1079,0.132,0.076,2.0,1.12,0.847,0.133,0.0166,0.00196,0.2,0.0,23.2,32.9,0,1.783,4.0,1,335.19,83.0790802019069,1.39,0.556,0.797,0.228,0.0,0.0,0.0,0.0,0.156,0.0,0.034,0.0,0.0,0.0,0.03,0.0,0.0,0.0,0.0,0.0,0.9688,1.0,External_Hazard,Not_Applicable,-24.0,0,-0.6,0,-0.2,0.0,-0.0395999999999999,0.0,-890.6300000000001,1.5,-0.0395999999999999,-0.056,-0.8799999999999999,-0.714,-0.01464,-0.2,9.7,-252.1109197980931,-0.8339999999999999,-0.5690000000000001,0.0,0.0,-0.156,-0.034,0.0,-0.03,0.0,0.0,0.0416916432978127,2.0,24.0,0.0,5.0,0.4,2.356,1.856,0.0,0.0,0.0,0.0,0.516,0.0,0.0,0.0,0.2,0.0,0.1633,0.0,2763.63,1.4,0.1633,0.117,0.797,1.321,0.03,0.0,0.034,0.0,0.557,0.0,0.0,9.0,1.8,1534.11,0.596,0.01702,0.2,31.2,1.0,2.199,6.0,0.0,0,5,0.0,0.0,0.0,0.0,0.0,0,0.27799999999999997,0.15940000000000001,0.0,0.0,0.0312,0.0068000000000000005,0.0,0.006,0.0,0.0,0.0,0.5186,0.5602916432978127,24.992436780000002,207.36959754,6.1945423780145825,140.96244348
03_RT,5,Q1,Animal,Dog,6.0,6.0,1.0,1,2,0,0,85,1,0,24.0,0.0,0,0,5.0,0.2,0.0,0,0,0.2,0.0,0.0,0.0,0.6744,0.8893,0.0,0.0,2243.15,3348.27,2.2,3.6,0.6741,0.8893,0.226,0.205,2.0,0.9,1.006,0.012,0.12401,0.00019,0.2,0.0,0.0,14.2,1,1.107,6.0,0,165.154,112.82746160794942,0.106,0.466,0.0,0.0,0.0,0.0,0.0,0.0,0.0,0.0,0.531,0.0,0.0,0.0,0.158,0.0,0.0,0.0,0.0,0.0,1.0,1.0,External_Hazard,Not_Applicable,-24.0,0,-0.2,0,-0.2,0.0,0.2148999999999999,0.0,1105.12,1.4,0.2151999999999999,-0.021,-1.1,-0.994,-0.12382,-0.2,14.2,-52.32653839205058,0.36,0.0,0.0,0.0,0.0,-0.531,0.0,-0.158,0.0,0.0,-0.2619575429087624,0.0,0.0,0.0,0.0,0.0,0.0,0.0,0.0,0.0,0.0,0.0,0.0,0.0,0.0,0.0,0.0,0.0,0.0,0.0,0.0,0.0,0.0,0.0,0.0,0.0,0.0,0.0,0.0,0.0,0.0,0.0,0.0,0.0,0.0,0.0,0.0,0.0,0.0,0.0,0.0,0.0,0.0,0.0,0,5,0.0,0.0,0.0,0.0,0.0,0,0.0212,0.0,0.0,0.0,0.0,0.1062,0.0,0.0316,0.0,0.0,0.0,0.841,0.5790424570912376,12.314212548,167.2537503,8.412641192411925,249.65370774000002
03_RT,5,Q2,Name,Name2,7.0,6.0,1.0,1,2,0,0,85,1,0,24.0,46.04,0,0,5.0,0.4,0.0,0,0,0.0,0.0,0.0,0.0,0.7491,0.2905,0.0,0.0,2462.82,2728.76,2.7,2.8,0.7491,0.2905,0.161,0.087,2.0,1.53,0.448,0.293,0.02792,0.00609,0.4,0.0,19.1,0.0,1,2.607,7.0,0,346.37199999999996,219.27886459532027,0.0,0.111,0.0,0.219,0.0,0.0,0.0,0.0,0.0,0.0,0.0,0.0,0.596,0.168,0.239,0.0,0.0,0.0,0.036,0.0,0.8808,0.9355581127733026,Dashboard_Recall,Visual_Search,22.04,0,-0.4,0,0.0,0.0,-0.4586,0.0,265.94000000000005,0.0999999999999996,-0.4586,-0.074,-0.47,-0.155,-0.02183,-0.4,-19.1,-127.09313540467969,0.111,0.219,0.0,0.0,0.0,0.0,-0.4279999999999999,-0.239,0.0,-0.036,-0.0168241657077099,3.0,36.0,0.0,5.0,0.0,0.0,0.0,0.176,0.0,0.0,0.0,0.0,0.108,0.0,0.0,0.0,0.0,0.9941,0.0,2759.32,1.9,0.9941,0.155,0.0,0.0,0.322,0.0,0.0,0.0,0.0,0.113,0.0,10.0,2.0,1267.38,0.762,0.00015,0.4,42.4,1.0,1.107,6.0,0.0,0,5,0.0,0.0,0.0,0.0,0.0,0,0.0,0.0,0.0,0.0,0.0,0.0,0.1192,0.047799999999999995,0.0,0.0072,0.0,0.8257999999999999,0.8089758342922899,25.826189063999998,183.63278484000003,16.34987070195627,203.46180312
03_RT,5,Q3,Sign,FrostDam,1.0,6.0,1.0,1,2,0,0,85,1,0,48.0,39.21,0,0,5.0,0.2,0.0,0,0,0.2,0.0,0.0,0.0,0.1935,0.5224,0.0,0.0,3129.5,3363.0,2.4,2.4,0.1935,0.5224,0.12,0.114,2.0,2.61,0.34,0.04,0.01165,0.03236,0.0,0.0,0.0,0.0,0,3.061,1.0,1,344.556,563.3812479581836,0.0,0.03,0.453,0.893,0.0,0.0,0.0,0.0,0.282,0.0,0.0,0.0,0.168,0.0,0.0,0.0,0.0,0.0,0.0,0.0,0.91,1.0,External_Hazard,Not_Applicable,-8.79,0,-0.2,0,-0.2,0.0,0.3288999999999999,0.0,233.5,0.0,0.3288999999999999,-0.0059999999999999,0.6099999999999999,-0.3,0.02071,0.0,0.0,218.82524795818364,0.03,0.44,0.0,0.0,-0.282,0.0,-0.168,0.0,0.0,0.0,-0.1209354459327016,3.0,36.0,0.0,5.0,0.0,1.34,0.76,0.0,0.0,0.0,0.0,0.0,0.0,0.0,0.0,0.0,0.0,0.283,0.0,3436.88,2.3,0.283,0.136,1.127,0.03,0.0,0.0,0.0,0.0,0.171,0.0,0.0,12.0,2.4,2373.09,0.091,0.03405,0.0,0.0,1.0,2.607,7.0,0.0,0,5,0.0,0.0,0.0,0.0,0.0,0,0.0,0.0906,0.0,0.0,0.05639999999999999,0.0,0.033600000000000005,0.0,0.0,0.0,0.0,0.8193999999999999,0.6984645540672982,25.690784472,233.341779,42.00683261025809,250.75200600000002
04_RT,5,Q1,Animal,Dog,7.0,5.0,10.0,1,4,0,0,20,1,0,0.0,0.0,0,0,5.0,0.2,0.0,0,0,0.0,0.0,0.0,0.0,0.8925,0.4376,0.0,0.0,2929.09,1415.16,1.3,1.4,0.8925,0.4376,0.087,0.084,2.4,1.46,0.121,0.014,0.01125,0.00356,0.4,0.0,27.0,14.2,1,1.369,7.0,0,433.088,41.176040905770634,0.031,0.192,0.0,0.0,0.506,0.0,0.0,0.0,0.033,0.0,0.0,0.0,0.199,0.0,0.197,0.0,0.205,0.268,0.0,0.0,0.9536,1.0,External_Hazard,Not_Applicable,0.0,0,-0.2,0,0.0,0.0,-0.4548999999999999,0.0,-1513.93,0.0999999999999998,-0.4548999999999999,-0.0029999999999999,-0.94,-0.107,-0.00769,-0.4,-12.8,-391.91195909422936,0.161,0.0,-0.506,0.0,-0.033,0.0,-0.199,-0.197,0.063,0.0,-0.1018116873630385,0.0,0.0,0.0,0.0,0.0,0.0,0.0,0.0,0.0,0.0,0.0,0.0,0.0,0.0,0.0,0.0,0.0,0.0,0.0,0.0,0.0,0.0,0.0,0.0,0.0,0.0,0.0,0.0,0.0,0.0,0.0,0.0,0.0,0.0,0.0,0.0,0.0,0.0,0.0,0.0,0.0,0.0,0.0,0,5,0.0,0.0,0.0,0.0,0.0,0,0.0062,0.0,0.1012,0.0,0.0066,0.0,0.0398,0.039400000000000004,0.040999999999999995,0.0,0.0,0.7657999999999999,0.6639883126369613,32.291907456000004,218.39880858,3.07016796201607,105.51715992000001
04_RT,5,Q2,Name,Name2,7.0,5.0,10.0,1,4,0,0,20,1,0,0.0,0.0,0,0,5.0,0.4,0.0,0,0,0.2,0.0,0.0,0.0,0.8611,0.8321,0.0,0.0,2736.31,3925.57,1.5,1.7,0.8611,0.8321,0.096,0.077,2.8,2.8,0.208,0.045,0.05973,0.00418,0.4,0.0,34.4,17.3,1,1.43,7.0,0,462.61800000000005,954.4965034965036,0.0,0.318,0.0,0.0,0.0,0.0,0.0,0.0,0.0,0.0,0.191,0.0,0.627,0.0,0.0,0.0,0.0,0.0,0.0,0.0,0.8746,1.0,Dashboard_Recall,Visual_Search,0.0,0,-0.4,0,-0.2,0.0,-0.029,0.0,1189.2600000000002,0.1999999999999999,-0.029,-0.019,0.0,-0.1629999999999999,-0.05555,-0.4,-17.099999999999998,491.8785034965035,0.318,0.0,0.0,0.0,0.0,-0.191,-0.627,0.0,0.0,0.0,-0.0587776223776224,0.0,0.0,0.0,5.0,0.6,1.099,0.795,0.0,0.0,0.0,0.308,0.0,0.0,0.0,0.0,0.0,0.0,0.9799,0.0,2875.59,1.3,0.9799,0.116,1.12,0.031,0.0,0.0,0.0,0.331,0.0,0.0,0.0,11.0,2.2,2153.19,0.035,0.0005,0.0,7.8,1.0,1.369,7.0,0.0,0,5,0.0,0.0,0.0,0.0,0.0,0,0.0,0.0,0.0,0.0,0.0,0.0382,0.1254,0.0,0.0,0.0,0.0,0.8364,0.7776223776223776,34.49372331600001,204.02474622,71.1691682937063,292.69835034000005
04_RT,5,Q3,Sign,FrostDam,6.0,5.0,10.0,1,4,0,0,20,1,0,0.0,0.0,0,0,5.0,0.4,0.0,0,0,0.0,0.0,0.0,0.0,0.0586,0.0654,0.0,0.0,3070.14,3858.65,1.7,2.2,0.0299,0.0654,0.097,0.107,2.4,1.15,0.342,0.021,0.00322,0.00068,0.4,0.0,40.5,12.5,1,1.732,6.0,0,590.45,325.4792147806005,0.882,0.56,0.962,0.213,0.0,0.0,0.0,0.0,0.0,0.0,0.0,0.0,1.163,0.0,0.15,0.0,0.0,0.0,0.0,0.0,0.7674,1.0,External_Hazard,Not_Applicable,0.0,0,-0.4,0,0.0,0.0,0.0068,0.0,788.5100000000002,0.5000000000000002,0.0355,0.0099999999999999,-1.25,-0.321,-0.00254,-0.4,-28.0,-264.97078521939954,-0.3219999999999999,-0.749,0.0,0.0,0.0,0.0,-1.163,-0.15,0.0,0.0,0.1850951501154734,0.0,0.0,0.0,5.0,0.4,1.528,0.848,0.0,0.0,0.0,0.224,0.0,0.0,0.0,0.0,0.4,0.0,0.3833,0.0,3133.32,2.1,0.3449,0.134,0.566,0.0,0.0,0.0,0.0,0.254,0.019,0.0,0.0,10.0,2.0,2189.53,0.269,0.1348,0.4,28.9,1.0,1.43,7.0,0.0,0,5,0.0,0.0,0.0,0.0,0.0,0,0.1764,0.1924,0.0,0.0,0.0,0.0,0.2326,0.03,0.0,0.0,0.0,0.3686,0.5536951501154734,44.0251329,228.91577868,24.268381212471137,287.7086613
05_RT,5,Q1,Animal,Dog,7.0,11.0,5.0,2,4,1,0,18,0,1,0.0,0.0,0,0,5.0,0.2,0.0,0,0,0.0,0.0,0.0,0.0,0.98,1.0,0.0,0.0,3056.3,2913.47,1.8,1.9,0.98,1.0,0.122,0.13,1.6,3.22,0.006,0.001,0.00082,0.0,0.0,0.0,0.0,0.0,1,0.932,7.0,0,336.944,766.3948497854077,0.561,0.21,0.0,0.0,0.035,0.0,0.0,0.0,0.0,0.0,0.0,0.0,0.0,0.0,0.461,0.203,0.03,0.0,0.198,0.0,1.0,1.0,External_Hazard,Not_Applicable,0.0,0,-0.2,0,0.0,0.0,0.02,0.0,-142.83000000000038,0.0999999999999998,0.02,0.008,1.62,-0.005,-0.00082,0.0,0.0,429.4508497854077,-0.3510000000000001,0.0,-0.035,0.0,0.0,0.0,0.0,-0.258,-0.03,-0.198,-0.1861330472103004,0.0,0.0,0.0,0.0,0.0,0.0,0.0,0.0,0.0,0.0,0.0,0.0,0.0,0.0,0.0,0.0,0.0,0.0,0.0,0.0,0.0,0.0,0.0,0.0,0.0,0.0,0.0,0.0,0.0,0.0,0.0,0.0,0.0,0.0,0.0,0.0,0.0,0.0,0.0,0.0,0.0,0.0,0.0,0,5,0.0,0.0,0.0,0.0,0.0,0,0.11220000000000001,0.0,0.007000000000000001,0.0,0.0,0.0,0.0,0.0922,0.006,0.0396,0.0,0.743,0.5568669527896996,25.123218528000002,227.8838406,57.14393278969957,217.23415014
05_RT,5,Q2,Name,Name2,7.0,11.0,5.0,2,4,1,0,18,0,1,0.0,0.0,0,0,5.0,0.4,0.0,0,0,0.0,0.0,0.0,0.0,0.9111,0.9956,0.0,0.0,2787.4,3486.66,2.0,2.0,0.9111,0.9956,0.13,0.141,2.4,1.0,0.001,0.003,0.00431,0.0,0.0,0.0,0.0,0.0,1,1.001,7.0,0,397.678,44.84515484515485,0.0,0.0,0.0,0.452,0.33,0.0,0.0,0.0,0.0,0.0,0.0,0.0,0.0,0.0,0.313,0.0,0.0,0.0,0.232,0.0,1.0,1.0,Dashboard_Recall,Working_Memory,0.0,0,-0.4,0,0.0,0.0,0.0845,0.0,699.2599999999998,0.0,0.0845,0.0109999999999999,-1.4,0.002,-0.00431,0.0,0.0,-352.83284515484513,0.0,0.452,-0.33,0.0,0.0,0.0,0.0,-0.313,0.0,-0.232,-0.2765484515484515,0.0,0.0,0.0,5.0,0.2,0.14,0.0,0.228,0.0,0.0,0.0,0.0,0.0,0.608,0.0,0.2,0.0,0.8951,0.0,2713.02,2.0,0.8951,0.128,0.113,0.0,0.43,0.0,0.0,0.0,0.0,0.0,0.54,12.0,2.4,2075.96,0.003,0.01247,0.0,0.0,1.0,0.932,7.0,0.0,0,5,0.0,0.0,0.0,0.0,0.0,0,0.0,0.0,0.066,0.0,0.0,0.0,0.0,0.0626,0.0,0.046400000000000004,0.0,0.825,0.5484515484515484,29.651667036000003,207.83411880000003,3.343744435564436,259.97234292
05_RT,5,Q3,Sign,FrostDam,7.0,11.0,5.0,2,4,1,0,18,0,1,0.0,0.0,0,0,5.0,0.4,0.0,0,0,0.2,0.0,0.0,0.0,0.1231,0.3307,0.0,0.0,2440.06,2918.27,2.6,2.9,0.123,0.3307,0.146,0.165,0.4,2.59,0.005,0.004,0.00634,0.00017,0.0,0.0,0.0,0.0,1,0.771,7.0,0,18.726,390.2594033722438,2.338,0.199,0.244,0.0,0.0,0.0,0.0,0.0,0.0,0.0,0.0,0.0,0.0,0.0,0.0,0.0,0.0,0.0,0.0,0.0,1.0,1.0,External_Hazard,Not_Applicable,0.0,0,-0.4,0,-0.2,0.0,0.2076,0.0,478.21,0.2999999999999998,0.2077,0.019,2.19,-0.001,-0.00617,0.0,0.0,371.5334033722438,-2.139,-0.244,0.0,0.0,0.0,0.0,0.0,0.0,0.0,0.0,0.25829364461738,0.0,0.0,0.0,5.0,0.4,2.092,3.591,0.0,0.0,0.0,0.0,0.0,0.0,0.0,0.0,0.2,0.0,0.2246,0.0,2199.14,2.5,0.2226,0.143,0.574,1.404,0.0,0.0,0.0,0.0,0.0,0.0,0.0,4.0,0.8,279.49,0.049,0.03937,0.0,0.0,1.0,1.001,7.0,0.0,0,5,0.0,0.0,0.0,0.0,0.0,0,0.4676,0.048799999999999996,0.0,0.0,0.0,0.0,0.0,0.0,0.0,0.0,0.0,0.4836,0.74189364461738,1.396248012,181.93575372,29.098521634241244,217.59204774
06_RT,5,Q1,Animal,Dog,7.0,42.0,0.0,5,3,0,0,72,0,1,0.0,0.0,0,0,5.0,0.0,0.0,0,0,0.0,0.0,0.0,0.0,1.0,0.7086,0.0,0.0,2303.48,3722.95,1.2,1.3,1.0,0.7086,0.106,0.072,1.4,0.8,0.064,0.022,0.0,0.01558,0.0,0.0,0.0,0.0,1,1.242,7.0,0,240.852,131.5378421900161,0.067,0.363,0.0,0.0,0.0,0.0,0.0,0.0,0.032,0.0,0.0,0.0,0.525,0.0,0.0,0.0,0.295,0.0,0.0,0.0,0.8886,1.0,External_Hazard,Not_Applicable,0.0,0,0.0,0,0.0,0.0,-0.2914,0.0,1419.4699999999998,0.1,-0.2914,-0.034,-0.5999999999999999,-0.042,0.01558,0.0,0.0,-109.3141578099839,0.296,0.0,0.0,0.0,-0.032,0.0,-0.525,0.0,-0.295,0.0,-0.108470531400966,0.0,0.0,0.0,0.0,0.0,0.0,0.0,0.0,0.0,0.0,0.0,0.0,0.0,0.0,0.0,0.0,0.0,0.0,0.0,0.0,0.0,0.0,0.0,0.0,0.0,0.0,0.0,0.0,0.0,0.0,0.0,0.0,0.0,0.0,0.0,0.0,0.0,0.0,0.0,0.0,0.0,0.0,0.0,0,5,0.0,0.0,0.0,0.0,0.0,0,0.0134,0.0,0.0,0.0,0.0064,0.0,0.10500000000000001,0.0,0.059,0.0,0.0,0.8161999999999999,0.7077294685990339,17.958406824,171.75207576,9.80772458937198,277.5905979
06_RT,5,Q2,Name,Name2,7.0,42.0,0.0,5,3,0,0,72,0,1,0.0,0.0,0,0,5.0,0.2,0.0,0,0,0.2,0.0,0.0,0.0,0.7177,1.0,0.0,0.0,2593.13,4182.79,1.6,1.5,0.7177,1.0,0.099,0.139,1.4,1.26,0.064,0.062,0.12388,0.0,0.0,0.0,0.0,0.0,1,2.385,7.0,0,249.102,442.3354297693921,0.0,0.602,0.0,0.0,0.0,0.0,0.0,0.0,0.0,0.0,0.0,0.0,0.479,0.0,0.0,0.0,0.0,0.0,0.0,0.0,0.9042,1.0,Dashboard_Recall,Visual_Search,0.0,0,-0.2,0,-0.2,0.0,0.2823,0.0,1589.66,-0.1,0.2823,0.04,-0.1399999999999999,-0.002,-0.12388,0.0,0.0,193.23342976939207,0.602,0.0,0.0,0.0,0.0,0.0,-0.479,0.0,0.0,0.0,-0.1566109014675052,0.0,0.0,0.0,5.0,0.4,0.053,0.0,0.0,0.0,0.0,0.0,0.0,0.0,0.0,0.0,0.2,0.0,0.7996,0.0,2510.35,1.5,0.7752,0.135,0.102,0.0,0.032,0.0,0.0,0.0,0.0,0.0,0.0,6.0,1.2,529.93,0.225,0.15511,0.0,0.0,1.0,1.242,7.0,0.0,0,5,0.0,0.0,0.0,0.0,0.0,0,0.0,0.0,0.0,0.0,0.0,0.0,0.0958,0.0,0.0,0.0,0.0,0.9042,0.7475890985324948,18.573543324000003,193.34895906000003,32.98141431446541,311.87718798000003
06_RT,5,Q3,Sign,FrostDam,7.0,42.0,0.0,5,3,0,0,72,0,1,0.0,0.0,0,0,5.0,0.6,0.0,0,0,0.4,0.0,0.0,0.0,0.2484,0.2771,0.0,0.0,2280.6,1479.76,2.1,2.4,-0.097,0.2771,0.125,0.089,0.8,0.88,0.009,0.103,0.10739,0.02891,0.0,0.441,0.0,34.7,1,2.266,7.0,0,63.932,87.06090026478375,0.171,1.468,0.0,0.0,0.0,0.0,0.0,0.0,0.0,0.0,0.0,0.0,0.0,0.0,0.0,0.0,0.0,0.0,0.0,0.0,1.0,1.0,External_Hazard,Not_Applicable,0.0,0,-0.6,0,-0.4,0.0,0.0287,0.0,-800.8399999999999,0.2999999999999998,0.3741,-0.036,0.0799999999999999,0.094,-0.07848,0.441,34.7,23.128900264783752,1.297,0.0,0.0,0.0,0.0,0.0,0.0,0.0,0.0,0.0,-0.6136375992939099,0.0,0.0,0.0,5.0,0.4,4.36,0.0,0.0,0.0,4.36,0.0,0.0,0.0,0.0,0.0,0.2,0.0,0.7457,0.0,1360.14,2.1,0.355,0.125,0.154,0.035,0.0,0.0,0.0,0.0,0.0,0.0,0.0,2.0,0.4,67.45,0.01,0.5138,0.0,0.0,1.0,2.385,7.0,0.0,0,5,0.0,0.0,0.0,0.0,0.0,0,0.0342,0.0,0.0,0.0,0.0,0.0,0.0,0.0,0.0,0.0,0.0,0.9658,0.35216240070609,4.766897784,170.0460972,6.491434845542806,110.33386512
07_RT,5,Q1,Animal,Dog,1.0,21.0,36.0,3,1,2,0,77,1,0,0.0,0.0,0,0,5.0,0.2,0.307,0,0,0.2,0.307,0.0,0.0,0.7159,0.4536,0.0,0.0,2706.71,1693.51,2.1,1.2,0.7086,0.4536,0.231,0.058,2.4,0.61,0.499,0.216,0.15639,0.08378,0.2,0.307,0.0,51.6,0,3.262,1.0,1,299.146,29.55242182709994,0.0,0.0,0.0,0.0,0.0,0.0,0.0,0.0,0.0,0.0,0.0,0.0,0.0,0.0,0.0,0.0,0.0,0.0,0.0,0.0,1.0,1.0,External_Hazard,Not_Applicable,0.0,0,0.1069999999999999,0,0.1069999999999999,0.0,-0.2623,0.0,-1013.2,-0.9000000000000001,-0.255,-0.173,-1.79,-0.283,-0.07261,0.1069999999999999,51.6,-269.5935781729001,0.0,0.0,0.0,0.0,0.0,0.0,0.0,0.0,0.0,0.0,0.0,0.0,0.0,0.0,0.0,0.0,0.0,0.0,0.0,0.0,0.0,0.0,0.0,0.0,0.0,0.0,0.0,0.0,0.0,0.0,0.0,0.0,0.0,0.0,0.0,0.0,0.0,0.0,0.0,0.0,0.0,0.0,0.0,0.0,0.0,0.0,0.0,0.0,0.0,0.0,0.0,0.0,0.0,0.0,0,5,0.0,0.0,0.0,0.0,0.0,0,0.0,0.0,0.0,0.0,0.0,0.0,0.0,0.0,0.0,0.0,0.0,1.0,1.0,22.304924052,201.81771102000002,2.2034876762722257,126.27149262
07_RT,5,Q2,Name,Name2,1.0,21.0,36.0,3,1,2,0,77,1,0,0.0,0.0,0,0,5.0,0.0,0.0,0,0,0.0,0.0,0.0,0.0,1.0,0.9181,0.0,0.0,3058.72,3795.37,2.7,5.1,1.0,0.9181,0.434,0.313,2.4,0.78,2.193,0.025,0.0,0.00201,0.4,0.0,3.1,0.0,1,1.274,1.0,0,461.5220000000001,46.07535321821036,0.0,0.0,0.0,0.0,0.092,0.0,0.0,0.0,0.0,0.0,0.171,0.0,0.403,0.0,0.377,0.0,0.0,0.0,0.037,0.0,0.9194,1.0,Dashboard_Recall,Working_Memory,0.0,0,0.0,0,0.0,0.0,-0.0818999999999999,0.0,736.6500000000001,2.3999999999999995,-0.0818999999999999,-0.121,-1.62,-2.168,0.00201,-0.4,-3.1,-415.4466467817897,0.0,0.0,-0.092,0.0,0.0,-0.171,-0.403,-0.377,0.0,-0.037,0.2159999999999999,0.0,0.0,0.0,5.0,0.2,2.402,0.0,0.0,0.0,0.0,0.444,0.0,0.0,0.0,0.0,0.0,0.0,0.9954,0.0,2898.11,1.0,0.9954,0.234,1.336,0.0,0.307,0.0,0.404,0.475,0.031,0.0,0.032,5.0,1.0,1294.17,0.357,0.00017,0.6,26.1,0.0,3.262,1.0,1.0,1,5,0.0,0.0,0.0,0.0,0.0,0,0.0,0.0,0.0184,0.0,0.0,0.0342,0.0806,0.0754,0.0,0.0073999999999999995,0.0,0.784,1.0,34.41200336400001,228.06428064,3.435470486656201,282.99037794000003
07_RT,5,Q3,Sign,FrostDam,2.0,21.0,36.0,3,1,2,0,77,1,0,0.0,0.0,0,0,5.0,0.6,0.498,0,0,0.2,0.0,0.0,0.0,0.0662,0.031,0.0,0.0,2396.81,1602.93,2.1,1.2,-0.0572,0.0245,0.242,0.057,1.6,0.5,0.546,0.249,0.00374,0.00131,0.4,0.332,7.5,51.6,1,6.02,2.0,1,149.846,18.845514950166116,0.0,0.889,0.0,1.387,0.033,0.0,0.0,0.0,0.0,0.0,0.0,0.0,0.0,0.0,0.682,0.0,0.0,0.0,0.0,0.0,1.0,1.0,External_Hazard,Not_Applicable,0.0,0,-0.1019999999999999,0,-0.2,0.0,-0.0351999999999999,0.0,-793.8799999999999,-0.9000000000000001,0.0817,-0.185,-1.1,-0.297,-0.00243,-0.068,44.1,-131.00048504983388,0.889,1.387,-0.033,0.0,0.0,0.0,0.0,-0.682,0.0,0.0,-0.2350730897009966,0.0,0.0,0.0,5.0,0.4,0.0,0.0,0.0,0.0,0.0,0.696,0.252,0.0,0.0,1.0,0.4,0.0,0.7793,0.0,2892.18,3.1,0.3151,0.112,0.0,0.0,0.0,0.0,0.0,0.894,0.207,0.0,0.0,12.0,2.4,1767.4,7.117,0.59409,0.2,64.1,1.0,1.274,1.0,0.0,0,5,0.0,0.0,0.0,0.0,0.0,0,0.0,0.0,0.0066,0.0,0.0,0.0,0.0,0.13640000000000002,0.0,0.0,0.0,0.857,0.6219269102990034,11.172817452,178.71094722,1.405159285714286,119.51766666
08_RT,5,Q1,Animal,Dog,7.0,13.0,21.0,2,1,1,0,38,0,1,0.0,0.0,0,0,5.0,0.4,0.0,0,0,0.2,0.0,0.0,0.0,0.5544,0.9178,0.0,0.0,3072.22,4364.4,1.8,3.2,0.4877,0.9178,0.317,0.154,1.8,2.89,1.559,0.063,0.23076,0.00099,0.4,0.964,3.4,57.9,1,1.037,7.0,0,365.188,1082.8158148505306,0.0,0.438,0.0,0.0,1.277,0.0,0.0,0.0,0.0,0.0,0.0,0.0,0.278,0.108,0.097,0.0,0.0,0.0,0.0,0.0,0.9444,0.8958534233365477,External_Hazard,Not_Applicable,0.0,0,-0.4,0,-0.2,0.0,0.3633999999999999,0.0,1292.1799999999998,1.4,0.4300999999999999,-0.163,1.09,-1.496,-0.22977,0.564,54.5,717.6278148505306,0.438,0.0,-1.277,0.0,0.0,0.0,-0.17,-0.097,0.0,0.0,-0.1961188042430087,0.0,0.0,0.0,0.0,0.0,0.0,0.0,0.0,0.0,0.0,0.0,0.0,0.0,0.0,0.0,0.0,0.0,0.0,0.0,0.0,0.0,0.0,0.0,0.0,0.0,0.0,0.0,0.0,0.0,0.0,0.0,0.0,0.0,0.0,0.0,0.0,0.0,0.0,0.0,0.0,0.0,0.0,0.0,0,5,0.0,0.0,0.0,0.0,0.0,0,0.0,0.0,0.25539999999999996,0.0,0.0,0.0,0.055600000000000004,0.0194,0.0,0.0,0.0,0.6696,0.4734811957569912,27.229147656000002,229.07086764,80.73691278688527,325.4183928
08_RT,5,Q2,Name,Name2,7.0,13.0,21.0,2,1,1,0,38,0,1,0.0,0.0,0,0,5.0,0.2,0.0,0,0,0.0,0.0,0.0,0.0,0.9595,0.9126,0.0,0.0,3477.04,2630.1,2.6,3.3,0.9595,0.9126,0.223,0.365,2.4,1.85,0.538,0.095,0.00256,0.00439,0.4,0.616,33.5,47.7,1,1.623,7.0,0,638.818,415.9827479975354,0.0,0.0,0.0,0.0,0.0,0.0,0.0,0.0,0.0,0.0,0.0,0.0,0.709,0.0,0.63,0.0,0.0,0.0,0.033,0.0,0.8582000000000001,1.0,Dashboard_Recall,Working_Memory,0.0,0,-0.2,0,0.0,0.0,-0.0469,0.0,-846.94,0.6999999999999997,-0.0469,0.142,-0.5499999999999998,-0.443,0.0018299999999999,0.2159999999999999,14.200000000000005,-222.8352520024646,0.0,0.0,0.0,0.0,0.0,0.0,-0.709,-0.63,0.0,-0.033,0.2744,0.0,0.0,0.0,5.0,0.2,0.953,0.0,0.544,0.0,0.0,0.088,0.0,0.0,0.924,0.0,0.2,0.0,0.91,0.0,3014.39,2.4,0.91,0.23,0.961,0.0,0.63,0.0,0.0,0.273,0.0,0.0,0.963,11.0,2.2,2022.9,0.669,0.02656,0.4,21.1,1.0,1.037,7.0,0.0,0,5,0.0,0.0,0.0,0.0,0.0,0,0.0,0.0,0.0,0.0,0.0,0.0,0.14179999999999998,0.126,0.0,0.0066,0.0,0.7256,1.0,47.631547716,259.25505648,31.016505656192237,196.1055162
08_RT,5,Q3,Sign,FrostDam,4.0,13.0,21.0,2,1,1,0,38,0,1,0.0,0.0,0,0,5.0,0.4,0.0,0,0,0.2,0.0,0.0,0.0,0.2814,0.2697,0.0,0.0,2765.44,1973.23,3.6,3.5,0.2814,0.2697,0.422,0.122,2.4,0.57,0.731,0.046,0.06636,0.00856,0.6,0.0,33.3,10.2,1,1.748,4.0,0,475.34399999999994,43.163615560640736,0.137,0.407,0.451,1.218,0.0,0.0,0.0,0.0,0.102,0.0,0.0,0.0,0.73,0.0,0.0,0.0,0.0,0.0,0.033,0.0,0.8336,1.0,External_Hazard,Not_Applicable,0.0,0,-0.4,0,-0.2,0.0,-0.0116999999999999,0.0,-792.21,-0.1,-0.0116999999999999,-0.3,-1.83,-0.6849999999999999,-0.0578,-0.6,-23.1,-432.1803844393592,0.2699999999999999,0.7669999999999999,0.0,0.0,-0.102,0.0,-0.73,0.0,0.0,-0.033,-0.6390338672768878,0.0,0.0,0.0,5.0,0.6,2.227,0.0,0.0,0.0,0.0,0.941,0.0,0.0,0.0,0.0,0.0,0.0,0.1537,0.0,2820.4,3.6,0.1537,0.389,1.544,0.137,0.0,0.0,0.0,0.73,0.102,0.033,0.0,10.0,2.0,1797.62,0.718,0.0027,0.4,18.9,1.0,1.623,7.0,0.0,1,5,0.0,0.0,0.0,0.0,0.0,0,0.0274,0.0902,0.0,0.0,0.020399999999999998,0.0,0.146,0.0,0.0,0.0066,0.0,0.7093999999999999,0.0703661327231121,35.442599328,206.19673728,3.2183655034324947,147.12797526
09_RT,5,Q1,Animal,Dog,6.0,22.0,30.0,3,3,2,0,0,0,1,0.0,0.0,0,0,5.0,0.0,0.0,0,0,0.0,0.0,0.0,0.0,0.9204,0.5988,0.0,0.0,3150.63,1867.03,1.5,2.1,0.9204,0.5988,0.123,0.062,2.6,3.16,0.089,0.014,0.00663,0.0,0.0,0.0,5.1,72.4,1,0.633,6.0,0,456.474,216.66666666666669,0.2,0.318,0.0,0.0,0.039,0.0,0.0,0.0,0.236,0.0,0.0,0.0,0.0,0.0,0.848,0.0,0.572,0.0,0.0,0.0,0.9528,1.0,External_Hazard,Not_Applicable,0.0,0,0.0,0,0.0,0.0,-0.3216,0.0,-1283.6,0.6000000000000001,-0.3216,-0.061,0.56,-0.075,-0.00663,0.0,67.30000000000001,-239.8073333333333,0.118,0.0,-0.039,0.0,-0.236,0.0,0.0,-0.848,-0.572,0.0,-0.1233696682464455,0.0,0.0,0.0,0.0,0.0,0.0,0.0,0.0,0.0,0.0,0.0,0.0,0.0,0.0,0.0,0.0,0.0,0.0,0.0,0.0,0.0,0.0,0.0,0.0,0.0,0.0,0.0,0.0,0.0,0.0,0.0,0.0,0.0,0.0,0.0,0.0,0.0,0.0,0.0,0.0,0.0,0.0,0.0,0,5,0.0,0.0,0.0,0.0,0.0,0,0.04,0.0,0.0078,0.0,0.0472,0.0,0.0,0.1696,0.11439999999999999,0.0,0.0,0.621,0.4976303317535545,34.035614388,234.91727406,16.1551,139.20949086000002
09_RT,5,Q2,Name,Name2,7.0,22.0,30.0,3,3,2,0,0,0,1,0.0,0.0,0,0,5.0,0.4,0.0,0,0,0.4,0.0,0.0,0.0,0.7571,0.5246,0.0,0.0,2794.02,4012.03,1.6,1.6,0.7571,0.5246,0.11,0.113,2.8,3.41,0.042,0.001,0.01628,2e-05,0.0,0.0,0.0,0.0,1,0.586,7.0,0,568.608,616.160409556314,0.0,0.0,0.0,0.0,0.038,0.0,0.0,0.0,0.0,0.0,0.033,0.0,0.419,0.0,0.0,0.0,0.0,0.0,0.0,0.0,0.9162,1.0,Dashboard_Recall,Working_Memory,0.0,0,-0.4,0,-0.4,0.0,-0.2325,0.0,1218.0100000000002,0.0,-0.2325,0.003,0.6100000000000003,-0.041,-0.01626,0.0,0.0,47.552409556314046,0.0,0.0,-0.038,0.0,0.0,-0.033,-0.419,0.0,0.0,0.0,0.098,0.0,0.0,0.0,5.0,0.2,1.194,0.0,0.092,0.0,0.0,0.0,0.0,0.0,0.0,0.0,0.2,0.0,0.9798,0.0,2322.76,1.3,0.9798,0.099,1.231,0.0,0.205,0.0,0.037,0.0,0.0,0.0,0.0,13.0,2.6,1453.18,0.203,0.00263,0.4,30.6,1.0,0.633,6.0,0.0,1,5,0.0,0.0,0.0,0.0,0.0,0,0.0,0.0,0.0076,0.0,0.0,0.0066,0.0838,0.0,0.0,0.0,0.0,0.902,1.0,42.396549696,208.32771924000002,45.94215245733788,299.14498086000003
09_RT,5,Q3,Sign,FrostDam,7.0,22.0,30.0,3,3,2,0,0,0,1,0.0,0.0,0,0,5.0,0.2,0.0,0,0,0.0,0.0,0.0,0.0,0.0814,0.3149,0.0,0.0,2426.99,2170.81,1.8,1.9,0.0814,0.3149,0.118,0.151,2.0,2.88,0.043,0.009,0.00333,3e-05,0.0,0.0,0.0,0.0,1,0.694,7.0,0,189.89,217.92507204610953,1.136,0.045,0.0,0.225,0.065,0.0,0.0,0.0,0.0,0.0,0.0,0.0,0.0,0.0,0.072,0.0,0.0,0.0,0.0,0.0,1.0,1.0,External_Hazard,Not_Applicable,0.0,0,-0.2,0,0.0,0.0,0.2335,0.0,-256.17999999999984,0.0999999999999998,0.2335,0.033,0.8799999999999999,-0.0339999999999999,-0.0033,0.0,0.0,28.03507204610952,-1.091,0.225,-0.065,0.0,0.0,0.0,0.0,-0.072,0.0,0.0,-0.1344489913544669,0.0,0.0,0.0,5.0,0.2,0.0,0.0,0.0,0.0,0.0,0.0,0.0,0.0,0.0,1.0,0.2,0.0,0.8679,0.0,2620.19,1.8,0.8679,0.118,0.0,0.0,0.0,0.0,0.038,0.0,0.0,0.0,0.0,11.0,2.2,1045.43,0.271,0.03718,0.4,21.1,1.0,0.586,7.0,0.0,0,5,0.0,0.0,0.0,0.0,0.0,0,0.22719999999999999,0.0,0.013000000000000001,0.0,0.0,0.0,0.0,0.0144,0.0,0.0,0.0,0.7454000000000001,0.6109510086455331,14.15857818,180.96122838,16.24892922190202,161.85993522
10_RT,5,Q1,Animal,Dog,7.0,10.0,0.0,4,4,0,0,100,1,0,0.0,0.0,0,0,5.0,0.2,0.0,0,0,0.2,0.0,0.0,0.0,0.8941,0.269,0.0,0.0,2580.63,0.0,1.6,2.0,0.8941,0.269,0.135,0.124,1.4,0.0,0.135,0.001,0.01927,0.00736,0.0,0.0,0.0,0.0,1,1.221,7.0,0,295.728,0.0,0.542,0.79,0.0,0.0,0.0,0.0,0.0,0.0,0.033,0.0,0.0,0.0,0.117,0.0,0.0,0.0,0.166,0.0,0.0,0.0,0.97,1.0,External_Hazard,Not_Applicable,0.0,0,-0.2,0,-0.2,0.0,-0.6251,0.0,-2580.63,0.3999999999999999,-0.6251,-0.011,-1.4,-0.134,-0.0119099999999999,0.0,0.0,-295.728,0.248,0.0,0.0,0.0,-0.033,0.0,-0.117,0.0,-0.166,0.0,-0.4754106470106469,0.0,0.0,0.0,0.0,0.0,0.0,0.0,0.0,0.0,0.0,0.0,0.0,0.0,0.0,0.0,0.0,0.0,0.0,0.0,0.0,0.0,0.0,0.0,0.0,0.0,0.0,0.0,0.0,0.0,0.0,0.0,0.0,0.0,0.0,0.0,0.0,0.0,0.0,0.0,0.0,0.0,0.0,0.0,0,5,0.0,0.0,0.0,0.0,0.0,0,0.10840000000000001,0.0,0.0,0.0,0.0066,0.0,0.0234,0.0,0.0332,0.0,0.0,0.8283999999999999,0.352989352989353,22.050071136000003,192.41693406000002,0.0,0.0
10_RT,5,Q2,Name,Name2,7.0,10.0,0.0,4,4,0,0,100,1,0,0.0,0.0,0,0,5.0,0.0,0.0,0,0,0.0,0.0,0.0,0.0,1.0,1.0,0.0,0.0,3029.92,3112.75,1.7,0.5,1.0,1.0,0.085,0.096,2.2,4.58,0.236,0.013,0.0,0.0,0.2,0.0,39.0,11.9,1,1.31,7.0,1,384.492,744.5114503816793,0.0,0.117,0.0,0.0,0.345,0.11,0.0,0.0,0.0,0.0,0.068,0.0,0.0,0.105,0.31,0.04,0.0,0.0,0.238,0.0,1.0,0.9198473282442748,Dashboard_Recall,Visual_Search,0.0,0,0.0,0,0.0,0.0,0.0,0.0,82.82999999999993,-1.2,0.0,0.0109999999999999,2.38,-0.2229999999999999,0.0,-0.2,-27.1,360.0194503816793,0.117,0.0,-0.235,0.0,0.0,-0.068,0.105,-0.27,0.0,-0.238,-0.0917694656488549,0.0,0.0,0.0,5.0,0.4,0.368,0.0,0.0,0.0,0.0,0.22,0.0,0.184,0.0,0.0,0.2,0.0,0.9519,0.0,2708.71,1.8,0.9519,0.123,0.639,0.039,0.0,0.0,0.0,0.27,0.0,0.238,0.0,12.0,2.4,2206.68,0.021,0.01571,0.0,0.0,1.0,1.221,7.0,0.0,0,5,0.0,0.0,0.0,0.0,0.0,0,0.0,0.0,0.06899999999999999,0.0,0.0,0.013600000000000001,0.0,0.062,0.0,0.047599999999999996,0.0,0.8078,0.716030534351145,28.668492504000003,225.91689504,55.51226276335878,232.09286550000002
10_RT,5,Q3,Sign,FrostDam,1.0,10.0,0.0,4,4,0,0,100,1,0,0.0,0.0,0,0,5.0,0.4,0.0,0,0,0.0,0.0,0.0,0.0,0.221,0.6541,0.0,0.0,1785.15,2196.69,1.9,1.9,0.221,0.6541,0.129,0.083,0.6,2.61,0.054,0.123,0.00439,0.04082,0.0,0.0,0.0,14.0,1,2.686,1.0,0,33.372,464.5011169024572,1.161,0.589,0.703,0.343,0.0,0.0,0.0,0.0,0.0,0.0,0.0,0.0,0.0,0.0,0.0,0.0,0.0,0.0,0.0,0.0,1.0,1.0,External_Hazard,Not_Applicable,0.0,0,-0.4,0,0.0,0.0,0.4331,0.0,411.54,0.0,0.4331,-0.046,2.01,0.069,0.03643,0.0,14.0,431.1291169024572,-0.5720000000000001,-0.3599999999999999,0.0,0.0,0.0,0.0,0.0,0.0,0.0,0.0,0.0258156366344006,0.0,0.0,0.0,5.0,0.0,0.44,0.0,0.0,0.253,0.0,0.224,0.027,0.0,0.0,0.0,0.0,0.0,0.9818,0.0,2149.97,1.7,0.9818,0.133,0.137,0.0,0.0,0.059,0.0,0.323,0.058,0.0,0.0,12.0,2.4,1774.16,0.196,0.00152,0.0,0.0,1.0,1.31,7.0,1.0,1,5,0.0,0.0,0.0,0.0,0.0,0,0.23220000000000002,0.1406,0.0,0.0,0.0,0.0,0.0,0.0,0.0,0.0,0.0,0.6272,0.6530156366344007,2.488283064,133.1043543,34.63413227848102,163.78959978
11_RT,5,Q1,Animal,Dog,6.0,40.0,0.0,5,5,0,0,38,0,1,0.0,0.0,0,0,5.0,0.4,0.0,0,0,0.2,0.0,0.0,0.0,0.9503,0.8977,0.0,0.0,1854.89,3220.72,2.1,2.0,0.9503,0.8977,0.177,0.129,2.2,2.53,0.734,0.103,0.01714,0.0059,0.4,0.507,29.6,40.6,1,1.973,6.0,0,233.106,432.81297516472375,0.0,0.884,0.0,0.0,0.0,0.0,0.0,0.0,0.0,0.0,0.0,0.0,0.466,0.0,0.0,0.0,0.0,0.036,0.0,0.0,0.9068,1.0,External_Hazard,Not_Applicable,0.0,0,-0.4,0,-0.2,0.0,-0.0525999999999999,0.0,1365.8299999999997,-0.1,-0.0525999999999999,-0.0479999999999999,0.3299999999999996,-0.631,-0.01124,0.1069999999999999,11.0,199.70697516472376,0.884,0.0,0.0,0.0,0.0,0.0,-0.466,0.0,0.036,0.0,-0.3730949822605169,0.0,0.0,0.0,0.0,0.0,0.0,0.0,0.0,0.0,0.0,0.0,0.0,0.0,0.0,0.0,0.0,0.0,0.0,0.0,0.0,0.0,0.0,0.0,0.0,0.0,0.0,0.0,0.0,0.0,0.0,0.0,0.0,0.0,0.0,0.0,0.0,0.0,0.0,0.0,0.0,0.0,0.0,0.0,0,5,0.0,0.0,0.0,0.0,0.0,0,0.0,0.0,0.0,0.0,0.0,0.0,0.0932,0.0,0.0,0.0,0.0,0.9068,0.533705017739483,17.380849572,138.30430818000002,32.271401054232136,240.14332464
11_RT,5,Q2,Name,Name2,4.0,40.0,0.0,5,5,0,0,38,0,1,0.0,0.0,0,0,5.0,0.4,0.0,0,0,0.4,0.0,0.0,0.0,0.7341,1.0,0.0,0.0,2822.55,2287.48,2.5,2.5,0.7341,1.0,0.119,0.184,1.4,1.95,0.951,0.144,0.10579,0.0,0.4,0.0,38.2,0.0,1,2.052,4.0,0,297.028,422.96296296296293,0.0,0.291,0.0,0.0,0.0,0.0,0.0,0.0,0.0,0.0,0.0,0.0,0.237,0.065,0.0,0.0,0.0,0.0,0.0,0.0,0.9526,0.9683235867446394,Dashboard_Recall,Visual_Search,0.0,0,-0.4,0,-0.4,0.0,0.2659,0.0,-535.0700000000002,0.0,0.2659,0.065,0.55,-0.8069999999999999,-0.10579,-0.4,-38.2,125.93496296296291,0.291,0.0,0.0,0.0,0.0,0.0,-0.172,0.0,0.0,0.0,-0.1260892787524365,0.0,0.0,0.0,5.0,0.4,0.023,0.023,0.0,0.0,0.0,0.204,0.0,0.0,0.0,0.0,0.2,0.0,0.6975,0.0,2707.37,2.6,0.6975,0.163,0.048,0.0,0.0,0.0,0.0,0.237,0.0,0.0,0.0,9.0,1.8,1767.94,0.726,0.12433,0.4,38.2,1.0,1.973,6.0,0.0,0,5,0.0,0.0,0.0,0.0,0.0,0,0.0,0.0,0.0,0.0,0.0,0.0,0.0474,0.0,0.0,0.0,0.0,0.9526,0.8265107212475634,22.147001736000004,210.45497310000002,31.536964444444443,170.55908376000002
11_RT,5,Q3,Sign,FrostDam,6.0,40.0,0.0,5,5,0,0,38,0,1,0.0,0.0,0,0,5.0,0.4,0.0,0,0,0.4,0.0,0.0,0.0,0.3057,0.3403,0.0,0.0,1979.42,3039.09,2.0,2.8,-0.2127,0.3403,0.141,0.142,2.4,0.45,0.802,0.034,0.15083,0.02931,0.4,0.454,17.5,0.0,1,2.202,6.0,0,316.358,100.72207084468664,0.177,1.464,0.425,0.0,0.0,0.0,0.0,0.0,0.0,0.0,0.0,0.0,0.726,0.0,0.0,0.0,0.0,0.0,0.0,0.0,0.8548,1.0,External_Hazard,Not_Applicable,0.0,0,-0.4,0,-0.4,0.0,0.0345999999999999,0.0,1059.67,0.7999999999999998,0.5529999999999999,0.001,-1.95,-0.768,-0.1215199999999999,0.0539999999999999,-17.5,-215.63592915531336,1.287,-0.425,0.0,0.0,0.0,0.0,-0.726,0.0,0.0,0.0,-0.399250136239782,0.0,0.0,0.0,5.0,0.4,1.1,0.548,0.0,0.0,0.0,0.904,0.12,0.0,0.0,0.0,0.2,0.0,0.6125,0.0,2295.43,1.8,0.0847,0.103,0.394,0.035,0.0,0.0,0.0,1.06,0.032,0.0,0.0,11.0,2.2,2071.35,0.482,0.50088,0.4,36.5,1.0,2.052,4.0,0.0,0,5,0.0,0.0,0.0,0.0,0.0,0,0.0354,0.08499999999999999,0.0,0.0,0.0,0.0,0.1452,0.0,0.0,0.0,0.0,0.7344,0.335149863760218,23.588285196,147.58951404,7.510039046321526,226.60062858000003
12_RT,5,Q1,Animal,Dog,6.0,8.0,17.0,2,3,2,0,66,1,0,0.0,0.0,0,0,5.0,0.2,0.0,0,0,0.0,0.0,0.0,0.0,0.9845,0.4584,0.0,0.0,2317.73,2906.59,1.6,1.7,0.9845,0.4584,0.122,0.091,2.6,2.62,0.089,0.005,0.00139,0.00555,0.0,0.0,0.0,0.0,1,1.145,6.0,0,260.928,303.3362445414847,0.399,0.099,0.0,0.0,0.0,0.0,0.0,0.0,0.0,0.0,0.108,0.0,0.0,0.0,0.543,0.0,0.0,0.0,0.0,0.0,1.0,1.0,External_Hazard,Not_Applicable,0.0,0,-0.2,0,0.0,0.0,-0.5261,0.0,588.8600000000001,0.0999999999999998,-0.5261,-0.031,0.02,-0.0839999999999999,0.00416,0.0,0.0,42.40824454148469,-0.3,0.0,0.0,0.0,0.0,-0.108,0.0,-0.543,0.0,0.0,0.12353711790393,0.0,0.0,0.0,0.0,0.0,0.0,0.0,0.0,0.0,0.0,0.0,0.0,0.0,0.0,0.0,0.0,0.0,0.0,0.0,0.0,0.0,0.0,0.0,0.0,0.0,0.0,0.0,0.0,0.0,0.0,0.0,0.0,0.0,0.0,0.0,0.0,0.0,0.0,0.0,0.0,0.0,0.0,0.0,0,5,0.0,0.0,0.0,0.0,0.0,0,0.07980000000000001,0.0,0.0,0.0,0.0,0.0216,0.0,0.1086,0.0,0.0,0.0,0.79,0.91353711790393,19.455313536000002,172.81458426,22.617357065502183,216.72116358000002
12_RT,5,Q2,Name,Name2,7.0,8.0,17.0,2,3,2,0,66,1,0,0.0,0.0,0,0,5.0,0.2,0.0,0,0,0.2,0.0,0.0,0.0,0.8704,1.0,0.0,0.0,2428.66,2286.82,1.2,1.4,0.8704,1.0,0.102,0.102,1.6,3.64,0.013,0.002,0.02891,0.0,0.0,0.0,0.0,0.0,1,1.099,7.0,0,179.114,228.45313921747044,0.0,0.0,0.0,0.0,0.0,0.0,0.0,0.0,0.0,0.0,0.0,0.0,0.0,0.0,0.0,0.0,0.0,0.0,0.0,0.0,1.0,1.0,Dashboard_Recall,Working_Memory,0.0,0,-0.2,0,-0.2,0.0,0.1296,0.0,-141.8399999999997,0.1999999999999999,0.1296,0.0,2.04,-0.011,-0.02891,0.0,0.0,49.33913921747043,0.0,0.0,0.0,0.0,0.0,0.0,0.0,0.0,0.0,0.0,0.0,0.0,0.0,0.0,5.0,0.2,0.36,0.0,0.0,0.0,0.408,0.0,0.0,0.408,0.0,0.0,0.2,0.0,0.9019,0.0,3309.67,1.5,0.9019,0.107,0.194,0.0,0.034,0.0,0.534,0.0,0.0,0.16,0.0,14.0,2.8,2633.39,0.007,0.03499,0.0,0.0,1.0,1.145,6.0,0.0,0,5,0.0,0.0,0.0,0.0,0.0,0,0.0,0.0,0.0,0.0,0.0,0.0,0.0,0.0,0.0,0.0,0.0,1.0,1.0,13.355098068,181.08574692,17.03392296633303,170.50987284
12_RT,5,Q3,Sign,FrostDam,5.0,8.0,17.0,2,3,2,0,66,1,0,0.0,0.0,0,0,5.0,0.4,0.661,0,0,0.0,0.0,0.0,0.0,0.1167,0.7702,0.0,0.0,2207.98,2847.9,2.4,2.0,0.1167,0.7702,0.129,0.111,1.6,3.3,0.006,0.018,0.00109,0.00116,0.0,0.0,0.0,0.0,1,1.514,5.0,0,155.196,532.7080581241744,0.462,0.0,0.459,0.169,0.0,0.0,0.0,0.0,0.0,0.0,0.0,0.073,0.0,0.0,0.0,0.0,0.0,0.0,0.0,0.131,1.0,1.0,External_Hazard,Not_Applicable,0.0,0,0.261,0,0.0,0.0,0.6535,0.0,639.9200000000001,-0.3999999999999999,0.6535,-0.018,1.6999999999999995,0.0119999999999999,6.999999999999997e-05,0.0,0.0,377.5120581241744,-0.462,-0.29,0.0,0.0,0.0,0.073,0.0,0.0,0.0,0.131,-0.0621672391017172,0.0,0.0,0.0,5.0,0.0,2.22,1.236,0.0,0.0,0.0,0.0,0.0,0.0,0.0,0.0,0.0,0.0,0.7626,0.0,1988.32,2.0,0.7626,0.14,0.869,0.0,0.064,0.0,0.0,0.0,0.0,0.098,0.0,7.0,1.4,414.94,0.204,0.06369,0.0,0.0,1.0,1.099,7.0,0.0,0,5,0.0,0.0,0.0,0.0,0.0,0,0.09240000000000001,0.0918,0.0,0.0,0.0,0.0,0.0,0.0,0.0,0.0,0.0,0.8158,0.7536327608982827,11.571724152,164.63140476,39.71977822985469,212.34511980000002
13_RT,5,Q1,Animal,Dog,7.0,40.0,0.0,4,4,0,0,11,0,1,0.0,0.0,0,0,5.0,0.0,0.0,0,0,0.0,0.0,0.0,0.0,1.0,1.0,0.0,0.0,1967.08,2624.18,1.0,0.8,1.0,1.0,0.09,0.083,2.0,3.16,0.005,0.001,0.0,0.0,0.0,0.0,0.0,0.0,1,1.265,7.0,1,181.39,618.6166007905139,0.979,0.514,0.0,0.0,0.0,0.0,0.0,0.0,0.0,0.0,0.274,0.232,0.0,0.0,0.072,0.0,0.0,0.0,0.5,0.0,1.0,1.0,External_Hazard,Not_Applicable,0.0,0,0.0,0,0.0,0.0,0.0,0.0,657.0999999999999,-0.1999999999999999,0.0,-0.0069999999999999,1.16,-0.004,0.0,0.0,0.0,437.2266007905139,-0.4649999999999999,0.0,0.0,0.0,0.0,-0.042,0.0,-0.072,0.0,-0.5,-0.2247233201581028,0.0,0.0,0.0,0.0,0.0,0.0,0.0,0.0,0.0,0.0,0.0,0.0,0.0,0.0,0.0,0.0,0.0,0.0,0.0,0.0,0.0,0.0,0.0,0.0,0.0,0.0,0.0,0.0,0.0,0.0,0.0,0.0,0.0,0.0,0.0,0.0,0.0,0.0,0.0,0.0,0.0,0.0,0.0,0,5,0.0,0.0,0.0,0.0,0.0,0,0.1958,0.0,0.0,0.0,0.0,0.0548,0.0,0.0144,0.0,0.1,0.0,0.635,0.4102766798418972,13.524801179999999,146.66941896,46.1252909881423,195.66410916
13_RT,5,Q2,Name,Name2,7.0,40.0,0.0,4,4,0,0,11,0,1,0.0,0.0,0,0,5.0,0.4,0.0,0,0,0.0,0.0,0.0,0.0,0.7116,0.939,0.0,0.0,2459.71,3538.13,0.9,1.3,0.7116,0.939,0.094,0.095,2.0,1.7,0.019,0.012,0.00519,0.00217,0.0,0.0,0.0,11.1,1,1.768,7.0,0,296.87800000000004,546.6911764705882,0.0,0.0,0.0,0.0,0.0,0.0,0.0,0.0,0.0,0.0,2.161,0.765,0.0,0.0,0.71,0.0,0.0,0.0,0.0,0.0,1.0,1.0,Dashboard_Recall,Working_Memory,0.0,0,-0.4,0,0.0,0.0,0.2273999999999999,0.0,1078.42,0.4,0.2273999999999999,0.001,-0.3,-0.0069999999999999,-0.00302,0.0,11.1,249.81317647058813,0.0,0.0,0.0,0.0,0.0,-1.396,0.0,-0.71,0.0,0.0,0.1415076923076924,0.0,0.0,0.0,5.0,0.2,0.0,0.0,0.0,0.0,1.076,0.0,0.0,0.0,0.0,0.0,0.0,0.0,0.9276,0.0,2191.0,1.0,0.9276,0.093,0.0,0.0,0.0,0.0,1.231,0.0,0.0,0.0,0.0,10.0,2.0,995.88,0.007,0.004,0.0,0.0,1.0,1.265,7.0,1.0,0,5,0.0,0.0,0.0,0.0,0.0,0,0.0,0.0,0.0,0.0,0.0,0.43220000000000003,0.0,0.142,0.0,0.0,0.0,0.4258,0.5673076923076924,22.135817436000004,183.40089702,40.762387499999996,263.81004906000004
13_RT,5,Q3,Sign,FrostDam,7.0,40.0,0.0,4,4,0,0,11,0,1,0.0,0.0,0,0,5.0,0.2,0.0,0,0,0.0,0.0,0.0,0.0,0.0225,0.1314,0.0,0.0,2454.03,0.0,1.2,1.2,0.022,0.1314,0.092,0.074,1.4,0.0,0.029,0.022,0.00011,0.00198,0.0,0.0,0.0,4.7,1,2.15,7.0,0,194.778,0.0,0.565,1.701,0.41,0.0,0.0,0.0,0.0,0.0,0.0,0.0,0.0,0.0,0.0,0.0,0.0,0.0,0.0,0.0,0.0,0.0,1.0,1.0,External_Hazard,Not_Applicable,0.0,0,-0.2,0,0.0,0.0,0.1089,0.0,-2454.03,0.0,0.1094,-0.018,-1.4,-0.007,0.00187,0.0,4.7,-194.778,1.136,-0.41,0.0,0.0,0.0,0.0,0.0,0.0,0.0,0.0,-0.5961627906976745,0.0,0.0,0.0,5.0,0.0,0.0,0.0,0.22,0.0,0.0,0.0,0.0,0.0,0.0,0.0,0.0,0.0,0.9717,0.0,2423.26,1.4,0.9717,0.112,0.0,0.0,0.033,0.0,0.0,0.0,0.0,0.0,0.0,6.0,1.2,566.59,0.042,0.00337,0.0,0.0,1.0,1.768,7.0,0.0,0,5,0.0,0.0,0.0,0.0,0.0,0,0.11299999999999999,0.08199999999999999,0.0,0.0,0.0,0.0,0.0,0.0,0.0,0.0,0.0,0.805,0.2088372093023255,14.523037236,182.97738486000003,0.0,0.0
14_RT,5,Q1,Animal,Dog,7.0,28.0,2.0,4,2,0,0,31,0,1,0.0,0.0,0,0,5.0,0.0,0.0,0,0,0.0,0.0,0.0,0.0,1.0,0.9992,0.0,0.0,3221.82,3451.22,1.9,2.8,1.0,0.9992,0.143,0.222,1.8,1.99,0.154,0.069,0.0,0.0,0.6,0.0,7.1,0.0,1,1.004,7.0,0,283.688,368.187250996016,0.402,0.032,0.0,0.0,0.0,0.0,0.0,0.0,0.0,0.0,0.0,0.0,0.0,0.0,0.268,0.0,0.033,0.063,0.034,0.0,1.0,1.0,External_Hazard,Not_Applicable,0.0,0,0.0,0,0.0,0.0,-0.0008,0.0,229.39999999999964,0.8999999999999999,-0.0008,0.079,0.1899999999999999,-0.0849999999999999,0.0,-0.6,-7.1,84.49925099601597,-0.37,0.0,0.0,0.0,0.0,0.0,0.0,-0.268,0.03,-0.034,0.0527784860557768,0.0,0.0,0.0,0.0,0.0,0.0,0.0,0.0,0.0,0.0,0.0,0.0,0.0,0.0,0.0,0.0,0.0,0.0,0.0,0.0,0.0,0.0,0.0,0.0,0.0,0.0,0.0,0.0,0.0,0.0,0.0,0.0,0.0,0.0,0.0,0.0,0.0,0.0,0.0,0.0,0.0,0.0,0.0,0,5,0.0,0.0,0.0,0.0,0.0,0,0.0804,0.0,0.0,0.0,0.0,0.0,0.0,0.0536,0.0066,0.0068000000000000005,0.0,0.8526,0.9053784860557768,21.152344656,240.22534284000002,27.452777808764946,257.32986564
14_RT,5,Q2,Name,Name2,7.0,28.0,2.0,4,2,0,0,31,0,1,0.0,0.0,0,0,5.0,0.2,0.0,0,0,0.2,0.0,0.0,0.0,0.8035,1.0,0.0,0.0,3497.25,2255.76,2.7,2.5,0.8035,1.0,0.145,0.136,1.4,1.21,0.125,0.01,0.03056,0.0,0.2,0.0,0.0,0.0,1,1.654,7.0,0,347.254,98.45828295042324,0.036,0.0,0.0,0.0,0.0,0.0,0.0,0.0,0.0,0.0,0.0,0.0,0.0,0.0,0.0,0.0,0.0,0.0,0.0,0.0,1.0,1.0,Dashboard_Recall,Working_Memory,0.0,0,-0.2,0,-0.2,0.0,0.1965,0.0,-1241.4899999999998,-0.2000000000000001,0.1965,-0.0089999999999999,-0.1899999999999999,-0.115,-0.03056,-0.2,0.0,-248.7957170495768,-0.036,0.0,0.0,0.0,0.0,0.0,0.0,0.0,0.0,0.0,0.0071999999999998,0.0,0.0,0.0,5.0,0.2,0.0,0.0,0.0,0.0,0.0,0.0,0.0,0.0,0.0,0.0,0.2,0.0,0.7985,0.0,3214.7,2.8,0.7985,0.149,0.0,0.0,0.0,0.0,0.0,0.0,0.036,0.0,0.0,8.0,1.6,1771.91,0.152,0.02886,0.0,0.0,1.0,1.004,7.0,0.0,0,5,0.0,0.0,0.0,0.0,0.0,0,0.0072,0.0,0.0,0.0,0.0,0.0,0.0,0.0,0.0,0.0,0.0,0.9928,1.0,25.891952748,260.7619545,7.341246493349458,168.19397712000003
14_RT,5,Q3,Sign,FrostDam,7.0,28.0,2.0,4,2,0,0,31,0,1,0.0,0.0,0,0,5.0,0.4,0.0,0,0,0.2,0.0,0.0,0.0,0.1427,0.7092,0.0,0.0,3949.7,1819.71,3.5,2.9,0.1427,0.7092,0.156,0.184,1.4,0.76,0.185,0.006,0.01657,0.01234,0.2,0.0,4.8,0.0,1,1.311,7.0,0,245.37600000000003,45.67505720823799,0.506,0.0,0.0,0.0,0.0,0.0,0.0,0.0,0.0,0.0,0.0,0.0,0.0,0.0,0.0,0.0,0.0,0.0,0.058,0.006,1.0,1.0,External_Hazard,Not_Applicable,0.0,0,-0.4,0,-0.2,0.0,0.5665,0.0,-2129.99,-0.6000000000000001,0.5665,0.0279999999999999,-0.6399999999999999,-0.179,-0.00423,-0.2,-4.8,-199.70094279176203,-0.506,0.0,0.0,0.0,0.0,0.0,0.0,0.0,0.0,-0.052,0.1082233409610984,0.0,0.0,0.0,5.0,0.2,0.695,1.361,0.0,0.0,0.0,0.0,0.0,0.0,0.0,0.0,0.2,0.0,0.3108,0.0,2810.18,3.4,0.3108,0.181,0.258,0.302,0.0,0.0,0.0,0.0,0.0,0.0,0.0,7.0,1.4,799.31,0.253,0.09656,0.0,4.8,1.0,1.654,7.0,0.0,0,5,0.0,0.0,0.0,0.0,0.0,0,0.1012,0.0,0.0,0.0,0.0,0.0,0.0,0.0,0.0,0.011600000000000001,0.0,0.8872,0.9954233409610984,18.295725312000002,294.4975314,3.405623615560641,135.68121702000002
15_RT,5,Q1,Animal,Dog,7.0,4.0,0.0,3,4,0,0,50,0,1,0.0,0.0,0,0,5.0,0.2,0.0,0,0,0.2,0.0,0.0,0.0,0.7367,0.8557,0.0,0.0,2449.44,0.0,1.9,3.7,0.7367,0.8557,0.174,0.26,2.4,0.0,1.062,0.07,0.07414,0.00137,0.0,0.0,0.0,0.0,1,1.059,7.0,0,289.7,0.0,0.603,0.555,0.0,0.0,0.0,0.0,0.0,0.0,0.0,0.0,0.13,0.0,0.131,0.0,0.134,0.0,0.0,0.27,0.0,0.0,0.9738,1.0,External_Hazard,Not_Applicable,0.0,0,-0.2,0,-0.2,0.0,0.119,0.0,-2449.44,1.8000000000000005,0.119,0.086,-2.4,-0.992,-0.07277,0.0,0.0,-289.7,-0.0479999999999999,0.0,0.0,0.0,0.0,-0.13,-0.131,-0.134,0.27,0.0,-0.5794368271954675,0.0,0.0,0.0,0.0,0.0,0.0,0.0,0.0,0.0,0.0,0.0,0.0,0.0,0.0,0.0,0.0,0.0,0.0,0.0,0.0,0.0,0.0,0.0,0.0,0.0,0.0,0.0,0.0,0.0,0.0,0.0,0.0,0.0,0.0,0.0,0.0,0.0,0.0,0.0,0.0,0.0,0.0,0.0,0,5,0.0,0.0,0.0,0.0,0.0,0,0.1206,0.0,0.0,0.0,0.0,0.026000000000000002,0.0262,0.0268,0.0,0.0,0.0,0.8004,0.2209631728045324,21.600611400000002,182.63514528000002,0.0,0.0
15_RT,5,Q2,Name,Name2,7.0,4.0,0.0,3,4,0,0,50,0,1,0.0,0.0,0,0,5.0,0.4,0.238,0,0,0.2,0.238,0.0,0.0,0.9506,0.2686,0.0,0.0,2322.8,2614.8,4.1,4.3,0.9506,0.2686,0.214,0.299,2.0,2.14,0.038,0.082,0.00441,0.0433,0.0,0.476,0.0,0.0,1,4.203,7.0,0,214.088,273.5950511539377,0.0,0.33,0.268,0.118,0.039,0.0,0.0,0.0,0.0,0.0,0.0,0.0,0.0,0.195,0.0,0.0,0.44,0.102,0.0,0.0,1.0,0.953604568165596,Dashboard_Recall,Visual_Search,0.0,0,-0.162,0,0.0379999999999999,0.0,-0.6819999999999999,0.0,292.0,0.2000000000000001,-0.6819999999999999,0.0849999999999999,0.1400000000000001,0.044,0.03889,0.476,0.0,59.50705115393765,0.33,-0.15,-0.039,0.0,0.0,0.0,0.195,0.0,-0.338,0.0,-0.0278543421365691,0.0,0.0,0.0,5.0,0.6,0.6920000000000001,0.467,0.0,0.0,0.0,0.0,0.0,0.0,0.0,0.0,0.2,0.0,0.9614,0.0,2208.32,4.1,0.9614,0.208,0.11,0.202,0.0,0.0,0.0,0.0,0.0,0.0,0.039,11.0,2.2,1095.33,0.05,0.0019,0.0,0.0,1.0,1.059,7.0,0.0,0,5,0.0,0.0,0.0,0.0,0.0,0,0.0,0.0536,0.0078,0.0,0.0,0.0,0.0,0.0,0.088,0.0,0.0,0.8506,0.8227456578634309,15.962829456,173.19261360000002,20.3997942041399,194.96471760000003
15_RT,5,Q2,Sign,FrostDam,5.0,4.0,0.0,3,4,0,0,50,0,1,0.0,0.0,0,0,5.0,0.4,0.238,0,0,0.2,0.238,0.0,0.0,0.9506,0.2686,0.0,0.0,2322.8,2614.8,4.1,4.3,0.9506,0.2686,0.214,0.299,2.0,2.14,0.038,0.082,0.00441,0.0433,0.0,0.476,0.0,0.0,1,4.203,5.0,0,214.088,273.5950511539377,0.44,0.102,0.268,0.118,0.039,0.0,0.0,0.0,0.0,0.33,0.0,0.0,0.0,0.195,0.0,0.0,0.0,0.0,0.0,0.0,1.0,0.875089221984297,External_Hazard,Not_Applicable,0.0,0,-0.162,0,0.0379999999999999,0.0,-0.6819999999999999,0.0,292.0,0.2000000000000001,-0.6819999999999999,0.0849999999999999,0.1400000000000001,0.044,0.03889,0.476,0.0,59.50705115393765,-0.338,-0.15,-0.039,0.0,0.33,0.0,0.195,0.0,0.0,0.0,-0.0278543421365691,0.0,0.0,0.0,5.0,0.2,0.74,0.74,0.0,0.0,0.0,0.0,0.0,0.0,0.0,0.0,0.2,0.0,0.7191,0.0,2376.2,3.5,0.7191,0.229,0.177,0.16,0.0,0.0,0.032,0.0,0.0,0.0,0.0,15.0,3.0,1303.19,0.421,0.05872,0.4,20.1,1.0,4.203,7.0,0.0,0,5,0.0,0.0,0.0,0.0,0.0,0,0.088,0.0536,0.0078,0.0,0.0,0.0,0.0,0.0,0.0,0.0,0.0,0.8506,0.8227456578634309,15.962829456,173.19261360000002,20.3997942041399,194.96471760000003
16_RT,5,Q1,Animal,Dog,7.0,8.0,20.0,2,1,2,0,7,1,0,0.0,0.0,0,0,5.0,0.2,0.477,0,0,0.2,0.477,0.0,0.0,0.7048,0.7817,0.0,0.0,3160.68,1462.88,2.1,1.9,0.7035,0.7817,0.22,0.118,2.4,0.48,0.925,0.175,0.1506,0.00871,0.2,0.477,0.0,0.0,1,2.095,7.0,0,402.27,30.16706443914081,0.564,1.947,0.0,0.0,0.166,0.0,0.0,0.0,0.0,0.0,0.0,0.0,0.0,0.0,0.243,0.0,0.0,0.107,0.34,0.0,1.0,1.0,External_Hazard,Not_Applicable,0.0,0,0.2769999999999999,0,0.2769999999999999,0.0,0.0768999999999999,0.0,-1697.7999999999995,-0.2000000000000001,0.0781999999999999,-0.102,-1.92,-0.75,-0.14189,0.2769999999999999,0.0,-372.1029355608592,1.383,0.0,-0.166,0.0,0.0,0.0,0.0,-0.243,0.107,-0.34,-0.7178295942720765,0.0,0.0,0.0,0.0,0.0,0.0,0.0,0.0,0.0,0.0,0.0,0.0,0.0,0.0,0.0,0.0,0.0,0.0,0.0,0.0,0.0,0.0,0.0,0.0,0.0,0.0,0.0,0.0,0.0,0.0,0.0,0.0,0.0,0.0,0.0,0.0,0.0,0.0,0.0,0.0,0.0,0.0,0.0,0,5,0.0,0.0,0.0,0.0,0.0,0,0.11279999999999998,0.0,0.0332,0.0,0.0,0.0,0.0,0.0486,0.0,0.068,0.0,0.7374,0.0195704057279235,29.99405574,235.66662216,2.249316658711217,109.07525856000001
16_RT,5,Q2,Name,Name2,7.0,8.0,20.0,2,1,2,0,7,1,0,0.0,0.0,0,0,5.0,0.4,0.0,0,0,0.0,0.0,0.0,0.0,0.9784,0.9868,0.0,0.0,2477.72,3280.52,3.1,2.9,0.9784,0.9868,0.218,0.155,2.4,3.33,0.412,0.002,0.00089,8e-05,0.2,0.0,0.0,0.0,1,1.501,7.0,0,300.656,874.536975349767,0.0,0.0,0.063,0.0,0.0,0.0,0.0,0.0,0.0,0.0,0.0,0.0,0.0,0.0,0.0,0.0,0.189,0.0,0.0,0.0,1.0,1.0,Dashboard_Recall,Working_Memory,0.0,0,-0.4,0,0.0,0.0,0.0083999999999999,0.0,802.8000000000002,-0.2000000000000001,0.0083999999999999,-0.063,0.9300000000000002,-0.41,-0.00081,-0.2,0.0,573.8809753497669,0.0,-0.063,0.0,0.0,0.0,0.0,0.0,0.0,-0.189,0.0,0.0504,0.0,0.0,0.0,5.0,0.4,0.0,0.202,0.0,0.0,0.0,0.0,0.0,0.0,0.0,0.0,0.0,0.0,0.9848,0.0,2499.41,3.1,0.9848,0.212,0.037,0.082,0.0,0.0,0.0,0.0,0.0,0.0,0.0,12.0,2.4,1490.23,0.325,0.00028,0.2,0.0,1.0,2.095,7.0,0.0,0,5,0.0,0.0,0.0,0.0,0.0,0,0.0,0.0126,0.0,0.0,0.0,0.0,0.0,0.0,0.0378,0.0,0.0,0.9496,1.0,22.417512672,184.74375863999998,65.20722595602933,244.60213224
16_RT,5,Q3,Sign,FrostDam,7.0,8.0,20.0,2,1,2,0,7,1,0,0.0,0.0,0,0,5.0,0.2,0.0,0,0,0.2,0.0,0.0,0.0,0.3828,0.1883,0.0,0.0,3518.69,0.0,3.5,3.1,0.3828,0.1883,0.186,0.127,2.2,0.0,0.371,0.028,0.12342,0.0033,0.4,0.0,0.0,0.0,1,1.442,7.0,0,515.392,0.0,0.0,0.274,0.971,1.038,0.0,0.0,0.0,0.0,0.0,0.0,0.0,0.0,0.065,0.0,0.0,0.0,0.0,0.0,0.0,0.0,0.987,1.0,External_Hazard,Not_Applicable,0.0,0,-0.2,0,-0.2,0.0,-0.1944999999999999,0.0,-3518.69,-0.3999999999999999,-0.1944999999999999,-0.059,-2.2,-0.3429999999999999,-0.12012,-0.4,0.0,-515.392,0.274,0.067,0.0,0.0,0.0,0.0,-0.065,0.0,0.0,0.0,-0.7026474341192788,0.0,0.0,0.0,5.0,0.2,2.376,1.412,0.0,0.0,0.0,0.0,0.0,0.0,0.0,0.0,0.2,0.0,0.2462,0.0,3127.74,3.5,0.2462,0.179,1.763,0.0,0.0,0.0,0.0,0.065,0.0,0.0,0.0,9.0,1.8,1487.76,0.325,0.06486,0.4,0.0,1.0,1.501,7.0,0.0,0,5,0.0,0.0,0.0,0.0,0.0,0,0.0,0.19419999999999998,0.0,0.0,0.0,0.0,0.013000000000000001,0.0,0.0,0.0,0.0,0.7928,0.0901525658807211,38.428658304,262.36056378,0.0,0.0
17_RT,5,Q1,Animal,Dog,7.0,29.0,0.0,4,5,0,0,38,1,0,0.0,0.0,0,0,5.0,0.4,0.0,0,0,0.2,0.0,0.0,0.0,0.8584,1.0,0.0,0.0,3131.22,2430.23,1.6,2.0,0.8584,1.0,0.122,0.123,2.2,3.07,0.05,0.001,0.02674,0.0,0.0,0.0,0.0,0.0,1,1.303,7.0,0,334.576,356.98388334612434,1.033,0.476,0.0,0.0,0.035,0.0,0.0,0.0,0.0,0.0,0.576,0.274,0.006,0.0,0.034,0.0,0.414,0.0,0.036,0.0,0.9988,1.0,External_Hazard,Not_Applicable,0.0,0,-0.4,0,-0.2,0.0,0.1415999999999999,0.0,-700.9899999999998,0.3999999999999999,0.1415999999999999,0.001,0.8699999999999997,-0.049,-0.02674,0.0,0.0,22.40788334612432,-0.5569999999999999,0.0,-0.035,0.0,0.0,-0.3019999999999999,-0.006,-0.034,-0.414,-0.036,-0.1487947812739832,0.0,0.0,0.0,0.0,0.0,0.0,0.0,0.0,0.0,0.0,0.0,0.0,0.0,0.0,0.0,0.0,0.0,0.0,0.0,0.0,0.0,0.0,0.0,0.0,0.0,0.0,0.0,0.0,0.0,0.0,0.0,0.0,0.0,0.0,0.0,0.0,0.0,0.0,0.0,0.0,0.0,0.0,0.0,0,5,0.0,0.0,0.0,0.0,0.0,0,0.20659999999999998,0.0,0.007000000000000001,0.0,0.0,0.1152,0.0012000000000000001,0.0068000000000000005,0.0828,0.0072,0.0,0.5732,0.4244052187260168,24.946655712000002,233.47002564,26.617432310053726,181.20280926
17_RT,5,Q2,Name,Name2,7.0,29.0,0.0,4,5,0,0,38,1,0,0.0,0.0,0,0,5.0,0.0,0.0,0,0,0.0,0.0,0.0,0.0,0.5626,0.1051,0.0,0.0,2567.67,2340.72,2.1,2.4,0.5626,0.1051,0.138,0.127,2.2,1.87,0.082,0.002,0.11452,0.0,0.0,0.0,0.0,0.0,1,1.067,7.0,0,121.926,82.970946579194,0.0,0.0,0.0,0.0,0.069,0.0,0.0,0.0,0.0,0.0,0.336,0.077,0.0,0.0,0.072,0.031,0.0,0.0,0.0,0.0,1.0,1.0,Dashboard_Recall,Working_Memory,0.0,0,0.0,0,0.0,0.0,-0.4575,0.0,-226.95000000000027,0.2999999999999998,-0.4575,-0.011,-0.33,-0.08,-0.11452,0.0,0.0,-38.955053420806,0.0,0.0,-0.069,0.0,0.0,-0.259,0.0,-0.0409999999999999,0.0,0.0,-0.0058183692596063,0.0,0.0,0.0,5.0,0.2,0.0,0.0,0.328,0.0,0.564,0.0,0.0,0.24,0.0,0.0,0.2,0.0,0.7569,0.0,3060.67,1.8,0.7569,0.122,0.0,0.0,0.511,0.0,0.533,0.0,0.0,0.263,0.035,11.0,2.2,1313.59,0.026,0.0261,0.0,0.0,1.0,1.303,7.0,0.0,0,5,0.0,0.0,0.0,0.0,0.0,0,0.0,0.0,0.013800000000000002,0.0,0.0,0.06720000000000001,0.0,0.0144,0.0,0.0,0.0,0.9046,0.8987816307403936,9.091046412,191.45061054,6.186479718837864,174.52876464
17_RT,5,Q3,Sign,FrostDam,7.0,29.0,0.0,4,5,0,0,38,1,0,0.0,0.0,0,0,5.0,0.2,0.937,0,0,0.2,0.0,0.0,0.0,0.6085,0.5605,0.0,0.0,3207.65,2341.83,2.3,2.3,0.6085,0.5605,0.135,0.137,1.6,2.81,0.005,0.001,0.13221,0.00024,0.0,0.0,0.0,0.0,1,1.067,7.0,0,457.674,315.4076850984068,1.201,0.0,0.0,0.107,0.0,0.0,0.0,0.0,0.0,0.0,0.0,0.0,0.062,0.0,0.0,0.0,0.0,0.0,0.0,0.0,0.9876,1.0,External_Hazard,Not_Applicable,0.0,0,0.7370000000000001,0,-0.2,0.0,-0.048,0.0,-865.8200000000002,0.0,-0.048,0.002,1.21,-0.004,-0.13197,0.0,0.0,-142.2663149015932,-1.201,0.107,0.0,0.0,0.0,0.0,-0.062,0.0,0.0,0.0,0.1523188378631677,0.0,0.0,0.0,5.0,0.2,0.98,1.796,0.0,0.0,0.0,0.0,0.0,0.0,0.0,0.0,0.0,0.0,0.1737,0.0,3326.42,2.3,0.1737,0.132,0.0,0.975,0.032,0.0,0.0,0.008,0.0,0.0,0.0,8.0,1.6,2122.15,0.002,0.02964,0.0,0.0,1.0,1.067,7.0,0.0,0,5,0.0,0.0,0.0,0.0,0.0,0,0.24020000000000002,0.0,0.0,0.0,0.0,0.0,0.0124,0.0,0.0,0.0,0.0,0.7474000000000001,0.8997188378631678,34.125088788,239.16879930000002,23.517427816307407,174.61152846
18_RT,5,Q1,Animal,Dog,4.0,2.0,5.0,1,1,0,0,46,0,1,0.0,0.0,0,0,5.0,0.2,0.0,0,0,0.0,0.0,0.0,0.0,0.9909,1.0,0.0,0.0,3332.81,0.0,1.8,1.0,0.9909,1.0,0.117,0.109,1.2,0.0,0.041,0.009,0.00088,0.0,0.0,0.0,7.0,0.0,1,1.54,4.0,1,335.87600000000003,0.0,1.522,1.54,0.0,0.0,0.0,0.0,0.0,0.0,0.0,0.0,0.0,0.0,0.094,0.0,0.0,0.0,0.0,0.0,0.0,0.0,0.9812,1.0,External_Hazard,Not_Applicable,0.0,0,-0.2,0,0.0,0.0,0.0090999999999999,0.0,-3332.81,-0.8,0.0090999999999999,-0.008,-1.2,-0.032,-0.00088,0.0,-7.0,-335.87600000000003,0.018,0.0,0.0,0.0,0.0,0.0,-0.094,0.0,0.0,0.0,-0.6768,0.0,0.0,0.0,0.0,0.0,0.0,0.0,0.0,0.0,0.0,0.0,0.0,0.0,0.0,0.0,0.0,0.0,0.0,0.0,0.0,0.0,0.0,0.0,0.0,0.0,0.0,0.0,0.0,0.0,0.0,0.0,0.0,0.0,0.0,0.0,0.0,0.0,0.0,0.0,0.0,0.0,0.0,0.0,0,5,0.0,0.0,0.0,0.0,0.0,0,0.3044,0.0,0.0,0.0,0.0,0.0,0.0188,0.0,0.0,0.0,0.0,0.6768,0.0,25.043586312000002,248.50097922,0.0,0.0
18_RT,5,Q2,Name,Name2,5.0,2.0,5.0,1,1,0,0,46,0,1,0.0,0.0,0,0,5.0,0.4,0.0,0,0,0.2,0.0,0.0,0.0,0.848,1.0,0.0,0.0,2271.85,2662.97,1.7,1.8,0.848,1.0,0.122,0.12,1.4,2.88,0.005,0.001,0.06951,0.0,0.0,0.0,0.0,0.0,1,2.083,5.0,0,206.05,818.036485837734,0.0,0.373,0.0,0.414,0.0,0.0,0.0,0.0,0.0,0.0,0.0,0.0,0.064,0.269,0.0,0.0,0.0,0.0,0.0,0.0,0.9872,0.870859337493999,Dashboard_Recall,Visual_Search,0.0,0,-0.4,0,-0.2,0.0,0.152,0.0,391.1199999999999,0.1,0.152,-0.002,1.48,-0.004,-0.06951,0.0,0.0,611.9864858377339,0.373,0.414,0.0,0.0,0.0,0.0,0.205,0.0,0.0,0.0,-0.4941611137782044,0.0,0.0,0.0,5.0,0.0,0.0,0.117,0.0,0.0,0.0,0.248,0.0,0.0,0.0,0.0,0.0,0.0,1.0,0.0,2702.4,1.6,1.0,0.124,0.179,0.0,0.0,0.0,0.0,0.285,0.0,0.0,0.0,11.0,2.2,2028.83,0.039,0.0,0.0,0.0,1.0,1.54,4.0,1.0,0,5,0.0,0.0,0.0,0.0,0.0,0,0.0,0.0,0.0,0.0,0.0,0.0,0.0128,0.0,0.0,0.0,0.0,0.9872,0.4930388862217955,15.363500100000001,169.3936797,60.994436457033125,198.55636914
18_RT,5,Q3,Sign,FrostDam,7.0,2.0,5.0,1,1,0,0,46,0,1,0.0,0.0,0,0,5.0,0.6,0.0,0,0,0.0,0.0,0.0,0.0,0.0773,0.1095,0.0,0.0,2620.5,2534.1,1.9,2.4,0.0773,0.1095,0.12,0.151,1.0,1.04,0.066,0.006,0.00051,1e-05,0.0,0.0,0.0,0.0,1,0.962,7.0,0,198.854,103.33679833679834,0.41,0.454,0.064,0.0,0.0,0.0,0.0,0.0,0.0,0.0,0.0,0.0,0.767,0.0,0.0,0.0,0.0,0.0,0.0,0.0,0.8466,1.0,External_Hazard,Not_Applicable,0.0,0,-0.6,0,0.0,0.0,0.0322,0.0,-86.40000000000009,0.5,0.0322,0.031,0.04,-0.06,-0.0005,0.0,0.0,-95.51720166320165,0.044,-0.064,0.0,0.0,0.0,0.0,-0.767,0.0,0.0,0.0,-0.2237334719334719,0.0,0.0,0.0,5.0,0.6,0.418,1.61,0.0,0.256,0.0,0.688,0.0,0.0,0.0,0.0,0.4,0.0,0.2,0.0,2288.45,2.0,0.1761,0.118,0.096,0.31,0.0,0.159,0.0,0.767,0.0,0.0,0.0,14.0,2.8,1781.76,0.047,0.07764,0.0,0.0,1.0,2.083,5.0,0.0,0,5,0.0,0.0,0.0,0.0,0.0,0,0.08199999999999999,0.0128,0.0,0.0,0.0,0.0,0.1534,0.0,0.0,0.0,0.0,0.7518,0.5280665280665281,14.826951948000001,195.389721,7.704998357588358,188.9475642
19_RT,5,Q1,Animal,Dog,7.0,25.0,0.0,4,4,0,0,10,1,0,0.0,0.0,0,0,5.0,0.4,0.0,0,0,0.2,0.0,0.0,0.0,0.6648,0.808,0.0,0.0,1738.42,1867.92,1.1,1.0,0.6648,0.808,0.092,0.097,0.8,1.59,0.117,0.001,0.12869,0.00464,0.0,0.0,0.0,0.0,1,1.255,7.0,1,37.65,141.52191235059763,1.168,0.822,0.0,0.0,0.0,0.0,0.0,0.0,0.0,0.0,0.0,0.0,0.0,0.0,0.0,0.0,2.248,0.0,0.0,0.0,1.0,1.0,External_Hazard,Not_Applicable,0.0,0,-0.4,0,-0.2,0.0,0.1432000000000001,0.0,129.5,-0.1,0.1432000000000001,0.005,0.79,-0.116,-0.12405,0.0,0.0,103.87191235059764,-0.346,0.0,0.0,0.0,0.0,0.0,0.0,0.0,-2.248,0.0,0.0282199203187251,0.0,0.0,0.0,0.0,0.0,0.0,0.0,0.0,0.0,0.0,0.0,0.0,0.0,0.0,0.0,0.0,0.0,0.0,0.0,0.0,0.0,0.0,0.0,0.0,0.0,0.0,0.0,0.0,0.0,0.0,0.0,0.0,0.0,0.0,0.0,0.0,0.0,0.0,0.0,0.0,0.0,0.0,0.0,0,5,0.0,0.0,0.0,0.0,0.0,0,0.23359999999999997,0.0,0.0,0.0,0.0,0.0,0.0,0.0,0.44960000000000006,0.0,0.0,0.3167999999999999,0.3450199203187251,2.8072593,129.62007204000003,10.552156828685261,139.27585104000002
19_RT,5,Q2,Name,Name2,7.0,25.0,0.0,4,4,0,0,10,1,0,0.0,0.0,0,0,5.0,0.0,0.0,0,0,0.0,0.0,0.0,0.0,1.0,1.0,0.0,0.0,3001.59,3133.1,1.0,1.3,1.0,1.0,0.097,0.084,2.6,1.52,0.045,0.012,0.0,0.0,0.0,0.0,10.4,0.0,1,1.978,7.0,0,553.2760000000001,192.45702730030337,0.0,0.0,0.0,0.0,0.168,0.0,0.0,0.0,0.0,0.0,0.0,0.0,0.727,0.0,0.066,0.0,0.0,0.0,0.037,0.0,0.8546,1.0,Dashboard_Recall,Working_Memory,0.0,0,0.0,0,0.0,0.0,0.0,0.0,131.50999999999976,0.3,0.0,-0.0129999999999999,-1.08,-0.033,0.0,0.0,-10.4,-360.8189726996967,0.0,0.0,-0.168,0.0,0.0,0.0,-0.727,-0.066,0.0,-0.037,0.1996,0.0,0.0,0.0,5.0,0.0,0.438,0.0,0.2,0.0,0.0,0.248,0.0,0.0,0.0,0.0,0.0,0.0,1.0,0.0,3190.5,1.0,1.0,0.099,0.554,0.0,0.227,0.0,0.0,0.032,0.0,0.0,0.0,12.0,2.4,2637.66,0.023,0.0,0.0,0.0,1.0,1.255,7.0,1.0,0,5,0.0,0.0,0.0,0.0,0.0,0,0.0,0.0,0.033600000000000005,0.0,0.0,0.0,0.1454,0.0132,0.0,0.0073999999999999995,0.0,0.8004,1.0,41.253365112000004,223.80455358000003,14.34998086956522,233.6102022
19_RT,5,Q3,Sign,FrostDam,7.0,25.0,0.0,4,4,0,0,10,1,0,0.0,0.0,0,0,5.0,0.4,0.0,0,0,0.0,0.0,0.0,0.0,0.0762,0.0834,0.0,0.0,2686.57,1974.66,1.9,2.6,0.068,0.0834,0.11,0.16,1.4,1.73,0.248,0.025,0.00243,0.0,0.0,0.0,0.0,0.0,1,1.157,7.0,0,146.878,142.7398444252377,2.092,0.482,0.089,0.0,0.0,0.0,0.0,0.0,0.0,0.0,0.0,0.0,0.0,0.0,0.0,0.0,0.0,0.0,0.0,0.0,1.0,1.0,External_Hazard,Not_Applicable,0.0,0,-0.4,0,0.0,0.0,0.0071999999999999,0.0,-711.9100000000001,0.7000000000000002,0.0153999999999999,0.05,0.33,-0.223,-0.00243,0.0,0.0,-4.138155574762294,-1.61,-0.089,0.0,0.0,0.0,0.0,0.0,0.0,0.0,0.0,0.0196053586862575,0.0,0.0,0.0,5.0,0.6,0.0,0.748,0.336,0.0,0.0,0.0,0.0,0.0,0.0,0.0,0.2,0.0,0.2566,0.0,2765.45,1.9,0.2491,0.122,0.089,0.0,0.074,0.0,0.0,0.0,0.0,0.0,0.0,10.0,2.0,1118.17,0.426,0.0886,0.4,0.0,1.0,1.978,7.0,0.0,0,5,0.0,0.0,0.0,0.0,0.0,0,0.4184,0.0178,0.0,0.0,0.0,0.0,0.0,0.0,0.0,0.0,0.0,0.5638,0.5834053586862575,10.951517436,200.31603234000002,10.642968280034573,147.23459892000002
20_RT,5,Q1,Animal,Dog,7.0,2.0,15.0,1,2,6,0,20,0,1,0.0,0.0,0,0,5.0,0.0,0.848,0,0,0.0,0.0,0.0,0.0,0.9723,0.4559,0.0,0.0,2487.41,0.0,1.9,1.4,0.9723,0.4559,0.133,0.097,1.4,0.0,0.026,0.005,0.00287,0.00017,0.0,0.0,0.0,0.0,1,1.179,7.0,0,152.426,0.0,1.269,0.676,0.0,0.0,0.025,0.0,0.0,0.0,0.0,0.0,0.0,0.0,0.0,0.0,0.517,0.0,0.563,0.2,0.0,0.0,1.0,1.0,External_Hazard,Not_Applicable,0.0,0,0.848,0,0.0,0.0,-0.5164,0.0,-2487.41,-0.5,-0.5164,-0.036,-1.4,-0.0209999999999999,-0.0027,0.0,0.0,-152.426,-0.5929999999999999,0.0,-0.025,0.0,0.0,0.0,0.0,-0.517,-0.3629999999999999,0.0,-0.2682025445292622,0.0,0.0,0.0,0.0,0.0,0.0,0.0,0.0,0.0,0.0,0.0,0.0,0.0,0.0,0.0,0.0,0.0,0.0,0.0,0.0,0.0,0.0,0.0,0.0,0.0,0.0,0.0,0.0,0.0,0.0,0.0,0.0,0.0,0.0,0.0,0.0,0.0,0.0,0.0,0.0,0.0,0.0,0.0,0,5,0.0,0.0,0.0,0.0,0.0,0,0.25379999999999997,0.0,0.005,0.0,0.0,0.0,0.0,0.1034,0.11259999999999999,0.0,0.0,0.5252,0.2569974554707378,11.365187412,185.46626442,0.0,0.0
20_RT,5,Q2,Name,Name2,6.0,2.0,15.0,1,2,6,0,20,0,1,0.0,0.0,0,0,5.0,0.6,0.0,0,0,0.0,0.0,0.0,0.0,0.7798,0.6338,0.0,0.0,2750.84,3556.46,2.0,2.3,0.7798,0.6338,0.135,0.135,2.6,1.98,0.04,0.001,0.01201,0.00025,0.0,0.0,0.0,0.0,1,1.513,6.0,0,435.04,594.9438202247192,0.0,0.432,0.634,0.596,0.0,0.0,0.0,0.0,0.0,0.0,0.0,0.0,1.071,0.036,0.407,0.0,0.0,0.103,0.0,0.0,0.7858,0.9762062128222075,Dashboard_Recall,Visual_Search,0.0,0,-0.6,0,0.0,0.0,-0.146,0.0,805.6199999999999,0.2999999999999998,-0.146,0.0,-0.6200000000000001,-0.039,-0.01176,0.0,0.0,159.9038202247192,0.432,-0.038,0.0,0.0,0.0,0.0,-1.035,-0.407,0.103,0.0,-0.3489152676801058,0.0,0.0,0.0,5.0,0.2,0.81,0.0,0.322,0.0,0.0,0.772,0.0,0.0,0.0,0.0,0.2,0.0,0.9812,0.0,3066.88,1.7,0.9812,0.133,0.828,0.0,0.543,0.0,0.0,0.834,0.0,0.0,0.0,13.0,2.6,2723.08,0.048,0.00283,0.0,0.0,1.0,1.179,7.0,0.0,0,5,0.0,0.0,0.0,0.0,0.0,0,0.0,0.1268,0.0,0.0,0.0,0.0,0.2142,0.0814,0.0,0.0,0.0,0.5776,0.2286847323198941,32.437452480000005,205.10813208000002,44.36020112359551,265.17677052
20_RT,5,Q3,Sign,FrostDam,7.0,2.0,15.0,1,2,6,0,20,0,1,0.0,0.0,0,0,5.0,0.4,0.0,0,0,0.2,0.0,0.0,0.0,0.1432,0.0297,0.0,0.0,3442.12,1476.21,2.4,2.6,0.1432,-0.0297,0.137,0.141,1.0,0.74,0.002,0.004,0.02599,7e-05,0.0,0.0,0.0,0.0,1,1.347,7.0,0,226.494,29.710467706013365,0.956,0.992,1.119,0.265,0.0,0.0,0.0,0.0,0.432,0.0,0.0,0.0,0.036,0.0,0.0,0.0,0.0,0.0,0.0,0.0,0.9064,1.0,External_Hazard,Not_Applicable,0.0,0,-0.4,0,-0.2,0.0,-0.1134999999999999,0.0,-1965.91,0.2000000000000001,-0.1729,0.0039999999999999,-0.26,0.002,-0.02592,0.0,0.0,-196.78353229398664,0.036,-0.854,0.0,0.0,-0.432,0.0,-0.036,0.0,0.0,0.0,-0.424584855233853,0.0,0.0,0.0,5.0,0.4,3.836,3.836,0.0,0.0,0.0,0.0,0.0,0.0,0.0,0.0,0.2,0.0,0.077,0.0,3003.66,2.4,0.0675,0.138,1.271,1.316,0.0,0.0,0.0,0.0,0.0,0.0,0.0,3.0,0.6,337.72,0.006,0.00593,0.0,0.0,1.0,1.513,6.0,0.0,0,5,0.0,0.0,0.0,0.0,0.0,0,0.19119999999999998,0.2238,0.0,0.0,0.0864,0.0,0.0072,0.0,0.0,0.0,0.0,0.4913999999999999,0.0668151447661468,16.887845628,256.65135144,2.2152718930957684,110.06917002
21_RT,5,Q1,Animal,Dog,2.0,35.0,0.0,5,3,0,0,100,1,0,0.0,0.0,0,0,5.0,0.2,0.0,0,0,0.2,0.0,0.0,0.0,0.9744,1.0,0.0,0.0,2830.45,1919.75,1.8,2.0,0.9744,1.0,0.13,0.138,2.6,2.08,0.01,0.003,0.00401,0.0,0.0,0.0,0.0,0.0,0,2.406,2.0,1,582.982,251.60016625103907,0.757,0.107,0.0,0.0,0.0,0.0,0.0,0.0,0.0,0.0,0.0,0.033,0.231,0.0,0.0,0.0,0.0,0.0,0.0,0.0,0.9538,1.0,External_Hazard,Not_Applicable,0.0,0,-0.2,0,-0.2,0.0,0.0255999999999999,0.0,-910.6999999999998,0.1999999999999999,0.0255999999999999,0.008,-0.52,-0.007,-0.00401,0.0,0.0,-331.3818337489609,-0.65,0.0,0.0,0.0,0.0,0.033,-0.231,0.0,0.0,0.0,0.1394121363258519,0.0,0.0,0.0,0.0,0.0,0.0,0.0,0.0,0.0,0.0,0.0,0.0,0.0,0.0,0.0,0.0,0.0,0.0,0.0,0.0,0.0,0.0,0.0,0.0,0.0,0.0,0.0,0.0,0.0,0.0,0.0,0.0,0.0,0.0,0.0,0.0,0.0,0.0,0.0,0.0,0.0,0.0,0.0,0,5,0.0,0.0,0.0,0.0,0.0,0,0.1514,0.0,0.0,0.0,0.0,0.0,0.046200000000000005,0.0,0.0,0.0,0.0,0.8024000000000001,0.941812136325852,43.468303884,211.04401289999998,18.759811596009975,143.1403995
21_RT,5,Q2,Name,Name2,1.0,35.0,0.0,5,3,0,0,100,1,0,0.0,0.0,0,0,5.0,0.0,0.326,0,1,0.0,0.326,0.0,0.0,1.0,0.5251,0.0,0.0,2189.87,1710.23,2.7,3.0,1.0,0.5251,0.163,0.171,1.8,1.3,0.068,0.039,0.0,0.06105,0.0,0.0,0.0,0.0,0,3.072,1.0,1,204.894,72.05078125,0.0,0.0,0.0,0.0,0.0,0.0,0.0,0.0,0.0,0.0,0.0,0.0,0.0,0.0,0.0,0.0,0.0,0.0,0.0,0.0,1.0,1.0,Dashboard_Recall,Working_Memory,0.0,0,0.326,1,0.326,0.0,-0.4749,0.0,-479.6399999999999,0.2999999999999998,-0.4749,0.008,-0.5,-0.029,0.06105,0.0,0.0,-132.84321875,0.0,0.0,0.0,0.0,0.0,0.0,0.0,0.0,0.0,0.0,0.0,0.0,0.0,0.0,5.0,0.0,0.0,0.0,0.0,0.0,0.0,0.0,0.0,0.0,0.0,0.0,0.0,0.0,1.0,0.0,2141.64,2.7,1.0,0.164,0.0,0.0,0.0,0.0,0.0,0.0,0.0,0.0,0.0,10.0,2.0,1082.62,0.051,0.0,0.0,0.0,0.0,2.406,2.0,1.0,0,5,0.0,0.0,0.0,0.0,0.0,0,0.0,0.0,0.0,0.0,0.0,0.0,0.0,0.0,0.0,0.0,0.0,1.0,1.0,15.277306428000001,163.28108694,5.3722503515625,127.51816926000001
21_RT,5,Q3,Sign,FrostDam,1.0,35.0,0.0,5,3,0,0,100,1,0,0.0,0.0,0,0,5.0,0.6,0.0,0,0,0.6,0.0,0.0,0.0,0.2745,0.5528,0.0,0.0,2025.69,0.0,3.2,3.4,0.2706,0.5528,0.168,0.19,1.2,0.0,0.039,0.009,0.03492,0.00768,0.0,0.0,0.0,0.0,0,1.323,1.0,1,141.20999999999998,0.0,0.115,0.0,0.0,0.0,0.0,0.0,0.0,0.0,0.0,0.0,0.0,0.0,0.0,0.0,0.0,0.0,0.0,0.0,0.0,0.0,1.0,1.0,External_Hazard,Not_Applicable,0.0,0,-0.6,0,-0.6,0.0,0.2782999999999999,0.0,-2025.69,0.1999999999999997,0.2821999999999999,0.0219999999999999,-1.2,-0.03,-0.02724,0.0,0.0,-141.20999999999998,-0.115,0.0,0.0,0.0,0.0,0.0,0.0,0.0,0.0,0.0,0.023,0.0,0.0,0.0,5.0,0.2,0.0,0.0,0.0,0.0,0.0,0.0,0.0,0.0,0.0,0.0,0.2,0.0,0.4329,0.0,2201.04,3.4,0.4238,0.175,0.0,0.115,0.0,0.0,0.0,0.0,0.0,0.0,0.0,5.0,1.0,707.58,0.013,0.11845,0.0,0.0,0.0,3.072,1.0,1.0,1,5,0.0,0.0,0.0,0.0,0.0,0,0.023,0.0,0.0,0.0,0.0,0.0,0.0,0.0,0.0,0.0,0.0,0.977,1.0,10.528900019999998,151.03949778,0.0,0.0
22_RT,5,Q1,Animal,Dog,6.0,11.0,0.0,2,4,3,0,43,1,0,0.0,0.0,0,0,5.0,0.2,0.0,0,0,0.2,0.0,0.0,0.0,0.86,0.7837,0.0,0.0,3510.38,2800.36,2.0,1.8,0.86,0.7837,0.164,0.09,2.2,1.13,0.425,0.141,0.04026,0.00094,0.0,0.0,0.0,0.0,0,2.663,6.0,1,307.568,131.1002628614345,0.0,1.066,0.0,0.0,0.033,0.0,0.0,0.0,0.0,0.0,0.0,0.0,0.0,0.0,1.033,0.133,0.327,0.137,0.0,0.0,1.0,1.0,External_Hazard,Not_Applicable,0.0,0,-0.2,0,-0.2,0.0,-0.0763,0.0,-710.02,-0.1999999999999999,-0.0763,-0.074,-1.0700000000000005,-0.284,-0.0393199999999999,0.0,0.0,-176.4677371385655,1.066,0.0,-0.033,0.0,0.0,0.0,0.0,-0.8999999999999999,-0.19,0.0,-0.2230898235073226,0.0,0.0,0.0,0.0,0.0,0.0,0.0,0.0,0.0,0.0,0.0,0.0,0.0,0.0,0.0,0.0,0.0,0.0,0.0,0.0,0.0,0.0,0.0,0.0,0.0,0.0,0.0,0.0,0.0,0.0,0.0,0.0,0.0,0.0,0.0,0.0,0.0,0.0,0.0,0.0,0.0,0.0,0.0,0,5,0.0,0.0,0.0,0.0,0.0,0,0.0,0.0,0.0066,0.0,0.0,0.0,0.0,0.20659999999999998,0.0654,0.0,0.0,0.7214,0.4983101764926774,22.932885216,261.74095356000004,9.77509779947428,208.80044232000003
22_RT,5,Q2,Name,Name2,7.0,11.0,0.0,2,4,3,0,43,1,0,0.0,0.0,0,0,5.0,0.0,0.0,0,0,0.0,0.0,0.0,0.0,1.0,0.824,0.0,0.0,2961.96,3218.96,2.6,2.7,1.0,0.824,0.167,0.149,2.2,2.59,0.191,0.001,0.0,0.00811,0.0,0.0,0.0,0.0,1,1.929,7.0,0,244.114,688.8439606013478,0.0,0.0,0.0,0.0,0.036,0.0,0.0,0.0,0.0,0.0,0.03,0.0,0.0,0.0,0.361,0.0,0.0,0.0,0.034,0.042,1.0,1.0,Dashboard_Recall,Working_Memory,0.0,0,0.0,0,0.0,0.0,-0.176,0.0,257.0,0.1,-0.176,-0.018,0.3899999999999997,-0.19,0.00811,0.0,0.0,444.72996060134784,0.0,0.0,-0.036,0.0,0.0,-0.03,0.0,-0.361,0.0,0.008,0.0704270606531882,0.0,0.0,0.0,5.0,0.2,0.424,0.0,0.592,0.0,0.0,0.0,0.0,0.0,0.0,0.0,0.0,0.0,0.9986,0.0,2907.74,2.3,0.9986,0.165,0.372,0.0,0.398,0.0,0.03,0.0,0.0,0.034,0.073,12.0,2.4,1345.36,0.449,2e-05,0.2,0.0,0.0,2.663,6.0,1.0,0,5,0.0,0.0,0.0,0.0,0.0,0,0.0,0.0,0.0072,0.0,0.0,0.006,0.0,0.0722,0.0,0.0068000000000000005,0.0,0.9078,0.9782270606531882,18.201628068,220.84966152,51.3615833903577,240.01209552
22_RT,5,Q3,Sign,FrostDam,7.0,11.0,0.0,2,4,3,0,43,1,0,0.0,0.0,0,0,5.0,0.0,0.0,0,0,0.0,0.0,0.0,0.0,0.1619,0.0846,0.0,0.0,3777.63,3667.14,2.6,3.0,0.1619,0.0846,0.142,0.185,2.0,0.68,0.009,0.044,0.00946,0.00068,0.0,0.0,0.0,0.0,1,1.467,7.0,0,378.878,121.13837764144512,0.399,1.254,1.44,0.0,0.0,0.104,0.0,0.0,0.0,0.0,0.0,0.0,0.34,0.0,0.888,0.0,0.0,0.0,0.0,0.0,0.9319999999999999,1.0,External_Hazard,Not_Applicable,0.0,0,0.0,0,0.0,0.0,-0.0773,0.0,-110.49000000000024,0.3999999999999999,-0.0773,0.043,-1.3199999999999998,0.0349999999999999,-0.00878,0.0,0.0,-257.7396223585549,0.855,-1.44,0.104,0.0,0.0,0.0,-0.34,-0.888,0.0,0.0,-0.3122987048398092,0.0,0.0,0.0,5.0,0.0,2.052,1.52,0.508,0.0,0.0,0.304,0.0,0.0,0.0,0.0,0.0,0.0,0.224,0.0,3854.14,2.6,0.224,0.143,1.465,0.067,0.632,0.0,0.0,0.34,0.0,0.0,0.0,8.0,1.6,1583.27,0.008,0.01343,0.0,0.0,1.0,1.929,7.0,0.0,0,5,0.0,0.0,0.0,0.0,0.0,0,0.07980000000000001,0.288,0.0,0.0,0.0,0.0,0.068,0.1776,0.0,0.0,0.0,0.3866,0.0743012951601908,28.249901436000002,281.66764806000003,9.032319713701431,273.42929268
23_RT,5,Q1,Animal,Dog,6.0,4.0,0.0,2,1,0,0,43,1,0,0.0,0.0,0,0,5.0,0.0,0.0,0,0,0.0,0.0,0.0,0.0,0.9529,0.4434,0.0,0.0,2629.36,4042.22,1.7,2.0,0.9529,0.4434,0.162,0.127,2.4,2.31,0.373,0.024,0.00858,0.00999,0.6,0.771,21.8,29.8,1,1.297,6.0,0,362.916,326.29144178874327,0.934,0.558,0.0,0.0,0.0,0.0,0.0,0.0,0.0,0.0,0.0,0.0,0.202,0.0,0.0,0.0,0.765,0.0,0.0,0.0,0.9596,1.0,External_Hazard,Not_Applicable,0.0,0,0.0,0,0.0,0.0,-0.5095,0.0,1412.8599999999997,0.3,-0.5095,-0.035,-0.0899999999999998,-0.349,0.0014099999999999,0.171,8.0,-36.624558211256726,-0.376,0.0,0.0,0.0,0.0,0.0,-0.202,0.0,-0.765,0.0,-0.0500235929067078,0.0,0.0,0.0,0.0,0.0,0.0,0.0,0.0,0.0,0.0,0.0,0.0,0.0,0.0,0.0,0.0,0.0,0.0,0.0,0.0,0.0,0.0,0.0,0.0,0.0,0.0,0.0,0.0,0.0,0.0,0.0,0.0,0.0,0.0,0.0,0.0,0.0,0.0,0.0,0.0,0.0,0.0,0.0,0,5,0.0,0.0,0.0,0.0,0.0,0,0.18680000000000002,0.0,0.0,0.0,0.0,0.0,0.040400000000000005,0.0,0.153,0.0,0.0,0.6198,0.5697764070932921,27.059742792,196.05034032000003,24.328942482652277,301.39600764
23_RT,5,Q2,Name,Name2,6.0,4.0,0.0,2,1,0,0,43,1,0,0.0,0.0,0,0,5.0,0.2,0.0,0,0,0.2,0.0,0.0,0.0,0.9407,0.9917,0.0,0.0,2571.84,3789.54,1.9,2.1,0.9407,0.9917,0.094,0.126,1.8,3.33,0.228,0.034,0.01717,2e-05,0.4,0.0,45.3,26.1,1,1.2,6.0,0,168.128,925.4333333333334,0.0,0.077,0.0,0.066,0.0,0.0,0.0,0.0,0.0,0.0,0.0,0.0,0.0,0.0,0.0,0.0,0.0,0.071,0.0,0.0,1.0,1.0,Dashboard_Recall,Visual_Search,0.0,0,-0.2,0,-0.2,0.0,0.051,0.0,1217.6999999999998,0.2000000000000001,0.051,0.032,1.53,-0.194,-0.01715,-0.4,-19.199999999999996,757.3053333333335,0.077,0.066,0.0,0.0,0.0,0.0,0.0,0.0,0.071,0.0,-0.1783333333333333,0.0,0.0,0.0,5.0,0.0,0.0,0.0,0.0,0.0,0.0,0.104,0.0,0.0,0.252,0.0,0.0,0.0,0.9462,0.0,3035.37,2.1,0.9462,0.136,0.0,0.0,0.039,0.0,0.0,0.327,0.0,0.0,0.26,11.0,2.2,1899.61,0.556,0.0103,0.4,39.1,1.0,1.297,6.0,0.0,0,5,0.0,0.0,0.0,0.0,0.0,0,0.0,0.0,0.0,0.0,0.0,0.0,0.0,0.0,0.0,0.0,0.0,1.0,0.8216666666666667,12.535959936,191.76153408000002,69.0021602,282.55568148000003
23_RT,5,Q3,Sign,FrostDam,6.0,4.0,0.0,2,1,0,0,43,1,0,0.0,0.0,0,0,5.0,0.4,0.0,0,0,0.0,0.0,0.0,0.0,0.0469,0.3207,0.0,0.0,3112.47,2886.32,2.6,2.3,0.0358,0.3207,0.147,0.16,2.4,0.79,0.182,0.021,0.00117,0.0072,0.2,0.794,25.2,12.8,1,1.26,6.0,0,407.5,191.86507936507937,1.552,0.723,0.069,0.0,0.263,0.0,0.0,0.0,0.0,0.0,0.0,0.0,0.427,0.0,0.0,0.0,0.0,0.0,0.0,0.0,0.9146,1.0,External_Hazard,Not_Applicable,0.0,0,-0.4,0,0.0,0.0,0.2738,0.0,-226.14999999999964,-0.3000000000000002,0.2849,0.013,-1.61,-0.161,0.00603,0.5940000000000001,-12.4,-215.63492063492063,-0.8290000000000001,-0.069,-0.263,0.0,0.0,0.0,-0.427,0.0,0.0,0.0,-0.1116095238095238,0.0,0.0,0.0,5.0,0.4,0.0,1.502,0.0,0.0,0.0,0.348,0.0,0.0,0.0,0.0,0.2,0.0,0.082,0.0,2955.47,2.3,0.0541,0.134,0.069,0.783,0.0,0.0,0.0,0.427,0.0,0.0,0.0,11.0,2.2,1726.7,0.39,0.01539,0.4,27.3,1.0,1.2,6.0,0.0,0,5,0.0,0.0,0.0,0.0,0.0,0,0.3104,0.013800000000000002,0.0526,0.0,0.0,0.0,0.0854,0.0,0.0,0.0,0.0,0.5378000000000001,0.4261904761904762,30.384015,232.07198814,14.305844047619049,215.20979184
24_RT,5,Q1,Animal,Dog,4.0,3.0,3.0,1,1,1,0,47,1,0,0.0,0.0,0,0,5.0,0.2,0.0,0,0,0.0,0.0,0.0,0.0,0.9913,0.6833,0.0,0.0,3284.27,2571.06,1.6,1.6,0.9913,0.6833,0.132,0.108,1.6,0.38,0.178,0.006,0.00058,0.04814,0.4,0.0,0.0,0.0,1,2.662,4.0,0,453.12,66.48384673178062,0.91,1.297,0.0,0.0,0.078,0.0,0.0,0.0,0.0,0.0,0.059,0.0,0.642,0.0,0.174,0.0,0.528,0.0,0.0,0.0,0.8715999999999999,1.0,External_Hazard,Not_Applicable,0.0,0,-0.2,0,0.0,0.0,-0.3079999999999999,0.0,-713.21,0.0,-0.3079999999999999,-0.024,-1.2200000000000002,-0.172,0.04756,-0.4,0.0,-386.6361532682194,0.3869999999999999,0.0,-0.078,0.0,0.0,-0.059,-0.642,-0.174,-0.528,0.0,-0.0090276483846731,0.0,0.0,0.0,0.0,0.0,0.0,0.0,0.0,0.0,0.0,0.0,0.0,0.0,0.0,0.0,0.0,0.0,0.0,0.0,0.0,0.0,0.0,0.0,0.0,0.0,0.0,0.0,0.0,0.0,0.0,0.0,0.0,0.0,0.0,0.0,0.0,0.0,0.0,0.0,0.0,0.0,0.0,0.0,0,5,0.0,0.0,0.0,0.0,0.0,0,0.182,0.0,0.0156,0.0,0.0,0.0118,0.12840000000000001,0.0348,0.1056,0.0,0.0,0.5218,0.5127723516153269,33.78553344,244.88173974,4.9571685800150265,191.70337572
24_RT,5,Q2,Name,Name2,7.0,3.0,3.0,1,1,1,0,47,1,0,0.0,0.0,0,0,5.0,0.4,0.0,0,0,0.2,0.0,0.0,0.0,0.6382,1.0,0.0,0.0,2849.63,3339.83,1.5,1.8,0.6382,1.0,0.109,0.169,1.6,1.84,0.069,0.08,0.12724,0.0,0.0,0.0,7.5,0.0,1,1.631,7.0,0,262.052,610.2575107296137,0.0,0.26,0.0,0.0,0.0,0.0,0.0,0.0,0.0,0.0,0.177,0.072,0.503,0.0,0.0,0.035,0.0,0.0,0.0,0.0,0.8994,1.0,Dashboard_Recall,Visual_Search,0.0,0,-0.4,0,-0.2,0.0,0.3618,0.0,490.1999999999998,0.3,0.3618,0.06,0.24,0.0109999999999999,-0.12724,0.0,-7.5,348.2055107296137,0.26,0.0,0.0,0.0,0.0,-0.105,-0.503,0.035,0.0,0.0,-0.0890153280196199,0.0,0.0,0.0,5.0,0.2,0.0,0.0,0.0,0.0,0.0,0.116,0.0,0.0,0.0,0.0,0.2,0.0,0.9592,0.0,2489.26,1.9,0.9592,0.125,0.0,0.0,0.0,0.0,0.223,0.262,0.0,0.0,0.0,10.0,2.0,1493.39,0.101,0.00928,0.0,0.0,1.0,2.662,4.0,0.0,0,5,0.0,0.0,0.0,0.0,0.0,0,0.0,0.0,0.0,0.0,0.0,0.0354,0.1006,0.0,0.0,0.0,0.0,0.8640000000000001,0.7749846719803801,19.539121224000002,212.47411206,45.502020515021464,249.02440446
24_RT,5,Q3,Sign,FrostDam,7.0,3.0,3.0,1,1,1,0,47,1,0,0.0,0.0,0,0,5.0,0.6,0.0,0,0,0.2,0.0,0.0,0.0,0.17,0.0818,0.0,0.0,2823.77,3022.46,2.3,2.9,0.161,0.0818,0.13,0.191,1.0,0.57,0.166,0.103,0.07331,0.00019,0.6,0.0,15.1,0.0,1,1.748,7.0,0,80.748,101.84782608695652,1.649,1.065,0.82,0.0,0.0,0.0,0.0,0.0,0.0,0.0,0.03,0.07,0.0,0.0,0.0,0.0,0.0,0.0,0.0,0.0,1.0,1.0,External_Hazard,Not_Applicable,0.0,0,-0.6,0,-0.2,0.0,-0.0882,0.0,198.69000000000003,0.6000000000000001,-0.0792,0.061,-0.43,-0.063,-0.07312,-0.6,-15.1,21.09982608695651,-0.5840000000000001,-0.82,0.0,0.0,0.0,0.04,0.0,0.0,0.0,0.0,-0.1495135011441647,0.0,0.0,0.0,5.0,0.4,2.107,0.863,0.0,0.0,0.0,0.0,0.0,0.0,0.0,0.0,0.2,0.0,0.5732,0.0,2332.77,2.5,0.5622,0.146,0.932,0.341,0.0,0.0,0.03,0.0,0.0,0.0,0.0,8.0,1.6,563.86,0.126,0.20754,0.0,1.7,1.0,1.631,7.0,0.0,0,5,0.0,0.0,0.0,0.0,0.0,0,0.3298,0.16399999999999998,0.0,0.0,0.0,0.006,0.0,0.0,0.0,0.0,0.0,0.5002,0.3506864988558352,6.020732376000001,210.54593874,7.593977608695652,225.36066252
25_RT,5,Q1,Animal,Dog,7.0,47.0,0.0,5,3,0,0,54,0,1,0.0,0.0,0,0,5.0,0.2,0.0,0,0,0.2,0.0,0.0,0.0,0.8078,0.5878,0.0,0.0,1338.54,3046.41,2.2,2.7,0.8078,0.5878,0.179,0.068,2.4,1.2,0.153,0.076,0.02843,0.00092,0.0,0.0,0.0,70.2,1,0.833,7.0,0,77.886,142.72509003601442,0.239,0.732,0.0,0.0,0.0,0.0,0.0,0.0,0.0,0.0,0.0,0.0,0.0,0.0,0.0,0.0,0.0,0.0,0.0,0.0,1.0,1.0,External_Hazard,Not_Applicable,0.0,0,-0.2,0,-0.2,0.0,-0.2199999999999999,0.0,1707.87,0.5,-0.2199999999999999,-0.1109999999999999,-1.2,-0.077,-0.02751,0.0,70.2,64.83909003601443,0.493,0.0,0.0,0.0,0.0,0.0,0.0,0.0,0.0,0.0,-0.8309515006002401,0.0,0.0,0.0,0.0,0.0,0.0,0.0,0.0,0.0,0.0,0.0,0.0,0.0,0.0,0.0,0.0,0.0,0.0,0.0,0.0,0.0,0.0,0.0,0.0,0.0,0.0,0.0,0.0,0.0,0.0,0.0,0.0,0.0,0.0,0.0,0.0,0.0,0.0,0.0,0.0,0.0,0.0,0.0,0,5,0.0,0.0,0.0,0.0,0.0,0,0.047799999999999995,0.0,0.0,0.0,0.0,0.0,0.0,0.0,0.0,0.0,0.0,0.9522,0.1212484993997598,5.807335932,99.80421948,10.641868163265308,227.14642242
25_RT,5,Q2,Name,Name2,6.0,47.0,0.0,5,3,0,0,54,0,1,0.0,0.0,0,0,5.0,0.2,0.0,0,0,0.2,0.0,0.0,0.0,0.862,0.9998,0.0,0.0,1485.2,3272.47,2.8,3.2,0.862,0.9998,0.165,0.189,1.6,2.4,0.063,0.007,0.0292,0.0,0.0,0.0,0.0,0.0,1,1.25,6.0,0,66.438,430.488,0.0,0.0,0.0,0.0,0.0,0.105,0.0,0.0,0.0,0.0,0.0,0.0,0.0,0.0,0.0,0.0,0.0,0.0,0.0,0.0,1.0,1.0,Dashboard_Recall,Working_Memory,0.0,0,-0.2,0,-0.2,0.0,0.1378,0.0,1787.2699999999998,0.4000000000000003,0.1378,0.0239999999999999,0.7999999999999998,-0.056,-0.0292,0.0,0.0,364.05,0.0,0.0,0.105,0.0,0.0,0.0,0.0,0.0,0.0,0.0,-0.0839999999999999,0.0,0.0,0.0,5.0,0.0,0.0,0.096,0.0,0.0,0.0,0.0,0.0,0.0,0.0,0.0,0.0,0.0,1.0,0.0,1647.09,2.3,1.0,0.158,0.0,0.095,0.0,0.0,0.0,0.0,0.0,0.0,0.0,11.0,2.2,583.13,0.156,0.0,0.2,0.0,1.0,0.833,7.0,0.0,0,5,0.0,0.0,0.0,0.0,0.0,0,0.0,0.0,0.0,0.0,0.0,0.0,0.0,0.0,0.0,0.0,0.0,1.0,0.916,4.953750156000001,110.73948240000001,32.098046256,244.00190813999998
25_RT,5,Q3,Sign,FrostDam,1.0,47.0,0.0,5,3,0,0,54,0,1,0.0,0.0,0,0,5.0,0.6,0.0,0,0,0.4,0.0,0.0,0.0,0.5315,0.3824,0.0,0.0,2751.39,1210.99,3.6,2.9,0.4925,0.3824,0.178,0.15,1.0,1.4,0.192,0.018,0.18974,0.01702,0.0,0.0,0.0,0.0,0,2.146,1.0,1,137.808,45.81547064305685,0.0,0.107,0.299,0.6,0.105,0.0,0.0,0.0,0.0,0.0,0.0,0.0,0.0,0.0,0.0,0.0,0.0,0.0,0.0,0.0,1.0,1.0,External_Hazard,Not_Applicable,0.0,0,-0.6,0,-0.4,0.0,-0.1490999999999999,0.0,-1540.4,-0.7000000000000002,-0.1100999999999999,-0.0279999999999999,0.3999999999999999,-0.174,-0.1727199999999999,0.0,0.0,-91.99252935694317,0.107,0.301,-0.105,0.0,0.0,0.0,0.0,0.0,0.0,0.0,-0.2486501397949673,0.0,0.0,0.0,5.0,0.6,3.144,3.144,0.0,0.0,0.0,0.0,0.0,0.0,0.0,0.0,0.4,0.0,0.2819,0.0,1603.75,3.5,0.2446,0.163,0.898,0.107,0.0,0.0,0.0,0.0,0.0,0.0,0.0,4.0,0.8,227.6,0.313,0.04274,0.2,0.0,1.0,1.25,6.0,0.0,1,5,0.0,0.0,0.0,0.0,0.0,0,0.0,0.0598,0.020999999999999998,0.0,0.0,0.0,0.0,0.0,0.0,0.0,0.0,0.9192,0.6705498602050327,10.275240096,205.14914118,3.416093122087605,90.29383638
26_RT,5,Q1,Animal,Dog,7.0,6.0,9.0,1,1,0,0,56,0,1,0.0,0.0,0,0,5.0,0.6,0.0,0,0,0.2,0.0,0.0,0.0,0.8889,0.7803,0.0,0.0,2114.46,3588.97,2.0,2.6,0.8889,0.7803,0.141,0.231,2.6,0.84,0.314,0.142,0.00482,3e-05,0.4,0.0,19.7,0.0,1,1.196,7.0,0,338.61199999999997,127.61705685618728,0.478,0.893,0.0,0.0,0.0,0.0,0.0,0.0,0.0,0.0,0.0,0.0,0.0,0.0,0.0,0.0,0.331,0.0,0.0,0.0,1.0,1.0,External_Hazard,Not_Applicable,0.0,0,-0.6,0,-0.2,0.0,-0.1086,0.0,1474.5099999999998,0.6000000000000001,-0.1086,0.09,-1.7600000000000002,-0.172,-0.00479,-0.4,-19.7,-210.9949431438127,0.415,0.0,0.0,0.0,0.0,0.0,0.0,0.0,-0.331,0.0,-0.5848555183946489,0.0,0.0,0.0,0.0,0.0,0.0,0.0,0.0,0.0,0.0,0.0,0.0,0.0,0.0,0.0,0.0,0.0,0.0,0.0,0.0,0.0,0.0,0.0,0.0,0.0,0.0,0.0,0.0,0.0,0.0,0.0,0.0,0.0,0.0,0.0,0.0,0.0,0.0,0.0,0.0,0.0,0.0,0.0,0,5,0.0,0.0,0.0,0.0,0.0,0,0.09559999999999999,0.0,0.0,0.0,0.0,0.0,0.0,0.0,0.06620000000000001,0.0,0.0,0.8382,0.2533444816053511,25.247587944,157.65836652000002,9.515382993311036,267.60078114
26_RT,5,Q2,Name,Name2,5.0,6.0,9.0,1,1,0,0,56,0,1,12.0,0.0,0,0,5.0,0.2,0.0,0,0,0.2,0.0,0.0,0.0,0.8652,0.9977,0.0,0.0,2667.81,2317.36,2.6,2.5,0.8652,0.9977,0.149,0.103,2.8,2.14,0.153,0.052,0.01408,0.0,0.0,0.0,12.0,0.0,1,1.404,5.0,0,620.1800000000001,219.40883190883193,0.0,0.0,0.0,0.0,0.0,0.0,0.0,0.0,0.0,0.0,0.0,0.0,0.202,0.0,0.012,0.126,0.0,0.0,0.0,0.0,0.9596,1.0,Dashboard_Recall,Working_Memory,-12.0,0,-0.2,0,-0.2,0.0,0.1325,0.0,-350.4499999999998,-0.1,0.1325,-0.046,-0.6599999999999997,-0.101,-0.01408,0.0,-12.0,-400.77116809116814,0.0,0.0,0.0,0.0,0.0,0.0,-0.202,0.114,0.0,0.0,-0.0469435897435895,1.0,12.0,0.0,5.0,0.4,0.256,0.0,0.0,0.0,0.0,0.152,0.0,0.0,0.0,0.0,0.2,0.0,0.8739,0.0,3008.05,2.7,0.8739,0.137,0.3,0.0,0.0,0.0,0.0,0.202,0.0,0.0,0.0,15.0,3.0,3509.42,0.193,0.01855,0.4,12.0,1.0,1.196,7.0,0.0,0,5,0.0,0.0,0.0,0.0,0.0,0,0.0,0.0,0.0,0.0,0.0,0.0,0.040400000000000005,0.0024000000000000002,0.0,0.0,0.0,0.9572,0.9102564102564104,46.241861160000006,198.91724922,16.359561324786327,172.78699632000001
26_RT,5,Q3,Sign,FrostDam,7.0,6.0,9.0,1,1,0,0,56,0,1,24.0,0.0,0,0,5.0,0.2,0.0,0,0,0.2,0.0,0.0,0.0,0.3269,0.0305,0.0,0.0,1716.32,1966.77,3.0,3.1,0.322,0.0305,0.177,0.12,1.2,0.85,0.192,0.02,0.10264,0.0,0.0,0.0,4.5,0.0,1,1.178,7.0,0,54.084,56.25636672325976,1.093,1.178,0.592,0.0,0.0,0.0,0.0,0.0,0.0,0.0,0.0,0.0,0.0,0.0,0.0,0.0,0.0,0.0,0.0,0.0,1.0,1.0,External_Hazard,Not_Applicable,-24.0,0,-0.2,0,-0.2,0.0,-0.2964,0.0,250.45000000000005,0.1,-0.2915,-0.0569999999999999,-0.35,-0.172,-0.10264,0.0,-4.5,2.1723667232597563,0.0849999999999999,-0.592,0.0,0.0,0.0,0.0,0.0,0.0,0.0,0.0,-0.663,2.0,24.0,0.0,5.0,0.2,0.14,5.456,0.0,0.0,0.0,0.0,0.0,0.0,0.0,0.0,0.2,0.0,0.3297,0.0,1716.32,3.0,0.3247,0.177,0.592,1.076,0.0,0.0,0.0,0.0,0.0,0.0,0.0,6.0,1.2,270.42,0.194,0.10347,0.0,4.5,1.0,1.404,5.0,0.0,0,5,0.0,0.0,0.0,0.0,0.0,0,0.2186,0.11839999999999999,0.0,0.0,0.0,0.0,0.0,0.0,0.0,0.0,0.0,0.663,0.0,4.0326112080000005,127.97225184,4.194587215619694,146.64630474
27_RT,5,Q1,Animal,Dog,6.0,12.0,20.0,2,3,5,0,78,0,1,0.0,0.0,0,0,5.0,0.2,0.0,0,0,0.0,0.0,0.0,0.0,0.8418,0.6502,0.0,0.0,1763.75,0.0,1.7,1.7,0.8418,0.6502,0.112,0.101,0.4,0.0,0.008,0.006,0.03317,0.00173,0.0,0.0,0.0,0.0,1,1.474,6.0,0,27.196,0.0,0.502,1.474,0.0,0.0,0.0,0.0,0.0,0.0,0.0,0.0,0.0,0.0,0.0,0.0,0.0,0.0,0.0,0.0,0.0,0.0,1.0,1.0,External_Hazard,Not_Applicable,0.0,0,-0.2,0,0.0,0.0,-0.1916,0.0,-1763.75,0.0,-0.1916,-0.0109999999999999,-0.4,-0.002,-0.0314399999999999,0.0,0.0,-27.196,0.972,0.0,0.0,0.0,0.0,0.0,0.0,0.0,0.0,0.0,-0.8996000000000001,0.0,0.0,0.0,0.0,0.0,0.0,0.0,0.0,0.0,0.0,0.0,0.0,0.0,0.0,0.0,0.0,0.0,0.0,0.0,0.0,0.0,0.0,0.0,0.0,0.0,0.0,0.0,0.0,0.0,0.0,0.0,0.0,0.0,0.0,0.0,0.0,0.0,0.0,0.0,0.0,0.0,0.0,0.0,0,5,0.0,0.0,0.0,0.0,0.0,0,0.1004,0.0,0.0,0.0,0.0,0.0,0.0,0.0,0.0,0.0,0.0,0.8996000000000001,0.0,2.0277881520000003,131.5087275,0.0,0.0
27_RT,5,Q2,Name,Name2,7.0,12.0,20.0,2,3,5,0,78,0,1,0.0,0.0,0,0,5.0,0.0,0.0,0,0,0.0,0.0,0.0,0.0,0.6573,0.3428,0.0,0.0,3202.0,4626.43,1.8,2.0,0.6573,0.3428,0.121,0.119,1.4,1.67,0.004,0.001,0.02347,2e-05,0.0,0.0,0.0,0.0,1,1.2,7.0,0,392.066,583.35,0.0,0.0,0.873,0.534,0.0,0.0,0.0,0.0,0.0,0.0,0.0,0.0,0.507,0.03,0.0,0.0,0.032,0.107,0.09,0.0,0.8986,0.975,Dashboard_Recall,Working_Memory,0.0,0,0.0,0,0.0,0.0,-0.3145,0.0,1424.4300000000003,0.1999999999999999,-0.3145,-0.002,0.27,-0.003,-0.02345,0.0,0.0,191.28400000000005,0.0,-0.3389999999999999,0.0,0.0,0.0,0.0,-0.477,0.0,0.075,-0.09,-0.2587666666666667,0.0,0.0,0.0,5.0,0.2,1.047,0.923,0.0,0.0,0.0,0.264,0.0,0.0,0.0,0.0,0.0,0.0,0.9947,0.0,2980.46,1.4,0.9947,0.114,1.164,0.0,0.0,0.0,0.0,0.3,0.0,0.0,0.0,9.0,1.8,1752.33,0.022,0.00024,0.0,0.0,1.0,1.474,6.0,0.0,0,5,0.0,0.0,0.0,0.0,0.0,0,0.0,0.1746,0.0,0.0,0.0,0.0,0.1014,0.0,0.0064,0.018,0.0,0.6996,0.4408333333333333,29.233225091999998,238.747524,43.4957427,344.95587366
27_RT,5,Q3,Sign,FrostDam,7.0,12.0,20.0,2,3,5,0,78,0,1,0.0,0.0,0,0,5.0,0.2,0.0,0,0,0.0,0.0,0.0,0.0,0.0536,0.2001,0.0,0.0,2469.43,2210.19,2.0,2.6,0.0536,0.2001,0.131,0.137,0.8,1.66,0.022,0.004,0.00192,0.00077,0.0,0.0,0.0,0.0,1,1.208,7.0,0,103.406,157.4834437086093,3.321,0.342,0.247,0.617,0.0,0.0,0.0,0.0,0.0,0.0,0.0,0.0,0.0,0.0,0.2,0.0,0.0,0.0,0.0,0.0,1.0,1.0,External_Hazard,Not_Applicable,0.0,0,-0.2,0,0.0,0.0,0.1465,0.0,-259.2399999999998,0.6000000000000001,0.1465,0.006,0.8599999999999999,-0.018,-0.00115,0.0,0.0,54.077443708609295,-2.979,0.37,0.0,0.0,0.0,0.0,0.0,-0.2,0.0,0.0,-0.0402741721854305,0.0,0.0,0.0,5.0,0.0,2.904,3.437,0.152,0.0,0.0,0.0,0.0,0.0,0.0,0.0,0.0,0.0,0.0838,0.0,2469.43,2.0,0.0838,0.125,0.245,2.961,0.2,0.0,0.0,0.0,0.0,0.0,0.0,4.0,0.8,517.03,0.01,0.00593,0.0,0.0,1.0,1.2,7.0,0.0,0,5,0.0,0.0,0.0,0.0,0.0,0,0.6642,0.0494,0.0,0.0,0.0,0.0,0.0,0.04,0.0,0.0,0.0,0.2463999999999999,0.2061258278145694,7.710158172000001,184.12563966,11.742280529801326,164.79618678
28_RT,5,Q1,Animal,Dog,6.0,5.0,0.0,1,4,0,0,44,0,1,0.0,0.0,0,0,5.0,0.4,0.0,0,0,0.2,0.0,0.0,0.0,0.6454,0.9445,0.0,0.0,3087.71,1203.18,1.9,2.6,0.6454,0.9445,0.167,0.143,2.4,0.73,0.468,0.004,0.04963,0.00084,0.0,0.0,0.0,0.0,1,1.374,6.0,0,350.178,16.72489082969432,0.0,1.104,0.0,0.0,0.905,0.0,0.0,0.0,0.0,0.0,0.0,0.0,0.0,0.0,0.333,0.0,0.132,0.025,0.0,0.0,1.0,1.0,External_Hazard,Not_Applicable,0.0,0,-0.4,0,-0.2,0.0,0.2991,0.0,-1884.53,0.7000000000000002,0.2991,-0.024,-1.67,-0.464,-0.04879,0.0,0.0,-333.45310917030565,1.104,0.0,-0.905,0.0,0.0,0.0,0.0,-0.333,-0.107,0.0,-0.547688500727802,0.0,0.0,0.0,0.0,0.0,0.0,0.0,0.0,0.0,0.0,0.0,0.0,0.0,0.0,0.0,0.0,0.0,0.0,0.0,0.0,0.0,0.0,0.0,0.0,0.0,0.0,0.0,0.0,0.0,0.0,0.0,0.0,0.0,0.0,0.0,0.0,0.0,0.0,0.0,0.0,0.0,0.0,0.0,0,5,0.0,0.0,0.0,0.0,0.0,0,0.0,0.0,0.181,0.0,0.0,0.0,0.0,0.0666,0.0264,0.0,0.0,0.726,0.178311499272198,26.109972036000002,230.22583302,1.247041310043668,89.71150716000001
28_RT,5,Q2,Name,Name2,6.0,5.0,0.0,1,4,0,0,44,0,1,0.0,0.0,0,0,5.0,0.4,0.0,0,0,0.4,0.0,0.0,0.0,0.8718,0.7993,0.0,0.0,2507.94,2336.01,2.4,2.5,0.8718,0.7993,0.15,0.153,1.2,2.24,0.011,0.002,0.02054,0.00165,0.0,0.0,0.0,0.0,1,1.337,6.0,0,119.706,471.114435302917,0.0,0.0,0.0,0.067,0.0,0.0,0.0,0.0,0.0,0.0,0.0,0.0,0.0,0.196,0.106,0.0,0.0,0.0,0.0,0.0,1.0,0.8534031413612565,Dashboard_Recall,Working_Memory,0.0,0,-0.4,0,-0.4,0.0,-0.0725,0.0,-171.92999999999984,0.1,-0.0725,0.003,1.0400000000000005,-0.009,-0.01889,0.0,0.0,351.40843530291704,0.0,0.067,0.0,0.0,0.0,0.0,0.196,-0.106,0.0,0.0,-0.1755090501121915,0.0,0.0,0.0,5.0,0.2,0.802,0.802,0.304,0.0,0.0,0.0,0.0,0.0,0.0,0.0,0.0,0.0,0.9494,0.0,2793.88,2.2,0.9494,0.14,0.667,0.0,0.174,0.0,0.0,0.0,0.0,0.0,0.03,7.0,1.4,837.78,0.014,0.0051,0.0,0.0,1.0,1.374,6.0,0.0,0,5,0.0,0.0,0.0,0.0,0.0,0,0.0,0.0,0.0,0.0,0.0,0.0,0.0,0.0212,0.0,0.0,0.0,0.9788,0.8032909498878085,8.925518772,186.99702228,35.127234525056096,174.17757762000002
28_RT,5,Q3,Sign,FrostDam,7.0,5.0,0.0,1,4,0,0,44,0,1,0.0,0.0,0,0,5.0,0.2,0.0,0,0,0.2,0.0,0.0,0.0,0.174,0.2799,0.0,0.0,3266.07,3405.28,2.6,2.9,0.174,0.2799,0.144,0.162,1.0,0.63,0.024,0.009,0.01083,0.00684,0.0,0.0,0.0,0.0,1,1.582,7.0,0,157.976,91.90265486725664,2.415,1.317,0.906,0.0,0.439,0.0,0.0,0.0,0.0,0.0,0.0,0.0,0.0,0.0,0.194,0.0,0.0,0.0,0.0,0.0,1.0,1.0,External_Hazard,Not_Applicable,0.0,0,-0.2,0,-0.2,0.0,0.1059,0.0,139.21000000000004,0.2999999999999998,0.1059,0.018,-0.37,-0.015,-0.00399,0.0,0.0,-66.07334513274337,-1.098,-0.906,-0.439,0.0,0.0,0.0,0.0,-0.194,0.0,0.0,-0.0416905183312261,0.0,0.0,0.0,5.0,0.0,2.252,2.395,0.0,0.0,0.0,0.333,0.0,0.0,0.3,0.0,0.0,0.0,0.2393,0.0,3416.71,2.6,0.2393,0.144,1.238,1.552,0.194,0.0,0.0,0.012,0.267,0.0,0.439,7.0,1.4,1309.05,0.025,0.01861,0.0,0.0,1.0,1.337,6.0,0.0,0,5,0.0,0.0,0.0,0.0,0.0,0,0.483,0.1812,0.0878,0.0,0.0,0.0,0.0,0.0388,0.0,0.0,0.0,0.2091999999999999,0.1675094816687737,11.779006512,243.52471134,6.8524457522123905,253.90448736000002
29_RT,5,Q1,Animal,Dog,5.0,26.5,0.0,3,4,0,0,76,0,1,0.0,0.0,0,0,5.0,0.2,0.0,0,0,0.2,0.0,0.0,0.0,0.8001,0.9543,0.0,0.0,2483.31,2303.71,2.1,2.3,0.8001,0.9543,0.157,0.121,2.0,2.02,0.76,0.019,0.05046,0.0014,0.4,0.0,0.0,0.0,1,1.488,5.0,0,229.51799999999997,216.3239247311828,0.076,1.055,0.0,0.0,1.346,0.0,0.0,0.0,0.0,0.0,0.0,0.0,0.0,0.0,0.0,0.0,0.0,0.059,0.0,0.0,1.0,1.0,External_Hazard,Not_Applicable,0.0,0,-0.2,0,-0.2,0.0,0.1542,0.0,-179.5999999999999,0.1999999999999997,0.1542,-0.036,0.02,-0.741,-0.04906,-0.4,0.0,-13.194075268817189,0.979,0.0,-1.346,0.0,0.0,0.0,0.0,0.0,0.059,0.0,-0.4642559139784946,0.0,0.0,0.0,0.0,0.0,0.0,0.0,0.0,0.0,0.0,0.0,0.0,0.0,0.0,0.0,0.0,0.0,0.0,0.0,0.0,0.0,0.0,0.0,0.0,0.0,0.0,0.0,0.0,0.0,0.0,0.0,0.0,0.0,0.0,0.0,0.0,0.0,0.0,0.0,0.0,0.0,0.0,0.0,0,5,0.0,0.0,0.0,0.0,0.0,0,0.0152,0.0,0.2692,0.0,0.0,0.0,0.0,0.0,0.0,0.0,0.0,0.7156,0.2513440860215054,17.113321115999998,185.16056022,16.129544475806455,171.76922502000002
29_RT,5,Q2,Name,Name2,7.0,26.5,0.0,3,4,0,0,76,0,1,0.0,0.0,0,0,5.0,0.4,0.442,0,0,0.2,0.442,0.0,0.0,0.8981,0.3661,0.0,0.0,2493.76,3232.31,2.3,2.4,0.8981,0.3661,0.138,0.153,2.4,1.33,0.028,0.036,0.03039,0.06292,0.0,0.0,0.0,0.0,1,2.263,7.0,0,311.618,341.40521431727797,0.0,0.134,0.0,0.0,0.762,0.0,0.0,0.0,0.0,0.0,0.0,0.0,0.0,0.2,0.0,0.0,0.0,0.0,0.0,0.0,1.0,0.9116217410517012,Dashboard_Recall,Visual_Search,0.0,0,0.0419999999999999,0,0.242,0.0,-0.532,0.0,738.5499999999997,0.1,-0.532,0.0149999999999999,-1.0699999999999998,0.0079999999999999,0.03253,0.0,0.0,29.78721431727797,0.134,0.0,-0.762,0.0,0.0,0.0,0.2,0.0,0.0,0.0,0.0048083075563412,0.0,0.0,0.0,5.0,0.0,0.0,0.0,0.0,0.0,0.0,0.0,0.0,0.0,0.259,0.0,0.0,0.0,0.8745,0.0,2625.8,2.3,0.8745,0.149,0.0,0.0,0.336,0.0,0.032,0.0,0.0,0.0,0.273,9.0,1.8,1224.82,0.02,0.03992,0.0,0.0,1.0,1.488,5.0,0.0,0,5,0.0,0.0,0.0,0.0,0.0,0,0.0,0.0,0.1524,0.0,0.0,0.0,0.0,0.0,0.0,0.0,0.0,0.8475999999999999,0.8524083075563411,23.234861316,185.93973312000003,25.45585558992488,241.00749822
29_RT,5,Q3,Sign,FrostDam,6.0,26.5,0.0,3,4,0,0,76,0,1,0.0,0.0,0,0,5.0,0.6,0.712,0,0,0.2,0.0,0.0,0.0,0.2394,0.063,0.0,0.0,2833.89,3213.71,2.6,2.6,0.2389,0.063,0.149,0.136,2.4,2.14,0.051,0.001,0.028,0.00372,0.0,0.0,0.0,0.0,1,1.405,6.0,0,450.7600000000001,368.6690391459075,0.0,0.648,0.0,0.0,0.375,0.0,0.0,0.0,0.134,0.0,0.0,0.0,0.722,0.0,0.0,0.0,0.0,0.0,0.0,0.0,0.8288,1.0,External_Hazard,Not_Applicable,0.0,0,0.1119999999999999,0,-0.2,0.0,-0.1764,0.0,379.82000000000016,0.0,-0.1759,-0.0129999999999999,-0.2599999999999998,-0.0499999999999999,-0.02428,0.0,0.0,-82.09096085409254,0.648,0.0,-0.375,0.0,-0.134,0.0,-0.722,0.0,0.0,0.0,-0.2150099644128114,0.0,0.0,0.0,5.0,0.6,0.0,1.092,0.0,0.0,0.0,0.428,0.0,0.0,0.32,0.0,0.6,0.0,0.1727,0.0,2986.19,2.7,0.1722,0.145,0.0,0.746,0.0,0.0,0.0,0.522,0.0,0.0,0.375,13.0,2.6,2251.99,0.007,0.01038,0.0,0.0,1.0,2.263,7.0,0.0,0,5,0.0,0.0,0.0,0.0,0.0,0,0.0,0.0,0.075,0.0,0.0268,0.0,0.1444,0.0,0.0,0.0,0.0,0.7538,0.5387900355871886,33.60956712000001,211.30050618,27.488700896797155,239.62064502
30_RT,5,Q1,Animal,Dog,7.0,43.0,0.0,5,2,0,0,37,1,0,24.0,46.71,0,0,5.0,0.4,0.0,0,0,0.0,0.0,0.0,0.0,0.9182,1.0,0.0,0.0,2266.35,1880.33,1.4,1.0,0.9182,1.0,0.158,0.034,2.4,1.56,0.343,0.057,0.01139,0.0,0.8,0.0,16.9,43.7,1,1.285,7.0,1,212.276,42.26459143968872,0.0,0.883,0.0,0.0,0.0,0.0,0.0,0.0,0.0,0.0,1.043,0.0,0.0,0.0,0.0,0.0,0.0,0.0,0.0,0.0,1.0,1.0,External_Hazard,Not_Applicable,22.71,0,-0.4,0,0.0,0.0,0.0817999999999999,0.0,-386.02,-0.3999999999999999,0.0817999999999999,-0.124,-0.8399999999999999,-0.286,-0.01139,-0.8,26.800000000000004,-170.01140856031128,0.883,0.0,0.0,0.0,0.0,-1.043,0.0,0.0,0.0,0.0,-0.47855953307393,0.0,0.0,0.0,0.0,0.0,0.0,0.0,0.0,0.0,0.0,0.0,0.0,0.0,0.0,0.0,0.0,0.0,0.0,0.0,0.0,0.0,0.0,0.0,0.0,0.0,0.0,0.0,0.0,0.0,0.0,0.0,0.0,0.0,0.0,0.0,0.0,0.0,0.0,0.0,0.0,0.0,0.0,0.0,0,5,0.0,0.0,0.0,0.0,0.0,0,0.0,0.0,0.0,0.0,0.0,0.20859999999999998,0.0,0.0,0.0,0.0,0.0,0.7914,0.31284046692607,15.827723112000001,168.9835887,3.1513324669260707,140.20116546
30_RT,5,Q2,Name,Name2,5.0,43.0,0.0,5,2,0,0,37,1,0,48.0,14.48,0,0,5.0,0.2,0.0,0,0,0.2,0.0,0.0,0.0,0.8622,0.7435,0.0,0.0,3265.06,2219.56,1.7,1.9,0.8622,0.7435,0.138,0.108,2.4,1.93,0.191,0.32,0.00786,0.04525,0.2,0.241,21.4,43.2,1,4.144,5.0,0,301.892,183.65830115830116,0.0,0.0,0.0,0.465,0.11,0.0,0.0,0.0,0.0,0.0,0.107,0.0,0.0,0.0,0.031,0.0,0.0,0.289,0.0,0.0,1.0,1.0,Dashboard_Recall,Working_Memory,-33.519999999999996,0,-0.2,0,-0.2,0.0,-0.1186999999999999,0.0,-1045.5,0.1999999999999999,-0.1186999999999999,-0.03,-0.47,0.129,0.03739,0.0409999999999999,21.800000000000004,-118.23369884169884,0.0,0.465,-0.11,0.0,0.0,-0.107,0.0,-0.031,0.289,0.0,-0.1323498069498068,4.0,48.0,0.0,5.0,0.0,0.787,0.128,0.156,0.0,0.0,0.0,0.0,0.0,0.0,0.0,0.0,0.0,1.0,0.0,2478.16,1.5,1.0,0.159,1.058,0.282,0.193,0.0,0.042,0.0,0.0,0.0,0.0,13.0,2.6,1371.59,0.3,0.0,0.6,27.5,1.0,1.285,7.0,1.0,0,5,0.0,0.0,0.0,0.0,0.0,0,0.0,0.0,0.022,0.0,0.0,0.0214,0.0,0.0062,0.0,0.0,0.0,0.9504,0.8180501930501931,22.509671304,243.44940372000002,13.693930250965252,165.49483272
30_RT,5,Q3,Sign,FrostDam,7.0,43.0,0.0,5,2,0,0,37,1,0,48.0,0.0,0,0,5.0,0.6,0.0,0,0,0.2,0.0,0.0,0.0,0.2233,0.4234,0.0,0.0,3507.29,1794.89,2.4,3.4,0.2233,0.4234,0.137,0.125,2.4,2.63,0.211,0.1,0.00359,0.01049,0.4,0.658,23.6,60.0,1,1.52,7.0,0,336.852,165.90131578947367,0.187,0.43,0.173,0.0,0.0,0.0,0.0,0.0,0.0,0.0,0.0,0.0,0.0,0.0,0.0,0.0,0.0,0.0,0.0,0.0,1.0,1.0,External_Hazard,Not_Applicable,-48.0,0,-0.6,0,-0.2,0.0,0.2001,0.0,-1712.4,1.0,0.2001,-0.012,0.2299999999999999,-0.1109999999999999,0.0069,0.258,36.4,-170.9506842105263,0.243,-0.173,0.0,0.0,0.0,0.0,0.0,0.0,0.0,0.0,-0.2108947368421051,4.0,48.0,0.0,5.0,0.4,1.178,0.752,0.0,0.0,0.0,0.0,0.0,0.0,0.0,0.0,0.0,0.0,0.2143,0.0,3226.49,2.6,0.2143,0.162,0.139,0.348,0.0,0.0,0.0,0.0,0.0,0.0,0.0,13.0,2.6,1471.51,0.426,0.00184,0.4,25.3,1.0,4.144,5.0,0.0,0,5,0.0,0.0,0.0,0.0,0.0,0,0.0374,0.0346,0.0,0.0,0.0,0.0,0.0,0.0,0.0,0.0,0.0,0.928,0.7171052631578948,25.116358824,261.51055698,12.369933907894737,133.83058818
31_RT,5,Q1,Animal,Dog,6.0,1.67,12.0,1,4,3,0,7,0,1,0.0,0.0,0,0,5.0,0.2,0.0,0,0,0.2,0.0,0.0,0.0,0.6099,0.6423,0.0,0.0,2966.23,0.0,1.7,1.9,0.6029,0.6423,0.171,0.042,2.2,0.0,0.685,0.443,0.15969,0.02443,0.0,0.0,0.0,64.4,1,2.203,6.0,0,398.148,0.0,0.0,1.792,0.0,0.0,0.632,0.0,0.0,0.0,0.0,0.0,0.134,0.0,0.762,0.0,0.0,0.0,0.0,0.0,0.0,0.0,0.8476,1.0,External_Hazard,Not_Applicable,0.0,0,-0.2,0,-0.2,0.0,0.0323999999999999,0.0,-2966.23,0.1999999999999999,0.0393999999999999,-0.129,-2.2,-0.242,-0.13526,0.0,64.4,-398.148,1.792,0.0,-0.632,0.0,0.0,-0.134,-0.762,0.0,0.0,0.0,-0.5078362233318203,0.0,0.0,0.0,0.0,0.0,0.0,0.0,0.0,0.0,0.0,0.0,0.0,0.0,0.0,0.0,0.0,0.0,0.0,0.0,0.0,0.0,0.0,0.0,0.0,0.0,0.0,0.0,0.0,0.0,0.0,0.0,0.0,0.0,0.0,0.0,0.0,0.0,0.0,0.0,0.0,0.0,0.0,0.0,0,5,0.0,0.0,0.0,0.0,0.0,0,0.0,0.0,0.1264,0.0,0.0,0.0268,0.1524,0.0,0.0,0.0,0.0,0.6944,0.1865637766681797,29.686711176000003,221.16804126000002,0.0,0.0
31_RT,5,Q2,Name,Name2,5.0,1.67,12.0,1,4,3,0,7,0,1,0.0,0.0,0,0,5.0,0.4,0.0,0,0,0.4,0.0,0.0,0.0,0.7283,0.8866,0.0,0.0,3425.58,3729.7,2.4,2.6,0.7283,0.8866,0.145,0.134,2.2,2.55,0.014,0.031,0.08324,0.0149,0.0,0.0,0.0,0.0,1,2.354,5.0,0,526.73,544.4435004248088,0.0,0.0,0.0,0.0,0.594,0.235,0.0,0.0,0.0,0.0,0.0,0.0,0.902,0.258,0.498,0.0,0.0,0.0,0.0,0.0,0.8196,0.8903993203058623,Dashboard_Recall,Working_Memory,0.0,0,-0.4,0,-0.4,0.0,0.1583000000000001,0.0,304.1199999999999,0.2000000000000001,0.1583000000000001,-0.0109999999999999,0.3499999999999996,0.017,-0.06834,0.0,0.0,17.713500424808785,0.0,0.0,-0.359,0.0,0.0,0.0,-0.644,-0.498,0.0,0.0,0.1893692438402718,1.0,12.0,0.0,5.0,0.2,0.436,0.0,0.276,0.0,0.0,0.504,0.0,0.244,0.32,0.0,0.2,0.0,0.9061,0.0,2750.17,2.1,0.9061,0.151,0.454,0.0,0.304,0.0,0.0,0.431,0.0,0.296,0.404,14.0,2.8,2433.04,0.114,0.02341,0.0,0.0,1.0,2.203,6.0,0.0,0,5,0.0,0.0,0.0,0.0,0.0,0,0.0,0.0,0.11879999999999999,0.0,0.0,0.0,0.1804,0.0996,0.0,0.0,0.0,0.6012000000000001,0.7905692438402719,39.27404226,255.41809596000002,40.59479627867459,278.0938914
31_RT,5,Q3,Sign,FrostDam,7.0,1.67,12.0,1,4,3,0,7,0,1,0.0,0.0,0,0,5.0,0.4,0.0,0,0,0.0,0.0,0.0,0.0,0.0238,0.0314,0.0,0.0,3391.85,0.0,2.5,2.7,-0.004,0.0314,0.14,0.163,0.6,0.0,0.037,0.013,0.00092,8e-05,0.0,0.0,0.0,0.0,1,1.048,7.0,0,96.696,0.0,0.908,0.755,0.0,0.293,0.475,0.0,0.0,0.0,0.0,0.0,0.0,0.0,0.0,0.0,0.031,0.0,0.0,0.0,0.0,0.0,1.0,1.0,External_Hazard,Not_Applicable,0.0,0,-0.4,0,0.0,0.0,0.0075999999999999,0.0,-3391.85,0.2000000000000001,0.0354,0.0229999999999999,-0.6,-0.024,-0.00084,0.0,0.0,-96.696,-0.153,0.293,-0.475,0.0,0.0,0.0,0.0,-0.031,0.0,0.0,-0.7172,0.0,0.0,0.0,5.0,0.4,4.064,1.908,0.0,0.0,0.0,0.0,0.0,0.0,0.6,0.0,0.0,0.0,0.023,0.0,3391.85,2.5,-0.0051,0.14,0.0,0.932,0.031,0.0,0.0,0.0,0.0,0.0,0.475,3.0,0.6,483.48,0.037,0.00085,0.0,0.0,1.0,2.354,5.0,0.0,0,5,0.0,0.0,0.0,0.0,0.0,0,0.1816,0.0,0.095,0.0,0.0,0.0,0.0,0.0062,0.0,0.0,0.0,0.7172,0.0,7.209847152,252.9031197,0.0,0.0
32_RT,5,Q1,Animal,Dog,5.0,18.0,20.0,3,1,2,0,52,1,0,24.0,0.0,0,0,5.0,0.2,0.0,0,0,0.2,0.0,0.0,0.0,0.9219,0.7999,0.0,0.0,3175.47,1232.89,1.8,2.3,0.9219,0.7999,0.177,0.057,1.2,0.96,0.392,0.251,0.01214,0.00696,0.4,0.0,14.1,46.7,1,2.075,5.0,0,72.074,33.40722891566264,0.827,1.661,0.0,0.0,0.0,0.0,0.0,0.0,0.0,0.0,0.0,0.0,0.0,0.0,0.073,0.0,0.0,0.0,0.037,0.0,1.0,1.0,External_Hazard,Not_Applicable,-24.0,0,-0.2,0,-0.2,0.0,-0.122,0.0,-1942.5799999999997,0.4999999999999998,-0.122,-0.12,-0.24,-0.141,-0.00518,-0.4,32.6,-38.66677108433736,0.8340000000000001,0.0,0.0,0.0,0.0,0.0,0.0,-0.073,0.0,-0.037,-0.6130819277108432,0.0,0.0,0.0,0.0,0.0,0.0,0.0,0.0,0.0,0.0,0.0,0.0,0.0,0.0,0.0,0.0,0.0,0.0,0.0,0.0,0.0,0.0,0.0,0.0,0.0,0.0,0.0,0.0,0.0,0.0,0.0,0.0,0.0,0.0,0.0,0.0,0.0,0.0,0.0,0.0,0.0,0.0,0.0,0,5,0.0,0.0,0.0,0.0,0.0,0,0.1654,0.0,0.0,0.0,0.0,0.0,0.0,0.014599999999999998,0.0,0.0073999999999999995,0.0,0.8126,0.1995180722891567,5.373981588,236.76939414,2.490909802409638,91.92674418000001
32_RT,5,Q2,Name,Name2,6.0,18.0,20.0,3,1,2,0,52,1,0,12.0,0.0,0,0,5.0,0.0,0.0,0,0,0.0,0.0,0.0,0.0,1.0,0.896,0.0,0.0,3206.38,2268.28,2.1,2.2,1.0,0.896,0.117,0.03,1.4,1.39,0.443,0.366,0.0,0.00684,0.4,0.462,28.3,82.0,1,2.163,6.0,0,183.92,115.35367545076284,0.0,0.0,0.0,0.0,0.0,0.0,0.0,0.0,0.0,0.0,0.0,0.0,0.0,0.0,0.047,0.0,0.0,0.144,0.014,0.0,1.0,1.0,Dashboard_Recall,Working_Memory,-12.0,0,0.0,0,0.0,0.0,-0.1039999999999999,0.0,-938.1,0.1,-0.1039999999999999,-0.087,-0.01,-0.077,0.00684,0.062,53.7,-68.56632454923718,0.0,0.0,0.0,0.0,0.0,0.0,0.0,-0.047,0.144,-0.014,-0.0543742024965326,2.0,24.0,0.0,5.0,0.0,0.072,0.0,0.0,0.0,0.0,0.0,0.0,0.0,0.0,0.0,0.0,0.0,1.0,0.0,3572.07,1.8,1.0,0.127,0.094,0.0,0.0,0.0,0.039,0.0,0.0,0.106,0.0,8.0,1.6,1101.0,0.782,0.0,0.4,34.1,1.0,2.075,5.0,0.0,0,5,0.0,0.0,0.0,0.0,0.0,0,0.0,0.0,0.0,0.0,0.0,0.0,0.0,0.0094,0.0,0.0028,0.0,0.9878,0.9334257975034672,13.71344304,239.07410556000002,8.601000748959779,169.12749336000002
32_RT,5,Q3,Sign,FrostDam,6.0,18.0,20.0,3,1,2,0,52,1,0,24.0,0.0,0,0,5.0,0.4,0.0,0,0,0.2,0.0,0.0,0.0,0.1536,0.125,0.0,0.0,3147.44,0.0,2.0,1.4,0.1536,0.125,0.085,0.095,1.2,0.0,0.625,0.294,0.02356,0.00311,0.2,0.559,64.3,43.2,1,3.576,6.0,0,87.374,0.0,0.0,2.052,1.051,0.442,0.0,0.0,0.0,0.0,0.0,0.0,0.0,0.0,0.0,0.0,0.0,0.0,0.0,0.0,0.046,0.0,1.0,1.0,External_Hazard,Not_Applicable,-24.0,0,-0.4,0,-0.2,0.0,-0.0285999999999999,0.0,-3147.44,-0.6000000000000001,-0.0285999999999999,0.0099999999999999,-1.2,-0.331,-0.02045,0.359,-21.09999999999999,-87.374,2.052,-0.609,0.0,0.0,0.0,0.0,0.0,0.0,0.0,-0.046,-0.4780272930648769,2.0,24.0,0.0,5.0,0.4,4.324,0.388,0.0,0.0,0.0,0.0,0.0,0.0,0.0,0.0,0.2,0.0,0.255,0.0,2886.69,2.1,0.255,0.099,1.054,0.0,0.0,0.0,0.0,0.0,0.0,0.0,0.0,3.0,0.6,185.37,0.586,0.0506,0.4,47.5,1.0,2.163,6.0,0.0,0,5,0.0,0.0,0.0,0.0,0.0,0,0.0,0.2102,0.0,0.0,0.0,0.0,0.0,0.0,0.0,0.0092,0.0,0.7806,0.302572706935123,6.514780188,234.67942128,0.0,0.0
33_RT,5,Q1,Animal,Dog,7.0,6.0,1.0,3,3,2,0,53,0,1,36.0,0.0,0,0,5.0,0.2,0.0,0,0,0.2,0.0,0.0,0.0,0.5737,0.5772,0.0,0.0,2410.54,3527.0,1.4,2.5,0.5582,0.5772,0.181,0.108,3.0,0.46,1.15,0.244,0.18399,0.10204,0.2,0.0,0.0,14.5,1,2.182,7.0,0,435.514,95.21081576535288,0.0,1.32,0.0,0.0,0.118,0.259,0.0,0.0,0.0,0.0,0.074,0.0,1.053,0.0,0.134,0.0,0.0,0.0,0.0,0.0,0.7894,1.0,External_Hazard,Not_Applicable,-36.0,0,-0.2,0,-0.2,0.0,0.0035,0.0,1116.46,1.1,0.019,-0.073,-2.54,-0.906,-0.0819499999999999,-0.2,14.5,-340.3031842346471,1.32,0.0,0.141,0.0,0.0,-0.074,-1.053,-0.134,0.0,0.0,-0.4478480293308891,0.0,0.0,0.0,0.0,0.0,0.0,0.0,0.0,0.0,0.0,0.0,0.0,0.0,0.0,0.0,0.0,0.0,0.0,0.0,0.0,0.0,0.0,0.0,0.0,0.0,0.0,0.0,0.0,0.0,0.0,0.0,0.0,0.0,0.0,0.0,0.0,0.0,0.0,0.0,0.0,0.0,0.0,0.0,0,5,0.0,0.0,0.0,0.0,0.0,0,0.0,0.0,0.0236,0.0,0.0,0.014799999999999999,0.21059999999999998,0.0268,0.0,0.0,0.0,0.7242,0.2763519706691108,32.472794868,179.73468348,7.099108845096241,262.98017400000003
33_RT,5,Q2,Name,Name2,7.0,6.0,1.0,3,3,2,0,53,0,1,0.0,59.53,0,0,5.0,0.4,0.0,0,0,0.2,0.0,0.0,0.0,0.7986,1.0,0.0,0.0,2929.72,2873.69,2.7,2.5,0.7986,1.0,0.167,0.134,2.4,2.48,0.191,0.017,0.05884,0.0,0.0,0.0,0.0,0.0,1,2.016,7.0,0,476.316,440.4365079365079,0.0,0.345,0.0,0.0,0.086,0.0,0.0,0.0,0.0,0.0,0.0,0.03,0.733,0.04,0.292,0.0,0.0,0.0,0.398,0.0,0.8533999999999999,0.9801587301587301,Dashboard_Recall,Visual_Search,59.53,0,-0.4,0,-0.2,0.0,0.2014,0.0,-56.029999999999745,-0.2000000000000001,0.2014,-0.033,0.08,-0.174,-0.05884,0.0,0.0,-35.87949206349208,0.345,0.0,-0.086,0.0,0.0,0.03,-0.693,-0.292,0.0,-0.398,0.0959468253968253,0.0,0.0,0.0,5.0,0.4,1.349,0.0,0.708,0.0,0.0,0.0,0.0,0.456,0.0,0.0,0.2,0.0,0.8984,0.0,2235.71,2.4,0.8984,0.165,0.842,0.0,0.492,0.0,0.0,0.0,0.0,0.398,0.208,9.0,1.8,908.1,0.149,0.04092,0.4,0.0,1.0,2.182,7.0,0.0,0,5,0.0,0.0,0.0,0.0,0.0,0,0.0,0.0,0.0172,0.0,0.0,0.0,0.1466,0.058399999999999994,0.0,0.0796,0.0,0.6982,0.7941468253968254,35.515073592,218.44578264,32.8398269047619,214.26807378
33_RT,5,Q3,Sign,FrostDam,7.0,6.0,1.0,3,3,2,0,53,0,1,0.0,0.0,0,0,5.0,0.4,0.0,0,0,0.2,0.0,0.0,0.0,0.2756,0.0022,0.0,0.0,1976.13,2451.02,3.0,2.8,0.2551,-0.0001,0.161,0.156,2.2,1.29,0.332,0.009,0.14589,1e-05,0.2,0.0,13.4,0.0,1,1.554,7.0,0,159.222,126.62805662805664,0.296,0.42,0.334,0.197,1.169,0.0,0.0,0.0,0.0,0.0,0.0,0.0,0.0,0.0,0.0,0.0,0.0,0.0,0.0,0.0,1.0,1.0,External_Hazard,Not_Applicable,0.0,0,-0.4,0,-0.2,0.0,-0.2734,0.0,474.8899999999999,-0.2000000000000001,-0.2552,-0.005,-0.91,-0.323,-0.1458799999999999,-0.2,-13.4,-32.59394337194338,0.124,-0.137,-1.169,0.0,0.0,0.0,0.0,0.0,0.0,0.0,-0.037239897039897,0.0,0.0,0.0,5.0,0.4,0.204,0.0,0.0,0.0,0.0,0.0,0.149,0.0,1.12,0.0,0.2,0.0,0.3856,0.0,2179.04,3.0,0.365,0.158,0.334,0.0,0.0,0.0,0.0,0.0,0.187,0.0,1.169,11.0,2.2,1095.23,0.377,0.19331,0.4,13.4,1.0,2.016,7.0,0.0,0,5,0.0,0.0,0.0,0.0,0.0,0,0.059199999999999996,0.0668,0.2338,0.0,0.0,0.0,0.0,0.0,0.0,0.0,0.0,0.6402,0.6029601029601029,11.871910764,147.34420506,9.44164115830116,182.75295324
34_RT,5,Q1,Animal,Dog,4.0,27.0,5.0,3,4,1,0,68,1,0,48.0,19.47,0,0,5.0,0.2,0.0,0,0,0.2,0.0,0.0,0.0,0.6668,0.999,0.0,0.0,2884.13,1724.45,1.6,1.4,0.6668,0.999,0.14,0.056,2.4,2.27,0.478,0.362,0.13047,0.0,0.0,0.0,0.0,58.8,1,3.082,4.0,0,298.656,214.7469175859831,0.0,0.23,0.0,0.0,0.0,0.0,0.0,0.0,0.0,0.0,0.035,0.062,0.114,0.0,0.171,0.0,0.0,0.0,0.0,0.0,0.9772,1.0,External_Hazard,Not_Applicable,-28.53,0,-0.2,0,-0.2,0.0,0.3322,0.0,-1159.68,-0.2000000000000001,0.3322,-0.084,-0.1299999999999999,-0.1159999999999999,-0.13047,0.0,58.8,-83.90908241401686,0.23,0.0,0.0,0.0,0.0,0.0269999999999999,-0.114,-0.171,0.0,0.0,-0.0307436729396494,0.0,0.0,0.0,0.0,0.0,0.0,0.0,0.0,0.0,0.0,0.0,0.0,0.0,0.0,0.0,0.0,0.0,0.0,0.0,0.0,0.0,0.0,0.0,0.0,0.0,0.0,0.0,0.0,0.0,0.0,0.0,0.0,0.0,0.0,0.0,0.0,0.0,0.0,0.0,0.0,0.0,0.0,0.0,0,5,0.0,0.0,0.0,0.0,0.0,0,0.0,0.0,0.0,0.0,0.0,0.007000000000000001,0.0228,0.0342,0.0,0.0,0.0,0.936,0.9052563270603504,22.268388672,215.04650106000003,16.011959669046075,128.5784409
34_RT,5,Q2,Name,Name2,7.0,27.0,5.0,3,4,1,0,68,1,0,24.0,23.83,0,0,5.0,0.4,0.794,0,1,0.4,0.0,0.0,0.0,0.8268,0.8169,0.0,0.0,2589.34,3168.31,2.9,2.7,0.8268,0.8169,0.145,0.125,2.8,3.18,0.14,0.095,0.03825,0.00153,0.0,0.0,0.0,0.0,1,2.518,7.0,0,376.098,561.902303415409,0.0,0.342,0.0,0.0,0.0,0.0,0.0,0.0,0.0,0.0,0.064,0.0,0.205,0.161,0.0,0.107,0.0,0.0,0.0,0.032,0.959,0.9360603653693408,Dashboard_Recall,Visual_Search,-0.1700000000000017,0,0.394,1,-0.4,0.0,-0.0099,0.0,578.9699999999998,-0.1999999999999997,-0.0099,-0.0199999999999999,0.3800000000000003,-0.045,-0.03672,0.0,0.0,185.80430341540904,0.342,0.0,0.0,0.0,0.0,-0.064,-0.0439999999999999,0.107,0.0,0.032,-0.2011642573471008,4.0,48.0,0.0,5.0,0.2,0.0,0.0,0.0,0.0,0.0,0.156,0.0,0.0,0.0,0.0,0.2,0.0,0.8156,0.0,2961.72,2.9,0.8156,0.171,0.0,0.0,0.0,0.0,0.032,0.205,0.0,0.0,0.0,13.0,2.6,1533.97,0.34,0.03534,0.2,0.0,1.0,3.082,4.0,0.0,0,5,0.0,0.0,0.0,0.0,0.0,0,0.0,0.0,0.0,0.0,0.0,0.0128,0.040999999999999995,0.0,0.0,0.0,0.0,0.9462,0.7450357426528991,28.042619076,193.06636908000002,41.896559547259734,236.23553022000002
34_RT,5,Q3,Sign,FrostDam,1.0,27.0,5.0,3,4,1,0,68,1,0,48.0,92.8,0,0,5.0,0.2,0.0,0,0,0.2,0.0,0.0,0.0,0.2355,0.7108,0.0,0.0,2796.38,3161.95,2.7,3.4,0.2355,0.7108,0.168,0.128,2.6,2.71,0.171,0.227,0.03962,0.05107,0.0,0.387,0.0,18.0,0,2.586,1.0,1,274.51599999999996,400.2204176334107,0.0,0.131,0.46,0.067,0.0,0.0,0.0,0.0,0.304,0.0,0.0,0.081,0.0,0.0,0.0,0.0,0.0,0.0,0.0,0.0,0.9392,1.0,External_Hazard,Not_Applicable,44.8,0,-0.2,0,-0.2,0.0,0.4753,0.0,365.5699999999997,0.6999999999999997,0.4753,-0.04,0.1099999999999998,0.0559999999999999,0.0114499999999999,0.387,18.0,125.70441763341074,0.131,-0.393,0.0,0.0,-0.304,0.081,0.0,0.0,0.0,0.0,0.0449113689095128,4.0,48.0,0.0,5.0,0.4,1.041,0.0,0.0,0.0,0.0,0.0,0.0,0.0,0.0,0.0,0.2,0.0,0.2046,0.0,2773.6,2.9,0.2046,0.18,0.522,0.0,0.0,0.0,0.0,0.0,0.0,0.0,0.0,14.0,2.8,1274.57,0.211,0.02105,0.0,0.0,1.0,2.518,7.0,0.0,1,5,0.0,0.0,0.0,0.0,0.0,0,0.0,0.092,0.0,0.0,0.0608,0.0,0.0,0.0,0.0,0.0,0.0,0.8472,0.8921113689095128,20.468461991999998,208.50368556,29.841234779582372,235.7613159
35_RT,5,Q1,Animal,Dog,7.0,36.0,5.0,5,4,1,0,81,0,1,0.0,0.0,0,0,5.0,0.2,0.0,0,0,0.2,0.0,0.0,0.0,0.7874,0.8485,0.0,0.0,1605.29,1636.28,1.6,1.8,0.7874,0.8485,0.181,0.098,1.4,0.36,0.166,0.038,0.09723,0.02041,0.2,0.365,0.0,29.8,1,2.743,7.0,0,66.126,16.321545752825376,0.0,1.783,0.0,0.0,0.0,0.0,0.0,0.0,0.0,0.0,0.0,0.0,0.0,0.0,0.0,0.0,0.0,0.0,0.0,0.0,1.0,1.0,External_Hazard,Not_Applicable,0.0,0,-0.2,0,-0.2,0.0,0.0611,0.0,30.99000000000001,0.1999999999999999,0.0611,-0.0829999999999999,-1.04,-0.128,-0.07682,0.1649999999999999,29.8,-49.80445424717463,1.783,0.0,0.0,0.0,0.0,0.0,0.0,0.0,0.0,0.0,-0.6500182282172804,0.0,0.0,0.0,0.0,0.0,0.0,0.0,0.0,0.0,0.0,0.0,0.0,0.0,0.0,0.0,0.0,0.0,0.0,0.0,0.0,0.0,0.0,0.0,0.0,0.0,0.0,0.0,0.0,0.0,0.0,0.0,0.0,0.0,0.0,0.0,0.0,0.0,0.0,0.0,0.0,0.0,0.0,0.0,0,5,0.0,0.0,0.0,0.0,0.0,0,0.0,0.0,0.0,0.0,0.0,0.0,0.0,0.0,0.0,0.0,0.0,1.0,0.3499817717827196,4.930486812000001,119.69363298,1.2169670944221658,122.00430936000001
35_RT,5,Q2,Name,Name2,7.0,36.0,5.0,5,4,1,0,81,0,1,0.0,0.0,0,0,5.0,0.2,0.0,0,0,0.2,0.0,0.0,0.0,0.9186,1.0,0.0,0.0,2859.91,2876.53,2.0,1.3,0.9186,1.0,0.123,0.004,1.4,2.32,0.022,0.039,0.0105,0.0,0.0,0.0,12.9,88.0,1,1.29,7.0,0,355.166,551.5426356589147,0.067,0.0,0.0,0.0,0.0,0.0,0.0,0.0,0.0,0.0,0.0,0.0,0.23,0.292,0.0,0.0,0.0,0.0,0.0,0.0,0.954,0.7736434108527133,Dashboard_Recall,Working_Memory,0.0,0,-0.2,0,-0.2,0.0,0.0814,0.0,16.620000000000346,-0.7,0.0814,-0.119,0.92,0.017,-0.0105,0.0,75.1,196.37663565891472,-0.067,0.0,0.0,0.0,0.0,0.0,0.0619999999999999,0.0,0.0,0.0,-0.1669565891472869,0.0,0.0,0.0,5.0,0.2,0.048,0.048,0.0,0.0,0.0,0.0,0.1,0.0,0.0,0.0,0.0,0.0,0.9897,0.0,2499.84,1.6,0.9897,0.175,0.0,0.0,0.0,0.0,0.0,0.0,0.067,0.0,0.0,6.0,1.2,885.09,0.209,0.00087,0.4,13.1,1.0,2.743,7.0,0.0,0,5,0.0,0.0,0.0,0.0,0.0,0,0.0134,0.0,0.0,0.0,0.0,0.0,0.046,0.0,0.0,0.0,0.0,0.9406,0.7736434108527132,26.481887292,213.24060942,41.124122,214.47982986000002
35_RT,5,Q3,Sign,FrostDam,7.0,36.0,5.0,5,4,1,0,81,0,1,0.0,0.0,0,0,5.0,0.2,0.0,0,0,0.0,0.0,0.0,0.0,0.0514,0.1128,0.0,0.0,2608.01,0.0,1.8,2.1,0.0514,0.1128,0.206,0.134,1.4,0.0,0.33,0.013,0.0003,0.00025,0.4,0.0,28.0,1.3,1,1.205,7.0,0,202.766,0.0,1.285,2.411,0.308,0.0,0.0,0.0,0.0,0.0,0.0,0.0,0.0,0.0,0.371,0.0,0.0,0.0,0.0,0.0,0.0,0.0,0.9258,1.0,External_Hazard,Not_Applicable,0.0,0,-0.2,0,0.0,0.0,0.0613999999999999,0.0,-2608.01,0.3,0.0613999999999999,-0.0719999999999999,-1.4,-0.317,-4.999999999999997e-05,-0.4,-26.7,-202.766,1.126,-0.308,0.0,0.0,0.0,0.0,-0.371,0.0,0.0,0.0,-1.6080298755186722,0.0,0.0,0.0,5.0,0.4,0.448,0.0,0.0,0.0,0.0,0.396,0.0,0.0,0.0,0.0,0.2,0.0,0.6063,0.0,2433.56,1.7,0.6063,0.12,0.197,0.0,0.0,0.0,0.0,0.489,0.079,0.0,0.0,11.0,2.2,2373.18,0.093,0.17552,0.2,14.2,1.0,1.29,7.0,0.0,0,5,0.0,0.0,0.0,0.0,0.0,0,0.257,0.0616,0.0,0.0,0.0,0.0,0.0742,0.0,0.0,0.0,0.0,0.6072,-1.0008298755186722,15.118638492,194.45844162000003,0.0,0.0
36_RT,5,Q1,Animal,Dog,6.0,24.0,0.0,4,4,1,0,31,1,0,12.0,0.0,0,0,5.0,0.2,0.0,0,0,0.2,0.0,0.0,0.0,0.9623,0.6674,0.0,0.0,1629.73,2454.89,1.2,2.2,0.9623,0.6674,0.154,0.306,0.8,1.47,0.114,0.094,0.00481,0.00996,0.4,0.0,15.9,0.0,1,1.362,6.0,0,24.334,150.1468428781204,0.0,0.298,0.0,0.0,0.0,0.0,0.0,0.0,0.0,0.0,0.0,0.0,0.0,0.0,0.0,0.0,0.404,0.0,0.0,0.0,1.0,1.0,External_Hazard,Not_Applicable,-12.0,0,-0.2,0,-0.2,0.0,-0.2949,0.0,825.1599999999999,1.0000000000000002,-0.2949,0.152,0.6699999999999999,-0.02,0.00515,-0.4,-15.9,125.8128428781204,0.298,0.0,0.0,0.0,0.0,0.0,0.0,0.0,-0.404,0.0,-0.1379958883994126,0.0,0.0,0.0,0.0,0.0,0.0,0.0,0.0,0.0,0.0,0.0,0.0,0.0,0.0,0.0,0.0,0.0,0.0,0.0,0.0,0.0,0.0,0.0,0.0,0.0,0.0,0.0,0.0,0.0,0.0,0.0,0.0,0.0,0.0,0.0,0.0,0.0,0.0,0.0,0.0,0.0,0.0,0.0,0,5,0.0,0.0,0.0,0.0,0.0,0,0.0,0.0,0.0,0.0,0.0,0.0,0.0,0.0,0.08080000000000001,0.0,0.0,0.9192,0.7812041116005873,1.814391708,121.51592826000001,11.195248898678413,183.04150818
36_RT,5,Q2,Name,Name2,7.0,24.0,0.0,4,4,1,0,31,1,0,12.0,23.17,0,0,5.0,0.0,0.0,0,0,0.0,0.0,0.0,0.0,1.0,0.987,0.0,0.0,1329.46,2470.45,1.8,3.0,1.0,0.987,0.172,0.207,1.4,2.7,0.17,0.089,0.0,0.00037,0.4,0.386,30.6,10.5,1,2.589,7.0,0,51.064,404.2410196987254,0.0,0.744,0.0,0.0,0.0,0.103,0.0,0.0,0.0,0.0,0.0,0.0,0.0,0.138,0.0,0.192,0.0,0.0,0.0,0.0,1.0,0.9466975666280417,Dashboard_Recall,Visual_Search,11.170000000000002,0,0.0,0,0.0,0.0,-0.013,0.0,1140.9899999999998,1.2,-0.013,0.035,1.3000000000000005,-0.081,0.00037,-0.014,-20.1,353.17701969872536,0.744,0.0,0.103,0.0,0.0,0.0,0.138,0.192,0.0,0.0,-0.4546156817303979,0.0,0.0,0.0,5.0,0.2,0.0,0.0,0.0,0.0,0.0,0.0,0.0,0.0,0.0,0.0,0.2,0.0,0.9864,0.0,1391.88,1.8,0.9864,0.099,0.0,0.0,0.0,0.0,0.0,0.0,0.0,0.0,0.0,3.0,0.6,116.93,0.241,0.00175,0.4,48.4,1.0,1.362,6.0,0.0,1,5,0.0,0.0,0.0,0.0,0.0,0,0.0,0.0,0.0,0.0,0.0,0.0,0.0,0.0,0.0,0.0,0.0,1.0,0.5453843182696021,3.8074339680000002,99.12719652000001,30.141018910776364,184.20169289999998
36_RT,5,Q3,Sign,FrostDam,1.0,24.0,0.0,4,4,1,0,31,1,0,12.0,0.0,0,0,5.0,0.4,0.0,0,0,0.2,0.0,0.0,0.0,0.2259,0.841,0.0,0.0,2459.17,2280.58,2.2,2.0,0.2103,0.841,0.166,0.005,1.0,3.07,0.172,0.103,0.02283,0.03535,0.4,0.0,35.4,95.2,0,2.603,1.0,1,75.66799999999999,386.41567422205145,0.0,0.0,0.0,0.566,0.0,0.171,0.0,0.0,0.0,0.0,0.036,0.0,0.0,0.0,0.0,0.035,0.0,0.0,0.0,0.0,1.0,1.0,External_Hazard,Not_Applicable,-12.0,0,-0.4,0,-0.2,0.0,0.6151,0.0,-178.59000000000017,-0.2000000000000001,0.6307,-0.161,2.07,-0.0689999999999999,0.01252,-0.4,59.8,310.74767422205144,0.0,0.566,0.171,0.0,0.0,-0.036,0.0,0.035,0.0,0.0,-0.2893808682289667,1.0,12.0,0.0,5.0,0.6,0.0,0.0,0.0,0.132,0.0,0.0,0.0,0.0,0.0,1.0,0.4,0.0,0.2597,0.0,2320.64,2.2,-0.0328,0.132,0.0,0.0,0.0,0.039,0.008,0.0,0.0,0.0,0.0,7.0,1.4,523.71,0.16,0.09703,0.2,50.9,1.0,2.589,7.0,0.0,0,5,0.0,0.0,0.0,0.0,0.0,0,0.0,0.0,0.0,0.0,0.0,0.0072,0.0,0.0,0.0,0.0,0.0,0.9928,0.7034191317710334,5.6419574159999994,183.36063354,28.8119255013446,170.04460596
37_RT,5,Q1,Animal,Dog,5.0,39.0,43.0,5,2,4,0,31,0,1,0.0,40.01,0,0,5.0,0.2,0.0,0,0,0.2,0.0,0.0,0.0,0.7239,0.9749,0.0,0.0,1404.14,1706.71,1.7,1.4,0.7239,0.9749,0.202,0.013,0.4,1.33,0.334,0.081,0.11769,8e-05,0.2,0.0,6.4,82.3,1,1.5,5.0,0,16.06,95.26,0.247,1.013,0.0,0.0,0.0,0.0,0.0,0.0,0.0,0.0,0.0,0.0,0.0,0.0,0.0,0.0,0.0,0.0,0.0,0.0,1.0,1.0,External_Hazard,Not_Applicable,40.01,0,-0.2,0,-0.2,0.0,0.251,0.0,302.56999999999994,-0.3,0.251,-0.189,0.93,-0.253,-0.11761,-0.2,75.89999999999999,79.19999999999999,0.7659999999999999,0.0,0.0,0.0,0.0,0.0,0.0,0.0,0.0,0.0,-0.6259333333333332,0.0,0.0,0.0,0.0,0.0,0.0,0.0,0.0,0.0,0.0,0.0,0.0,0.0,0.0,0.0,0.0,0.0,0.0,0.0,0.0,0.0,0.0,0.0,0.0,0.0,0.0,0.0,0.0,0.0,0.0,0.0,0.0,0.0,0.0,0.0,0.0,0.0,0.0,0.0,0.0,0.0,0.0,0.0,0,5,0.0,0.0,0.0,0.0,0.0,0,0.0494,0.0,0.0,0.0,0.0,0.0,0.0,0.0,0.0,0.0,0.0,0.9506,0.3246666666666667,1.19746572,104.69548668000002,7.102776120000001,127.25571102
37_RT,5,Q2,Name,Name2,6.0,39.0,43.0,5,2,4,0,31,0,1,12.0,0.0,0,0,5.0,0.0,0.0,0,0,0.0,0.0,0.0,0.0,0.9952,0.9731,0.0,0.0,2199.62,2918.62,1.6,1.9,0.9952,0.9731,0.138,0.143,1.4,0.79,0.031,0.002,4e-05,6e-05,0.0,0.0,0.0,0.0,1,1.268,6.0,0,173.462,345.81230283911674,0.0,0.283,0.0,0.0,0.0,0.0,0.0,0.0,0.0,0.0,0.0,0.0,0.0,0.0,0.299,0.0,0.0,0.0,0.0,0.0,1.0,1.0,Dashboard_Recall,Visual_Search,-12.0,0,0.0,0,0.0,0.0,-0.0221,0.0,719.0,0.2999999999999998,-0.0221,0.0049999999999999,-0.6099999999999999,-0.0289999999999999,2e-05,0.0,0.0,172.35030283911675,0.283,0.0,0.0,0.0,0.0,0.0,0.0,-0.299,0.0,0.0,-0.1633861198738169,0.0,0.0,0.0,5.0,0.4,0.0,0.0,0.244,0.0,0.088,0.0,0.0,0.0,0.0,0.0,0.4,0.0,0.8737,0.0,1950.13,1.5,0.8737,0.142,0.0,0.0,0.202,0.0,0.094,0.0,0.0,0.0,0.0,5.0,1.0,540.24,0.121,0.01582,0.0,0.0,1.0,1.5,5.0,0.0,0,5,0.0,0.0,0.0,0.0,0.0,0,0.0,0.0,0.0,0.0,0.0,0.0,0.0,0.0598,0.0,0.0,0.0,0.9402,0.776813880126183,12.933673644,164.00806644,25.78445692429022,217.61814444
37_RT,5,Q3,Sign,FrostDam,7.0,39.0,43.0,5,2,4,0,31,0,1,0.0,48.17,0,0,5.0,0.4,0.0,0,0,0.2,0.0,0.0,0.0,0.1329,0.232,0.0,0.0,1714.67,2261.39,2.5,2.7,0.1329,0.232,0.167,0.122,1.2,3.21,0.047,0.002,0.00402,0.00287,0.0,0.0,0.0,0.0,1,1.246,7.0,0,81.502,305.1685393258427,0.543,0.0,0.352,0.0,0.0,0.0,0.0,0.0,0.0,0.0,0.0,0.0,0.0,0.0,0.0,0.0,0.0,0.0,0.0,0.0,1.0,1.0,External_Hazard,Not_Applicable,48.17,0,-0.4,0,-0.2,0.0,0.0991,0.0,546.7199999999998,0.2000000000000001,0.0991,-0.045,2.01,-0.045,-0.00115,0.0,0.0,223.66653932584268,-0.543,-0.352,0.0,0.0,0.0,0.0,0.0,0.0,0.0,0.0,0.1789999999999999,1.0,12.0,0.0,5.0,0.2,0.464,0.152,0.0,0.0,0.0,0.0,0.036,0.0,0.0,0.0,0.2,0.0,0.4085,0.0,1899.73,2.2,0.4085,0.165,0.246,0.064,0.0,0.0,0.0,0.0,0.052,0.0,0.0,9.0,1.8,1005.25,0.099,0.08563,0.0,0.0,1.0,1.268,6.0,0.0,0,5,0.0,0.0,0.0,0.0,0.0,0,0.1086,0.07039999999999999,0.0,0.0,0.0,0.0,0.0,0.0,0.0,0.0,0.0,0.8210000000000001,1.0,6.076952124,127.84922454000001,22.753976629213483,168.61376118
01_RT,6,Q1,Sign,LeftBend,6.0,10.0,7.0,3,4,0,0,20,0,1,0.0,0.0,0,0,5.0,0.4,0.0,1,0,0.4,0.0,0.0,0.0,0.6182,1.0,0.0,0.0,2291.84,1138.38,2.3,1.9,0.6078,1.0,0.236,0.303,1.2,0.24,1.209,0.718,0.11368,0.0,0.6,0.238,3.6,47.0,1,4.193,6.0,0,98.676,27.448127832101125,0.0,0.0,0.0,0.0,0.0,0.0,0.0,0.0,0.0,0.0,0.0,0.0,0.0,0.0,0.0,0.0,0.0,0.0,0.0,0.0,1.0,1.0,External_Hazard,Not_Applicable,0.0,0,-0.4,-1,-0.4,0.0,0.3818,0.0,-1153.46,-0.3999999999999999,0.3922,0.067,-0.96,-0.4910000000000001,-0.11368,-0.362,43.4,-71.22787216789888,0.0,0.0,0.0,0.0,0.0,0.0,0.0,0.0,0.0,0.0,0.0,0.0,0.0,0.0,0.0,0.0,0.0,0.0,0.0,0.0,0.0,0.0,0.0,0.0,0.0,0.0,0.0,0.0,0.0,0.0,0.0,0.0,0.0,0.0,0.0,0.0,0.0,0.0,0.0,0.0,0.0,0.0,0.0,0.0,0.0,0.0,0.0,0.0,0.0,0.0,0.0,0.0,0.0,0.0,0,6,0.0,0.0,0.0,0.0,0.0,0,0.0,0.0,0.0,0.0,0.0,0.0,0.0,0.0,0.0,0.0,0.0,1.0,1.0,7.3574799120000005,170.88417408,2.0465873074171244,84.87988956000001
02_RT,6,Q1,Sign,LeftBend,4.0,1.0,10.0,1,5,2,0,0,0,1,0.0,0.0,0,0,5.0,0.4,0.0,0,0,0.2,0.0,0.0,0.0,0.7977,0.4008,0.0,0.0,1984.43,1617.76,1.9,1.4,0.7977,0.4008,0.115,0.092,1.8,0.78,0.031,0.006,0.01454,0.00081,0.0,0.0,0.0,0.0,1,1.281,4.0,0,159.03,41.06947697111632,0.712,0.735,0.76,0.475,0.135,0.0,0.0,0.0,0.0,0.0,0.173,0.0,0.0,0.0,0.199,0.0,0.0,0.0,0.0,0.0,1.0,1.0,External_Hazard,Not_Applicable,0.0,0,-0.4,0,-0.2,0.0,-0.3969,0.0,-366.6700000000001,-0.5,-0.3969,-0.023,-1.02,-0.025,-0.01373,0.0,0.0,-117.96052302888369,0.023,-0.285,-0.135,0.0,0.0,-0.173,0.0,-0.199,0.0,0.0,-0.5487745511319282,0.0,0.0,0.0,0.0,0.0,0.0,0.0,0.0,0.0,0.0,0.0,0.0,0.0,0.0,0.0,0.0,0.0,0.0,0.0,0.0,0.0,0.0,0.0,0.0,0.0,0.0,0.0,0.0,0.0,0.0,0.0,0.0,0.0,0.0,0.0,0.0,0.0,0.0,0.0,0.0,0.0,0.0,0.0,0,6,0.0,0.0,0.0,0.0,0.0,0,0.1424,0.152,0.027000000000000003,0.0,0.0,0.0346,0.0,0.0398,0.0,0.0,0.0,0.6042,0.0554254488680717,11.85759486,147.96306966,3.0622223419203753,120.62342112
02_RT,6,Q3,Animal,Sheep,6.0,1.0,10.0,1,5,2,0,0,0,1,0.0,0.0,0,0,5.0,0.0,0.0,0,0,0.0,0.0,0.0,0.0,1.0,0.9032,0.0,0.0,2625.2,0.0,1.6,1.3,-1.0,-0.9032,0.112,0.028,2.0,0.0,0.26,0.063,0.0,0.00155,0.2,0.0,11.6,74.8,1,1.285,6.0,0,267.76,0.0,0.535,1.285,0.0,0.0,0.0,0.0,0.0,0.0,0.0,0.0,0.26,0.0,0.729,0.0,0.039,0.0,0.834,0.0,0.0,0.0,0.8542000000000001,1.0,External_Hazard,Not_Applicable,0.0,0,0.0,0,0.0,0.0,-0.0968,0.0,-2625.2,-0.3,0.0968,-0.084,-2.0,-0.197,0.00155,-0.2,63.2,-267.76,0.7499999999999999,0.0,0.0,0.0,0.0,-0.26,-0.729,-0.039,-0.834,0.0,-0.5206,0.0,0.0,0.0,5.0,0.4,0.0,0.0,0.0,0.252,0.0,0.0,0.0,0.0,0.188,0.0,0.0,0.0,0.594,0.0,2311.68,1.9,0.265,0.106,0.0,0.0,0.0,0.041,0.0,0.0,0.0,0.0,0.239,16.0,3.2,1527.7,0.538,0.32528,0.4,40.5,1.0,1.521,7.0,0.0,0,6,0.0,0.0,0.0,0.0,0.0,0,0.10700000000000001,0.0,0.0,0.0,0.0,0.052000000000000005,0.14579999999999999,0.0078,0.1668,0.0,0.0,0.5206,0.0,19.96472112,195.7401624,0.0,0.0
03_RT,6,Q1,Sign,LeftBend,7.0,6.0,1.0,1,2,0,0,96,1,0,48.0,0.0,0,0,5.0,0.4,0.0,0,0,0.2,0.0,0.0,0.0,0.8146,0.8459,0.0,0.0,2932.74,2503.48,1.9,1.4,0.8146,0.8459,0.129,0.106,1.6,0.45,0.026,0.06,0.01669,0.00121,0.0,0.0,0.0,0.2,1,2.224,7.0,0,218.65,55.34622302158273,0.0,1.327,0.036,0.0,0.037,0.0,0.0,0.0,0.0,0.0,0.0,0.0,0.0,0.0,0.234,0.0,0.0,0.0,0.0,0.0,1.0,1.0,External_Hazard,Not_Applicable,-48.0,0,-0.4,0,-0.2,0.0,0.0312999999999999,0.0,-429.25999999999976,-0.5,0.0312999999999999,-0.023,-1.15,0.034,-0.01548,0.0,0.2,-163.30377697841726,1.327,-0.036,-0.037,0.0,0.0,0.0,0.0,-0.234,0.0,0.0,-0.5352726618705035,0.0,0.0,0.0,0.0,0.0,0.0,0.0,0.0,0.0,0.0,0.0,0.0,0.0,0.0,0.0,0.0,0.0,0.0,0.0,0.0,0.0,0.0,0.0,0.0,0.0,0.0,0.0,0.0,0.0,0.0,0.0,0.0,0.0,0.0,0.0,0.0,0.0,0.0,0.0,0.0,0.0,0.0,0.0,0,6,0.0,0.0,0.0,0.0,0.0,0,0.0,0.0072,0.0073999999999999995,0.0,0.0,0.0,0.0,0.0468,0.0,0.0,0.0,0.9386,0.4033273381294964,16.302981300000003,218.67095988,4.126725080935252,186.66447576000002
03_RT,6,Q3,Animal,Sheep,4.0,6.0,1.0,1,2,0,0,96,1,0,24.0,63.22,0,0,5.0,0.0,0.527,1,0,0.0,0.0,0.0,0.0,1.0,0.9734,0.0,0.0,2266.25,3200.92,2.0,1.4,-1.0,-0.9734,0.124,0.108,2.2,2.11,0.56,0.015,0.0,0.00014,0.4,0.0,33.1,0.0,1,1.898,4.0,0,176.666,272.4762908324552,0.038,0.677,0.0,0.0,0.106,0.0,0.0,0.0,0.0,0.0,0.0,0.0,0.0,0.0,0.273,0.0,0.0,0.0,0.169,0.0,1.0,1.0,External_Hazard,Not_Applicable,39.22,0,0.527,-1,0.0,0.0,-0.0265999999999999,0.0,934.67,-0.6000000000000001,0.0265999999999999,-0.016,-0.0900000000000003,-0.545,0.00014,-0.4,-33.1,95.81029083245522,0.639,0.0,-0.106,0.0,0.0,0.0,0.0,-0.273,0.0,-0.169,-0.2394912539515279,2.0,24.0,0.0,5.0,0.0,0.0,0.0,0.14,0.0,0.0,1.715,0.0,0.0,0.0,0.0,0.0,0.0,0.2261,0.0,3636.11,1.1,0.0088,0.012,0.0,0.0,0.168,0.0,0.0,1.862,0.0,0.0,0.033,14.0,2.8,2533.55,0.803,0.08464,0.2,89.0,1.0,1.592,4.0,0.0,0,6,0.0,0.0,0.0,0.0,0.0,0,0.0076,0.0,0.0212,0.0,0.0,0.0,0.0,0.0546,0.0,0.033800000000000004,0.0,0.8827999999999999,0.643308746048472,13.172570292,168.9761325,20.316377197049526,238.66699704
04_RT,6,Q1,Sign,LeftBend,7.0,5.0,10.0,1,4,0,0,74,1,0,0.0,0.0,0,0,5.0,0.2,0.0,0,0,0.2,0.0,0.0,0.0,0.7324,0.9047,0.0,0.0,3252.18,1690.54,1.6,0.9,0.7324,0.9047,0.078,0.165,1.8,0.97,0.131,0.063,0.04441,3e-05,0.4,0.0,39.2,0.0,1,1.036,7.0,1,555.4399999999999,55.019305019305015,0.553,0.421,1.058,0.154,0.0,0.0,0.0,0.0,0.0,0.0,0.0,0.0,1.175,0.0,0.0,0.0,0.0,0.0,0.0,0.0,0.765,1.0,External_Hazard,Not_Applicable,0.0,0,-0.2,0,-0.2,0.0,0.1722999999999999,0.0,-1561.64,-0.7000000000000001,0.1722999999999999,0.087,-0.8300000000000001,-0.068,-0.0443799999999999,-0.4,-39.2,-500.4206949806949,-0.132,-0.904,0.0,0.0,0.0,0.0,-1.175,0.0,0.0,0.0,0.0021806949806951,0.0,0.0,0.0,0.0,0.0,0.0,0.0,0.0,0.0,0.0,0.0,0.0,0.0,0.0,0.0,0.0,0.0,0.0,0.0,0.0,0.0,0.0,0.0,0.0,0.0,0.0,0.0,0.0,0.0,0.0,0.0,0.0,0.0,0.0,0.0,0.0,0.0,0.0,0.0,0.0,0.0,0.0,0.0,0,6,0.0,0.0,0.0,0.0,0.0,0,0.1106,0.2116,0.0,0.0,0.0,0.0,0.23500000000000001,0.0,0.0,0.0,0.0,0.4427999999999999,0.444980694980695,41.41471728,242.48904516,4.1023494208494204,126.05004348
04_RT,6,Q3,Animal,Sheep,7.0,5.0,10.0,1,4,0,0,74,1,0,0.0,0.0,0,0,5.0,0.2,0.0,0,0,0.0,0.0,0.0,0.0,0.8473,0.4754,0.0,0.0,3011.75,0.0,1.7,1.2,-0.8473,-0.4754,0.074,0.033,1.6,0.0,0.252,0.04,0.03358,0.00114,0.4,0.0,55.5,46.4,1,1.378,7.0,0,198.726,0.0,1.075,0.484,0.0,0.0,0.0,0.0,0.0,0.0,0.032,0.0,0.0,0.0,0.065,0.0,0.0,0.0,0.68,0.0,0.0,0.0,0.9806,1.0,External_Hazard,Not_Applicable,0.0,0,-0.2,0,0.0,0.0,-0.3719,0.0,-3011.75,-0.5,0.3719,-0.0409999999999999,-1.6,-0.212,-0.03244,-0.4,-9.1,-198.726,-0.591,0.0,0.0,0.0,-0.032,0.0,-0.065,0.0,-0.68,0.0,0.019166328011611,0.0,0.0,0.0,5.0,0.0,0.0,0.0,0.0,0.0,0.0,0.856,0.0,0.0,0.0,0.0,0.0,0.0,0.4892,0.0,3539.61,1.7,0.1674,0.12,0.0,0.0,0.032,0.135,0.0,0.844,0.0,0.0,0.034,15.0,3.0,3214.31,0.229,0.31951,0.4,22.5,1.0,1.025,7.0,0.0,0,6,0.0,0.0,0.0,0.0,0.0,0,0.215,0.0,0.0,0.0,0.0064,0.0,0.013000000000000001,0.0,0.136,0.0,0.0,0.6296,0.648766328011611,14.817408012000001,224.5621035,0.0,0.0
05_RT,6,Q1,Sign,LeftBend,4.0,11.0,5.0,2,4,1,0,36,0,1,0.0,0.0,0,0,5.0,0.4,0.0,0,0,0.2,0.0,0.0,0.0,0.7462,0.978,0.0,0.0,2632.47,3295.63,1.8,1.5,0.7462,0.978,0.117,0.128,1.2,1.64,0.021,0.013,0.09989,0.00153,0.0,0.0,0.0,0.0,1,1.831,4.0,0,190.64,179.24631348989624,0.363,0.328,2.692,0.513,0.0,0.0,0.0,0.0,0.0,0.0,0.0,0.0,0.0,0.0,0.733,0.1,0.0,0.0,0.0,0.0,1.0,1.0,External_Hazard,Not_Applicable,0.0,0,-0.4,0,-0.2,0.0,0.2318,0.0,663.1600000000003,-0.3,0.2318,0.0109999999999999,0.4399999999999999,-0.008,-0.09836,0.0,0.0,-11.393686510103777,-0.0349999999999999,-2.1790000000000003,0.0,0.0,0.0,0.0,0.0,-0.633,0.0,0.0,0.2436731840524304,0.0,0.0,0.0,0.0,0.0,0.0,0.0,0.0,0.0,0.0,0.0,0.0,0.0,0.0,0.0,0.0,0.0,0.0,0.0,0.0,0.0,0.0,0.0,0.0,0.0,0.0,0.0,0.0,0.0,0.0,0.0,0.0,0.0,0.0,0.0,0.0,0.0,0.0,0.0,0.0,0.0,0.0,0.0,1,6,0.0,0.0,0.0,0.0,0.0,0,0.0726,0.5384,0.0,0.0,0.0,0.0,0.0,0.1466,0.0,0.0,0.0,0.2423999999999999,0.4860731840524304,14.21449968,196.28222814,13.364963626433644,245.72876406000003
05_RT,6,Q3,Animal,Sheep,7.0,11.0,5.0,2,4,1,0,36,0,1,0.0,0.0,0,0,5.0,0.4,0.0,0,0,0.2,0.0,0.0,0.0,0.6029,1.0,0.0,0.0,2454.5,1884.73,1.8,1.7,-0.6029,-1.0,0.106,0.135,1.4,1.08,0.033,0.008,0.01143,0.0,0.0,0.0,0.0,0.0,1,0.93,7.0,0,230.26799999999997,132.2043010752688,1.222,0.693,0.0,0.0,0.0,0.0,0.0,0.0,0.358,0.0,0.0,0.0,0.0,0.0,0.262,0.17,0.294,0.0,0.071,0.0,0.9284,1.0,External_Hazard,Not_Applicable,0.0,0,-0.4,0,-0.2,0.0,0.3971,0.0,-569.77,-0.1,-0.3971,0.029,-0.3199999999999998,-0.025,-0.01143,0.0,0.0,-98.06369892473116,-0.529,0.0,0.0,0.0,-0.358,0.0,0.0,-0.092,-0.294,-0.071,-0.4865569892473117,0.0,0.0,0.0,5.0,0.4,0.0,0.0,0.168,0.0,0.0,0.288,0.288,0.14,0.12,0.0,0.2,0.0,0.7286,0.0,2455.34,1.6,-0.101,0.121,0.0,0.0,0.273,0.0,0.0,0.17,0.072,0.032,0.102,9.0,1.8,1529.1,0.04,0.58021,0.0,0.0,1.0,1.331,7.0,0.0,0,6,0.0,0.0,0.0,0.0,0.0,0,0.2444,0.0,0.0,0.0,0.0716,0.0,0.0,0.0524,0.0588,0.014199999999999999,0.0,0.5586,0.0720430107526882,17.169242616,183.012429,9.857417096774192,140.52923826
06_RT,6,Q1,Sign,LeftBend,7.0,42.0,0.0,5,3,0,0,61,0,1,0.0,0.0,0,0,5.0,0.4,0.605,0,0,0.2,0.0,0.0,0.0,0.7535,0.5771,0.0,0.0,2160.39,1969.44,1.7,1.1,0.7535,0.5771,0.096,0.163,1.2,1.21,0.365,0.134,0.10043,0.00024,0.2,0.0,21.8,0.0,1,1.653,7.0,0,76.126,81.45190562613429,0.767,0.0,0.766,0.0,0.0,0.0,0.0,0.0,0.0,0.0,0.0,0.0,0.0,0.0,0.0,0.0,0.0,0.0,0.0,0.0,1.0,1.0,External_Hazard,Not_Applicable,0.0,0,0.2049999999999999,0,-0.2,0.0,-0.1764,0.0,-190.94999999999985,-0.5999999999999999,-0.1764,0.067,0.01,-0.2309999999999999,-0.10019,-0.2,-21.8,5.325905626134286,-0.767,-0.766,0.0,0.0,0.0,0.0,0.0,0.0,0.0,0.0,0.3066,0.0,0.0,0.0,0.0,0.0,0.0,0.0,0.0,0.0,0.0,0.0,0.0,0.0,0.0,0.0,0.0,0.0,0.0,0.0,0.0,0.0,0.0,0.0,0.0,0.0,0.0,0.0,0.0,0.0,0.0,0.0,0.0,0.0,0.0,0.0,0.0,0.0,0.0,0.0,0.0,0.0,0.0,0.0,0,6,0.0,0.0,0.0,0.0,0.0,0,0.1534,0.1532,0.0,0.0,0.0,0.0,0.0,0.0,0.0,0.0,0.0,0.6934,1.0,5.6761068120000004,161.08299918,6.073216987295825,146.84538528000002
06_RT,6,Q3,Animal,Sheep,7.0,42.0,0.0,5,3,0,0,61,0,1,0.0,0.0,0,0,5.0,0.0,0.0,0,0,0.0,0.0,0.0,0.0,1.0,0.747,0.0,0.0,2604.94,2500.84,1.5,1.0,-1.0,-0.747,0.088,0.004,1.0,3.28,0.174,0.021,0.0,0.00989,0.4,0.0,46.4,100.0,1,1.221,7.0,1,89.99,316.7567567567567,1.168,0.072,0.0,0.0,0.0,0.0,0.0,0.0,0.0,0.0,0.0,0.331,0.068,0.03,0.162,0.0,0.0,0.0,0.0,0.0,0.9863999999999999,0.9754299754299754,External_Hazard,Not_Applicable,0.0,0,0.0,0,0.0,0.0,-0.253,0.0,-104.09999999999992,-0.5,0.253,-0.0839999999999999,2.28,-0.153,0.00989,-0.4,53.6,226.7667567567567,-1.096,0.0,0.0,0.0,0.0,0.331,-0.038,-0.162,0.0,0.0,-0.0750273546273546,0.0,0.0,0.0,5.0,0.2,0.0,0.0,0.0,1.155,0.0,0.0,0.0,0.0,0.0,0.0,0.0,0.0,0.8241,0.0,2529.45,1.4,0.8241,0.108,0.0,0.0,0.0,0.0,0.0,0.0,0.0,0.0,0.0,6.0,1.2,472.87,0.004,0.10291,0.0,8.2,1.0,1.764,7.0,0.0,0,6,0.0,0.0,0.0,0.0,0.0,0,0.23359999999999997,0.0,0.0,0.0,0.0,0.0,0.013600000000000001,0.0324,0.0,0.0,0.0,0.7204,0.6453726453726454,6.70983438,194.22953628000002,23.618017297297296,186.46763208000002
07_RT,6,Q1,Sign,LeftBend,7.0,21.0,36.0,3,1,2,0,59,1,0,0.0,0.0,0,0,5.0,0.2,0.0,0,0,0.2,0.0,0.0,0.0,0.4207,0.9287,0.0,0.0,0.0,2931.91,1.4,1.8,0.4207,0.9287,0.11,0.017,0.0,1.1,0.34,0.231,0.09114,0.00839,0.4,0.55,45.1,94.8,1,1.82,7.0,0,0.0,213.13736263736263,0.804,0.877,0.774,0.19,0.0,0.0,0.0,0.0,0.0,0.0,0.0,0.068,0.0,0.0,0.0,0.0,0.0,0.0,0.0,0.0,1.0,1.0,External_Hazard,Not_Applicable,0.0,0,-0.2,0,-0.2,0.0,0.508,0.0,2931.91,0.4000000000000001,0.508,-0.093,1.1,-0.109,-0.08275,0.15,49.7,213.13736263736263,0.0729999999999999,-0.5840000000000001,0.0,0.0,0.0,0.068,0.0,0.0,0.0,0.0,-0.3080263736263735,0.0,0.0,0.0,0.0,0.0,0.0,0.0,0.0,0.0,0.0,0.0,0.0,0.0,0.0,0.0,0.0,0.0,0.0,0.0,0.0,0.0,0.0,0.0,0.0,0.0,0.0,0.0,0.0,0.0,0.0,0.0,0.0,0.0,0.0,0.0,0.0,0.0,0.0,0.0,0.0,0.0,0.0,0.0,0,6,0.0,0.0,0.0,0.0,0.0,0,0.1608,0.1548,0.0,0.0,0.0,0.0,0.0,0.0,0.0,0.0,0.0,0.6843999999999999,0.3763736263736263,0.0,0.0,15.891948032967033,218.60907342
07_RT,6,Q3,Animal,Sheep,7.0,21.0,36.0,3,1,2,0,59,1,0,0.0,0.0,0,0,5.0,0.2,0.0,0,0,0.0,0.0,0.0,0.0,0.9887,0.9895,0.0,0.0,2783.15,2083.63,1.8,1.8,-0.9887,-0.9895,0.061,0.063,2.0,0.94,0.507,0.007,0.00132,2e-05,0.2,0.0,74.5,64.0,1,1.067,7.0,0,231.122,61.04967197750703,0.358,0.396,0.0,0.0,0.0,0.0,0.0,0.0,0.0,0.0,0.0,0.0,0.0,0.0,0.0,0.0,0.032,0.0,0.0,0.0,1.0,1.0,External_Hazard,Not_Applicable,0.0,0,-0.2,0,0.0,0.0,0.0008,0.0,-699.52,0.0,-0.0008,0.002,-1.06,-0.5,-0.0013,-0.2,-10.5,-170.07232802249297,0.038,0.0,0.0,0.0,0.0,0.0,0.0,0.0,-0.032,0.0,-0.2931340206185567,0.0,0.0,0.0,5.0,0.0,0.0,0.0,0.0,0.0,0.0,0.0,0.0,0.0,0.0,0.0,0.0,0.0,0.5086,0.0,2916.53,1.6,0.0601,0.276,0.0,0.0,0.035,0.032,0.042,0.0,0.0,0.032,0.0,12.0,2.4,1379.43,0.918,0.36381,0.4,55.3,1.0,1.664,7.0,0.0,1,6,0.0,0.0,0.0,0.0,0.0,0,0.0716,0.0,0.0,0.0,0.0,0.0,0.0,0.0,0.0064,0.0,0.0,0.922,0.6288659793814433,17.232918564000002,207.51723030000002,4.55198564198688,155.35962006000003
08_RT,6,Q1,Sign,LeftBend,2.0,13.0,21.0,2,1,1,0,52,0,1,0.0,0.0,0,0,5.0,0.2,0.0,0,0,0.2,0.0,0.0,0.0,0.814,1.0,0.0,0.0,2034.69,4262.74,2.2,1.9,0.814,1.0,0.37,0.086,1.6,1.77,0.596,0.962,0.08045,0.0,0.6,0.665,9.3,68.4,0,4.51,2.0,1,133.416,416.90022172949006,0.0,0.0,0.26,0.0,0.0,0.0,0.0,0.0,0.0,0.0,0.0,0.0,0.0,0.4,0.176,0.0,0.0,0.0,0.0,0.035,1.0,0.9113082039911308,External_Hazard,Not_Applicable,0.0,0,-0.2,0,-0.2,0.0,0.186,0.0,2228.0499999999997,-0.3000000000000002,0.186,-0.284,0.1699999999999999,0.366,-0.08045,0.065,59.10000000000001,283.48422172949006,0.0,-0.26,0.0,0.0,0.0,0.0,0.4,-0.176,0.0,0.035,-0.0092523281596453,0.0,0.0,0.0,0.0,0.0,0.0,0.0,0.0,0.0,0.0,0.0,0.0,0.0,0.0,0.0,0.0,0.0,0.0,0.0,0.0,0.0,0.0,0.0,0.0,0.0,0.0,0.0,0.0,0.0,0.0,0.0,0.0,0.0,0.0,0.0,0.0,0.0,0.0,0.0,0.0,0.0,0.0,0.0,0,6,0.0,0.0,0.0,0.0,0.0,0,0.0,0.052000000000000005,0.0,0.0,0.0,0.0,0.0,0.035199999999999995,0.0,0.0,0.0,0.9128,0.9035476718403548,9.947763792,151.71055578000002,31.084914332594238,317.83841988
08_RT,6,Q3,Animal,Sheep,2.0,13.0,21.0,2,1,1,0,52,0,1,0.0,0.0,0,0,5.0,0.0,0.0,1,0,0.0,0.0,0.0,0.068,1.0,1.0,0.0,0.002,2049.57,2773.68,1.6,2.3,-1.0,-1.0,0.184,0.029,1.4,0.58,0.256,0.544,0.0,0.0,0.4,0.29,44.5,81.9,1,3.444,2.0,0,117.428,126.06562137049944,0.0,0.946,0.0,0.0,0.0,0.0,0.0,0.0,0.0,0.0,0.0,0.0,0.677,0.0,0.0,0.0,0.0,0.0,0.0,0.0,0.8646,1.0,External_Hazard,Not_Applicable,0.0,0,0.0,-1,0.0,0.068,0.0,0.002,724.1099999999997,0.6999999999999997,0.0,-0.155,-0.82,0.288,0.0,-0.11,37.400000000000006,8.637621370499431,0.946,0.0,0.0,0.0,0.0,0.0,-0.677,0.0,0.0,0.0,-0.1392806039488966,0.0,0.0,0.0,5.0,0.0,0.0,0.0,0.973,1.795,0.0,0.412,0.0,0.0,0.0,1.0,0.0,0.0,1.0,0.0,3948.18,1.4,1.0,0.174,0.0,0.0,0.0,0.635,0.0,0.504,0.0,0.065,0.0,6.0,1.2,1689.11,0.386,0.0,0.6,52.1,1.0,1.543,3.0,0.0,0,6,0.0,0.0,0.0,0.0,0.0,0,0.0,0.0,0.0,0.0,0.0,0.0,0.13540000000000002,0.0,0.0,0.0,0.0,0.8646,0.7253193960511034,8.755666536,152.82003834000002,9.39970486062718,206.81112816
09_RT,6,Q1,Sign,LeftBend,5.0,22.0,30.0,3,3,2,0,0,0,1,0.0,0.0,0,0,5.0,0.0,0.0,0,0,0.0,0.0,0.0,0.0,0.8575,0.7385,0.0,0.0,2604.05,2856.89,1.3,1.4,0.8575,0.7385,0.106,0.115,1.8,1.86,0.042,0.002,0.00998,0.00011,0.0,0.0,0.0,0.0,1,1.077,5.0,0,133.594,194.6239554317549,0.511,0.155,0.733,0.0,0.036,0.0,0.0,0.0,0.0,0.0,0.031,0.0,0.0,0.0,0.065,0.0,0.0,0.0,0.0,0.0,1.0,1.0,External_Hazard,Not_Applicable,0.0,0,0.0,0,0.0,0.0,-0.119,0.0,252.8399999999997,0.0999999999999998,-0.119,0.009,0.06,-0.04,-0.0098699999999999,0.0,0.0,61.0299554317549,-0.356,-0.733,-0.036,0.0,0.0,-0.031,0.0,-0.065,0.0,0.0,0.1312817084493964,0.0,0.0,0.0,0.0,0.0,0.0,0.0,0.0,0.0,0.0,0.0,0.0,0.0,0.0,0.0,0.0,0.0,0.0,0.0,0.0,0.0,0.0,0.0,0.0,0.0,0.0,0.0,0.0,0.0,0.0,0.0,0.0,0.0,0.0,0.0,0.0,0.0,0.0,0.0,0.0,0.0,0.0,0.0,0,6,0.0,0.0,0.0,0.0,0.0,0,0.1022,0.1466,0.0072,0.0,0.0,0.0062,0.0,0.013000000000000001,0.0,0.0,0.0,0.7248,0.8560817084493965,9.961035828,194.16317610000002,14.511551364902509,213.01543218
09_RT,6,Q3,Animal,Sheep,6.0,22.0,30.0,3,3,2,0,0,0,1,0.0,0.0,0,0,5.0,0.2,0.0,0,0,0.2,0.0,0.0,0.0,0.7987,0.7603,0.0,0.0,3311.97,2988.32,1.5,1.4,-0.7987,-0.7603,0.1,0.08,1.0,1.09,0.038,0.005,0.05059,0.0016,0.0,0.0,0.0,0.0,1,0.916,6.0,0,193.624,141.53930131004367,0.353,0.278,0.0,0.0,0.0,0.0,0.0,0.0,0.0,0.0,0.0,0.0,0.0,0.0,0.0,0.0,1.765,0.0,0.034,0.0,1.0,1.0,External_Hazard,Not_Applicable,0.0,0,-0.2,0,-0.2,0.0,-0.0383999999999999,0.0,-323.64999999999964,-0.1,0.0383999999999999,-0.02,0.09,-0.033,-0.04899,0.0,0.0,-52.084698689956326,-0.0749999999999999,0.0,0.0,0.0,0.0,0.0,0.0,0.0,-1.765,-0.034,0.1269065502183406,0.0,0.0,0.0,5.0,0.0,0.0,0.0,0.0,0.0,0.0,0.406,0.0,0.0,0.0,0.0,0.0,0.0,0.5889,0.0,2240.26,1.3,-0.201,0.098,0.0,0.0,0.0,0.0,0.0,0.043,0.0,0.0,0.0,7.0,1.4,573.01,0.008,0.40238,0.0,0.0,1.0,1.819,4.0,0.0,0,6,0.0,0.0,0.0,0.0,0.0,0,0.0706,0.0,0.0,0.0,0.0,0.0,0.0,0.0,0.353,0.0068000000000000005,0.0,0.5696,0.6965065502183406,14.436992688,246.94710713999999,10.553453384279477,222.81511584000003
10_RT,6,Q1,Sign,LeftBend,4.0,10.0,0.0,4,4,0,0,95,1,0,0.0,0.0,0,0,5.0,0.2,0.0,0,0,0.0,0.0,0.0,0.0,0.8071,1.0,0.0,0.0,2112.9,3064.1,1.9,0.5,0.8071,1.0,0.107,0.001,2.0,1.41,0.126,0.042,0.01219,0.0,0.2,0.0,27.5,100.0,1,1.417,4.0,1,182.636,295.90684544812984,0.248,0.441,0.63,0.035,0.0,0.0,0.0,0.0,0.0,0.0,0.069,0.0,0.0,0.0,0.0,0.0,0.0,0.0,0.0,0.0,1.0,1.0,External_Hazard,Not_Applicable,0.0,0,-0.2,0,0.0,0.0,0.1928999999999999,0.0,951.1999999999998,-1.4,0.1928999999999999,-0.106,-0.5900000000000001,-0.0839999999999999,-0.01219,-0.2,72.5,113.27084544812983,0.193,-0.595,0.0,0.0,0.0,-0.069,0.0,0.0,0.0,0.0,-0.1465209597741708,0.0,0.0,0.0,0.0,0.0,0.0,0.0,0.0,0.0,0.0,0.0,0.0,0.0,0.0,0.0,0.0,0.0,0.0,0.0,0.0,0.0,0.0,0.0,0.0,0.0,0.0,0.0,0.0,0.0,0.0,0.0,0.0,0.0,0.0,0.0,0.0,0.0,0.0,0.0,0.0,0.0,0.0,0.0,0,6,0.0,0.0,0.0,0.0,0.0,0,0.0496,0.126,0.0,0.0,0.0,0.013800000000000002,0.0,0.0,0.0,0.0,0.0,0.8106,0.6640790402258292,13.617705432000001,157.5420498,22.06340621030346,228.4654242
10_RT,6,Q3,Animal,Sheep,6.0,10.0,0.0,4,4,0,0,95,1,0,0.0,0.0,0,0,5.0,0.4,0.0,0,0,0.2,0.0,0.0,0.0,0.7277,1.0,0.0,0.0,2423.13,2446.75,1.5,1.6,-0.7277,-1.0,0.092,0.116,2.2,3.08,0.095,0.007,0.0798,0.0,0.0,0.0,5.7,0.0,1,1.298,6.0,0,240.11,336.04776579352847,0.737,0.273,0.0,0.0,0.089,0.0,0.0,0.0,0.167,0.0,0.0,0.0,0.063,0.0,0.161,0.0,0.438,0.063,0.268,0.0,0.954,1.0,External_Hazard,Not_Applicable,0.0,0,-0.4,0,-0.2,0.0,0.2723,0.0,23.61999999999989,0.1,-0.2723,0.024,0.8799999999999999,-0.088,-0.0798,0.0,-5.7,95.93776579352848,-0.4639999999999999,0.0,-0.089,0.0,-0.167,0.0,-0.063,-0.161,-0.375,-0.268,0.1257402157164868,0.0,0.0,0.0,5.0,0.0,0.0,0.0,0.0,0.512,0.0,0.0,0.0,0.512,0.0,0.0,0.0,0.0,0.9963,0.0,2366.85,0.9,0.9963,0.076,0.0,0.0,0.0,0.323,0.0,0.0,0.0,0.145,0.0,11.0,2.2,1551.74,0.208,7e-05,0.4,48.2,1.0,1.519,7.0,0.0,0,6,0.0,0.0,0.0,0.0,0.0,0,0.1474,0.0,0.0178,0.0,0.0334,0.0,0.0126,0.0322,0.0876,0.0536,0.0,0.6154,0.7411402157164868,17.90308182,180.67341906000001,25.05639351309707,182.4345735
11_RT,6,Q1,Sign,LeftBend,6.0,40.0,0.0,5,5,0,0,39,0,1,0.0,0.0,0,0,5.0,0.0,0.0,0,0,0.0,0.0,0.0,0.0,0.9664,0.3036,0.0,0.0,2066.04,2467.81,1.7,1.8,0.9664,0.3036,0.107,0.074,1.6,1.78,0.535,0.062,0.00441,0.02921,0.4,0.0,36.8,0.8,1,1.683,6.0,0,147.704,282.25193107546045,0.0,0.173,0.905,0.0,0.0,0.0,0.0,0.0,0.0,0.0,0.0,0.0,0.0,0.0,0.0,0.0,0.0,0.0,0.0,0.0,1.0,1.0,External_Hazard,Not_Applicable,0.0,0,0.0,0,0.0,0.0,-0.6628000000000001,0.0,401.77,0.1,-0.6628000000000001,-0.033,0.1799999999999999,-0.473,0.0248,-0.4,-36.0,134.54793107546044,0.173,-0.905,0.0,0.0,0.0,0.0,0.0,0.0,0.0,0.0,0.0782073677956031,0.0,0.0,0.0,0.0,0.0,0.0,0.0,0.0,0.0,0.0,0.0,0.0,0.0,0.0,0.0,0.0,0.0,0.0,0.0,0.0,0.0,0.0,0.0,0.0,0.0,0.0,0.0,0.0,0.0,0.0,0.0,0.0,0.0,0.0,0.0,0.0,0.0,0.0,0.0,0.0,0.0,0.0,0.0,1,6,0.0,0.0,0.0,0.0,0.0,0,0.0,0.181,0.0,0.0,0.0,0.0,0.0,0.0,0.0,0.0,0.0,0.819,0.8972073677956031,11.013105648000002,154.04807448,21.04526848484848,184.00484922
11_RT,6,Q3,Animal,Sheep,7.0,40.0,0.0,5,5,0,0,39,0,1,0.0,0.0,0,0,5.0,0.0,0.0,1,0,0.0,0.0,0.0,0.0,1.0,1.0,0.0,0.0,2044.23,2827.28,2.0,1.5,-1.0,-1.0,0.131,0.119,2.2,1.91,0.509,0.084,0.0,0.0,0.4,0.478,32.9,39.5,1,2.094,7.0,0,213.14,288.2808022922636,0.044,0.836,0.0,0.0,0.0,0.0,0.0,0.0,0.0,0.0,0.0,0.0,0.399,0.0,0.341,0.0,0.0,0.069,0.0,0.0,0.9202,1.0,External_Hazard,Not_Applicable,0.0,0,0.0,-1,0.0,0.0,0.0,0.0,783.0500000000002,-0.5,0.0,-0.012,-0.2900000000000002,-0.425,0.0,0.0779999999999999,6.600000000000001,75.1408022922636,0.7919999999999999,0.0,0.0,0.0,0.0,0.0,-0.399,-0.341,0.069,0.0,-0.2753872015281758,0.0,0.0,0.0,5.0,0.0,0.0,0.0,0.12,1.26,0.0,1.612,0.0,0.0,0.0,0.0,0.0,0.0,1.0,0.0,2368.22,1.1,1.0,0.057,0.0,0.0,0.121,1.008,0.0,1.769,0.0,0.0,0.0,12.0,2.4,2107.44,0.281,0.0,0.2,65.7,1.0,1.409,4.0,0.0,0,6,0.0,0.0,0.0,0.0,0.0,0,0.008799999999999999,0.0,0.0,0.0,0.0,0.0,0.07980000000000001,0.06820000000000001,0.0,0.0,0.0,0.8432000000000001,0.5678127984718242,15.89214468,152.42187726,21.49479318051576,210.80765136000002
12_RT,6,Q1,Sign,LeftBend,4.0,8.0,17.0,2,3,2,0,42,1,0,0.0,0.0,0,0,5.0,0.4,0.0,1,0,0.2,0.0,0.0,0.0,0.7535,1.0,0.0,0.0,2513.97,3163.84,1.5,1.2,0.7535,1.0,0.112,0.088,2.4,2.15,0.02,0.026,0.06215,0.0,0.0,0.0,0.0,0.0,1,2.323,4.0,0,291.492,373.8140335772708,0.567,0.256,1.515,0.372,0.0,0.0,0.0,0.0,0.0,0.0,0.134,0.0,0.0,0.0,0.17,0.034,0.0,0.0,0.0,0.0,1.0,1.0,External_Hazard,Not_Applicable,0.0,0,-0.4,-1,-0.2,0.0,0.2465,0.0,649.8700000000003,-0.3,0.2465,-0.024,-0.25,0.0059999999999999,-0.06215,0.0,0.0,82.32203357727076,-0.3109999999999999,-1.1429999999999998,0.0,0.0,0.0,-0.134,0.0,-0.136,0.0,0.0,0.1922236762806716,0.0,0.0,0.0,0.0,0.0,0.0,0.0,0.0,0.0,0.0,0.0,0.0,0.0,0.0,0.0,0.0,0.0,0.0,0.0,0.0,0.0,0.0,0.0,0.0,0.0,0.0,0.0,0.0,0.0,0.0,0.0,0.0,0.0,0.0,0.0,0.0,0.0,0.0,0.0,0.0,0.0,0.0,0.0,0,6,0.0,0.0,0.0,0.0,0.0,0,0.11339999999999999,0.303,0.0,0.0,0.0,0.0268,0.0,0.034,0.0,0.0,0.0,0.5227999999999999,0.7150236762806715,21.734226504000002,187.44663114,27.872321971588466,235.90223808000002
12_RT,6,Q3,Animal,Sheep,7.0,8.0,17.0,2,3,2,0,42,1,0,0.0,0.0,0,0,5.0,0.0,0.0,0,0,0.0,0.0,0.0,0.0,0.8469,0.4432,0.0,0.0,2270.37,2713.93,1.4,1.1,-0.8469,-0.4432,0.086,0.099,2.0,3.61,0.023,0.002,0.05278,0.00303,0.0,0.0,0.0,0.0,1,1.383,7.0,0,194.2,526.5292841648591,1.172,0.204,0.0,0.0,0.0,0.0,0.0,0.0,0.0,0.0,0.0,0.0,0.0,0.0,0.0,0.0,0.271,0.0,0.064,0.032,1.0,1.0,External_Hazard,Not_Applicable,0.0,0,0.0,0,0.0,0.0,-0.4037,0.0,443.55999999999995,-0.2999999999999998,0.4037,0.013,1.61,-0.0209999999999999,-0.04975,0.0,0.0,332.3292841648591,-0.968,0.0,0.0,0.0,0.0,0.0,0.0,0.0,-0.271,-0.032,0.1307564714389009,0.0,0.0,0.0,5.0,0.2,0.0,0.0,0.0,0.0,0.0,0.0,0.0,0.0,0.0,0.0,0.0,0.0,0.81,0.0,2134.43,1.0,0.81,0.072,0.0,0.0,0.04,0.0,0.0,0.0,0.0,0.0,0.031,11.0,2.2,984.54,0.314,0.0852,0.4,41.5,1.0,1.279,7.0,0.0,0,6,0.0,0.0,0.0,0.0,0.0,0,0.2344,0.0,0.0,0.0,0.0,0.0,0.0,0.0,0.054200000000000005,0.0128,0.0,0.6986,0.8293564714389009,14.4799404,169.28332794,39.25907648590022,202.35604866
13_RT,6,Q1,Sign,LeftBend,7.0,40.0,0.0,4,4,0,0,9,0,1,0.0,0.0,0,0,5.0,0.0,0.0,0,0,0.0,0.0,0.0,0.0,0.9434,0.9414,0.0,0.0,2375.86,2581.05,0.9,0.7,0.9434,0.9414,0.084,0.071,2.2,1.83,0.008,0.01,0.00842,0.0002,0.0,0.0,0.0,10.1,1,1.637,7.0,1,210.57199999999995,338.8637751985339,0.038,0.413,0.0,0.0,0.0,0.0,0.0,0.0,0.0,0.0,0.599,0.0,0.0,0.0,0.151,0.0,0.0,0.0,0.0,0.136,1.0,1.0,External_Hazard,Not_Applicable,0.0,0,0.0,0,0.0,0.0,-0.002,0.0,205.19000000000003,-0.2,-0.002,-0.013,-0.3700000000000001,0.002,-0.00822,0.0,10.1,128.29177519853394,0.375,0.0,0.0,0.0,0.0,-0.599,0.0,-0.151,0.0,0.136,-0.1777695784972509,0.0,0.0,0.0,0.0,0.0,0.0,0.0,0.0,0.0,0.0,0.0,0.0,0.0,0.0,0.0,0.0,0.0,0.0,0.0,0.0,0.0,0.0,0.0,0.0,0.0,0.0,0.0,0.0,0.0,0.0,0.0,0.0,0.0,0.0,0.0,0.0,0.0,0.0,0.0,0.0,0.0,0.0,0.0,0,6,0.0,0.0,0.0,0.0,0.0,0,0.0076,0.0,0.0,0.0,0.0,0.11979999999999999,0.0,0.030199999999999998,0.0,0.0,0.0,0.8423999999999999,0.664630421502749,15.700669463999997,177.14887332,25.266360806353088,192.44825010000002
13_RT,6,Q3,Animal,Sheep,7.0,40.0,0.0,4,4,0,0,9,0,1,0.0,0.0,0,0,5.0,0.2,0.0,0,0,0.2,0.0,0.0,0.0,0.7434,0.6151,0.0,0.0,1908.67,2158.23,1.0,1.0,-0.7434,-0.6151,0.081,0.079,0.8,1.97,0.03,0.001,0.03094,0.00136,0.0,0.0,2.9,0.0,1,2.028,7.0,1,57.014,149.27021696252467,1.659,1.605,0.0,0.0,0.0,0.0,0.0,0.0,0.0,0.0,0.0,0.0,0.0,0.0,0.0,0.0,0.032,0.135,0.0,0.0,1.0,1.0,External_Hazard,Not_Applicable,0.0,0,-0.2,0,-0.2,0.0,-0.1282999999999999,0.0,249.55999999999997,0.0,0.1282999999999999,-0.002,1.17,-0.0289999999999999,-0.02958,0.0,-2.9,92.25621696252468,-0.054,0.0,0.0,0.0,0.0,0.0,0.0,0.0,0.103,0.0,-0.5197881656804735,0.0,0.0,0.0,5.0,0.0,0.0,0.0,0.0,0.0,0.0,0.0,0.0,0.392,0.0,0.0,0.0,0.0,1.0,0.0,2272.88,0.7,1.0,0.072,0.0,0.0,0.0,0.033,0.0,0.0,0.0,0.523,0.0,7.0,1.4,754.32,0.035,0.0,0.0,17.0,1.0,1.617,7.0,1.0,0,6,0.0,0.0,0.0,0.0,0.0,0,0.3318,0.0,0.0,0.0,0.0,0.0,0.0,0.0,0.0064,0.0,0.0,0.6618,0.1420118343195266,4.251077868,142.31425254,11.129885917159765,160.92194526
14_RT,6,Q1,Sign,LeftBend,7.0,28.0,2.0,4,2,0,0,37,0,1,0.0,0.0,0,0,5.0,0.2,0.586,0,0,0.2,0.0,0.0,0.0,0.7442,0.5625,0.0,0.0,3122.33,2280.78,2.1,2.4,0.7362,0.5625,0.147,0.137,1.4,1.76,0.17,0.001,0.12965,0.00136,0.0,0.0,0.0,0.0,1,1.706,7.0,0,157.294,149.40797186400937,0.067,0.158,0.769,0.222,0.0,0.0,0.0,0.0,0.0,0.0,0.398,0.0,0.0,0.0,0.064,0.0,0.0,0.0,0.0,0.0,1.0,1.0,External_Hazard,Not_Applicable,0.0,0,0.3859999999999999,0,-0.2,0.0,-0.1816999999999999,0.0,-841.5499999999997,0.2999999999999998,-0.1736999999999999,-0.0099999999999999,0.3600000000000001,-0.169,-0.12829,0.0,0.0,-7.886028135990642,0.091,-0.547,0.0,0.0,0.0,-0.398,0.0,-0.064,0.0,0.0,0.0368567409144198,0.0,0.0,0.0,0.0,0.0,0.0,0.0,0.0,0.0,0.0,0.0,0.0,0.0,0.0,0.0,0.0,0.0,0.0,0.0,0.0,0.0,0.0,0.0,0.0,0.0,0.0,0.0,0.0,0.0,0.0,0.0,0.0,0.0,0.0,0.0,0.0,0.0,0.0,0.0,0.0,0.0,0.0,0.0,0,6,0.0,0.0,0.0,0.0,0.0,0,0.0134,0.1538,0.0,0.0,0.0,0.0796,0.0,0.0128,0.0,0.0,0.0,0.7404,0.7772567409144198,11.728155228000002,232.80716946,11.140157198124268,170.05951836000003
14_RT,6,Q3,Animal,Sheep,4.0,28.0,2.0,4,2,0,0,37,0,1,0.0,0.0,0,0,5.0,0.2,0.666,0,0,0.2,0.333,0.0,0.0,0.8443,0.7725,0.0,0.0,2702.57,2202.12,3.2,3.0,-0.651,-0.7725,0.186,0.208,2.0,2.0,0.886,0.427,0.36359,0.069,0.6,0.333,35.0,40.1,1,3.005,4.0,0,211.642,198.41930116472545,0.128,0.4,0.0,0.0,0.0,0.0,0.0,0.0,0.0,0.039,0.0,0.0,0.0,0.208,0.337,0.0,0.241,0.0,0.0,0.0,1.0,0.9178036605657238,External_Hazard,Not_Applicable,0.0,0,0.466,0,0.133,0.0,-0.0718,0.0,-500.4500000000003,-0.2000000000000001,-0.1214999999999999,0.0219999999999999,0.0,-0.459,-0.29459,-0.2669999999999999,5.100000000000001,-13.222698835274542,0.272,0.0,0.0,0.0,0.039,0.0,0.208,-0.337,-0.241,0.0,-0.074107820299501,0.0,0.0,0.0,5.0,0.2,0.348,1.328,0.0,0.0,0.0,0.0,0.0,0.0,0.0,0.0,0.2,0.0,0.8088,0.0,2313.46,3.2,-0.8088,0.172,0.488,0.241,0.0,0.0,0.0,0.0,0.0,0.0,0.0,9.0,1.8,836.67,0.923,0.06362,0.4,37.7,1.0,1.637,7.0,0.0,0,6,0.0,0.0,0.0,0.0,0.0,0,0.0256,0.0,0.0,0.0,0.0,0.0,0.0,0.0674,0.0482,0.0,0.0,0.8588000000000001,0.7846921797004991,15.780450804,201.50902434000002,14.794539933444259,164.19447144
15_RT,6,Q1,Sign,LeftBend,7.0,4.0,0.0,3,4,0,0,46,0,1,0.0,0.0,0,0,5.0,0.2,0.665,0,0,0.2,0.0,0.0,0.0,0.8468,0.4234,0.0,0.0,2150.44,2817.84,1.7,2.8,0.8468,0.4234,0.141,0.122,2.0,0.67,0.342,0.004,0.02839,0.00029,0.0,0.0,5.2,0.0,1,1.504,7.0,0,204.536,77.04787234042553,0.033,0.563,0.54,0.385,0.0,0.0,0.0,0.0,0.0,0.0,0.134,0.066,0.0,0.0,1.707,0.0,0.0,0.0,0.0,0.0,1.0,1.0,External_Hazard,Not_Applicable,0.0,0,0.465,0,-0.2,0.0,-0.4234,0.0,667.4000000000001,1.1,-0.4234,-0.0189999999999999,-1.33,-0.338,-0.0281,0.0,-5.2,-127.48812765957447,0.5299999999999999,-0.155,0.0,0.0,0.0,-0.068,0.0,-1.707,0.0,0.0,-0.1914021276595744,0.0,0.0,0.0,0.0,0.0,0.0,0.0,0.0,0.0,0.0,0.0,0.0,0.0,0.0,0.0,0.0,0.0,0.0,0.0,0.0,0.0,0.0,0.0,0.0,0.0,0.0,0.0,0.0,0.0,0.0,0.0,0.0,0.0,0.0,0.0,0.0,0.0,0.0,0.0,0.0,0.0,0.0,0.0,1,6,0.0,0.0,0.0,0.0,0.0,0,0.0066,0.10800000000000001,0.0,0.0,0.0,0.0268,0.0,0.34140000000000004,0.0,0.0,0.0,0.5172,0.3257978723404255,15.250613232000001,160.34110728000002,5.744843457446809,210.10378608000002
15_RT,6,Q3,Animal,Sheep,5.0,4.0,0.0,3,4,0,0,46,0,1,0.0,0.0,0,0,5.0,0.2,0.0,0,0,0.2,0.0,0.0,0.0,0.8832,0.8644,0.0,0.0,2255.81,2782.61,2.6,2.5,-0.8832,-0.8644,0.126,0.148,2.2,1.08,0.637,0.182,0.03627,0.0211,0.4,0.358,45.5,24.4,1,2.79,5.0,0,213.336,158.56630824372758,0.0,1.427,0.0,0.0,0.0,0.0,0.0,0.0,0.0,0.0,0.0,0.0,0.0,0.0,0.777,0.0,0.176,0.033,0.0,0.069,1.0,1.0,External_Hazard,Not_Applicable,0.0,0,-0.2,0,-0.2,0.0,-0.0188,0.0,526.8000000000002,-0.1,0.0188,0.0219999999999999,-1.12,-0.455,-0.0151699999999999,-0.042,-21.1,-54.76969175627244,1.427,0.0,0.0,0.0,0.0,0.0,0.0,-0.777,-0.143,0.069,-0.3574286738351253,0.0,0.0,0.0,5.0,0.2,0.828,0.828,0.752,0.0,0.0,0.0,0.0,0.0,0.0,0.0,0.2,0.0,0.7405,0.0,2261.84,2.3,-0.6199,0.153,0.0,0.0,0.944,0.0,0.0,0.0,0.0,0.0,0.0,14.0,2.8,1374.45,0.373,0.27566,0.4,33.9,1.0,1.666,7.0,0.0,0,6,0.0,0.0,0.0,0.0,0.0,0,0.0,0.0,0.0,0.0,0.0,0.0,0.0,0.1554,0.035199999999999995,0.0,0.0,0.8093999999999999,0.4519713261648745,15.906758832000001,168.19770522000002,11.823021075268816,207.47696682000003
16_RT,6,Q1,Sign,LeftBend,6.0,8.0,20.0,2,1,2,0,32,1,0,0.0,0.0,0,0,5.0,0.4,0.0,0,0,0.2,0.0,0.0,0.0,0.8787,0.8615,0.0,0.0,2329.85,1595.33,2.1,2.0,0.8787,0.8615,0.136,0.411,2.0,1.25,0.35,0.502,0.05303,0.00661,0.2,0.0,26.1,0.0,1,1.596,6.0,0,186.024,59.56140350877193,0.434,0.0,1.064,0.0,0.273,0.0,0.0,0.0,0.0,0.0,0.0,0.0,0.0,0.0,0.038,0.0,0.0,0.0,0.0,0.0,1.0,1.0,External_Hazard,Not_Applicable,0.0,0,-0.4,0,-0.2,0.0,-0.0171999999999999,0.0,-734.52,-0.1,-0.0171999999999999,0.2749999999999999,-0.75,0.152,-0.04642,-0.2,-26.1,-126.46259649122808,-0.434,-1.064,-0.273,0.0,0.0,0.0,0.0,-0.038,0.0,0.0,0.3618,0.0,0.0,0.0,0.0,0.0,0.0,0.0,0.0,0.0,0.0,0.0,0.0,0.0,0.0,0.0,0.0,0.0,0.0,0.0,0.0,0.0,0.0,0.0,0.0,0.0,0.0,0.0,0.0,0.0,0.0,0.0,0.0,0.0,0.0,0.0,0.0,0.0,0.0,0.0,0.0,0.0,0.0,0.0,0,6,0.0,0.0,0.0,0.0,0.0,0,0.0868,0.21280000000000002,0.0546,0.0,0.0,0.0,0.0,0.0076,0.0,0.0,0.0,0.6382,1.0,13.870321488,173.7182757,4.441017368421053,118.95099546
16_RT,6,Q3,Animal,Sheep,4.0,8.0,20.0,2,1,2,0,32,1,0,0.0,0.0,0,0,5.0,0.4,0.339,0,1,0.2,0.0,0.0,0.0,0.8717,0.9803,0.0,0.0,2462.62,2434.15,2.8,3.8,0.0784,-0.9803,0.332,0.122,1.8,2.03,0.483,0.616,0.83122,0.0002,0.6,0.339,20.0,64.1,1,2.951,4.0,0,175.65,297.9667909183327,0.211,0.55,0.0,0.0,0.205,0.0,0.238,0.0,0.0,0.0,0.0,0.0,0.0,0.334,0.042,0.0,0.0,0.0,0.0,0.0,1.0,0.8868180277871908,External_Hazard,Not_Applicable,0.0,0,-0.061,1,-0.2,0.0,0.1085999999999999,0.0,-28.4699999999998,1.0,-1.0587,-0.21,0.2299999999999997,0.133,-0.83102,-0.2609999999999999,44.099999999999994,122.31679091833271,0.3390000000000001,0.0,-0.205,-0.238,0.0,0.0,0.334,-0.042,0.0,0.0,-0.1603594713656387,0.0,0.0,0.0,5.0,0.2,1.368,0.0,0.0,0.0,0.0,0.0,0.0,0.0,0.0,0.0,0.2,0.0,0.8611,0.0,2213.19,3.5,-0.4816,0.291,0.761,0.0,0.0,0.0,0.0,0.0,0.0,0.0,0.0,8.0,1.6,886.24,0.489,0.58357,0.6,26.9,1.0,1.307,7.0,0.0,0,6,0.0,0.0,0.0,0.0,0.0,0,0.0422,0.0,0.040999999999999995,0.047599999999999996,0.0,0.0,0.0,0.008400000000000001,0.0,0.0,0.0,0.8608,0.7004405286343612,13.096815300000001,183.61787244,22.216999864452724,181.4950923
17_RT,6,Q1,Sign,LeftBend,7.0,29.0,0.0,4,5,0,0,68,1,0,0.0,0.0,0,0,5.0,0.2,0.0,0,0,0.2,0.0,0.0,0.0,0.7731,0.9668,0.0,0.0,2857.64,2714.75,1.9,1.7,0.7731,0.9668,0.12,0.104,1.6,2.04,0.004,0.014,0.01682,0.00101,0.0,0.0,0.0,0.0,1,1.468,7.0,0,126.954,262.7384196185286,0.363,0.265,0.497,0.333,0.0,0.0,0.0,0.0,0.0,0.0,0.031,0.0,0.0,0.0,0.0,0.04,0.0,0.0,0.0,0.0,1.0,1.0,External_Hazard,Not_Applicable,0.0,0,-0.2,0,-0.2,0.0,0.1936999999999999,0.0,-142.88999999999987,-0.1999999999999999,0.1936999999999999,-0.016,0.4399999999999999,0.01,-0.01581,0.0,0.0,135.7844196185286,-0.0979999999999999,-0.1639999999999999,0.0,0.0,0.0,-0.031,0.0,0.04,0.0,0.0,-0.2564049046321527,0.0,0.0,0.0,0.0,0.0,0.0,0.0,0.0,0.0,0.0,0.0,0.0,0.0,0.0,0.0,0.0,0.0,0.0,0.0,0.0,0.0,0.0,0.0,0.0,0.0,0.0,0.0,0.0,0.0,0.0,0.0,0.0,0.0,0.0,0.0,0.0,0.0,0.0,0.0,0.0,0.0,0.0,0.0,0,6,0.0,0.0,0.0,0.0,0.0,0,0.0726,0.0994,0.0,0.0,0.0,0.0062,0.0,0.0,0.0,0.0,0.0,0.8218,0.5653950953678473,9.465944148,213.07135368,19.590302043596733,202.4171895
17_RT,6,Q3,Animal,Sheep,7.0,29.0,0.0,4,5,0,0,68,1,0,0.0,0.0,0,0,5.0,0.2,0.0,0,0,0.2,0.0,0.0,0.0,0.7894,1.0,0.0,0.0,2571.96,1385.91,2.2,1.5,-0.7894,-1.0,0.116,0.055,2.2,3.06,0.018,0.018,0.02635,0.0,0.0,0.0,0.0,11.0,1,0.653,7.0,0,257.194,125.3292496171516,0.697,0.221,0.0,0.0,0.0,0.0,0.0,0.0,0.0,0.0,0.0,0.0,0.293,0.0,0.0,0.0,0.297,0.0,0.562,0.0,0.9414,1.0,External_Hazard,Not_Applicable,0.0,0,-0.2,0,-0.2,0.0,0.2106,0.0,-1186.05,-0.7000000000000002,-0.2106,-0.061,0.8599999999999999,0.0,-0.02635,0.0,11.0,-131.8647503828484,-0.476,0.0,0.0,0.0,0.0,0.0,-0.293,0.0,-0.297,-0.562,0.0313620214395099,0.0,0.0,0.0,5.0,0.2,0.0,0.0,0.0,0.0,0.0,0.247,0.0,0.0,0.0,0.0,0.2,0.0,0.7261,0.0,2665.34,1.6,-0.291,0.118,0.0,0.0,0.032,0.0,0.0,0.272,0.0,0.549,0.0,10.0,2.0,785.51,0.111,0.53442,0.0,0.0,1.0,1.501,7.0,0.0,0,6,0.0,0.0,0.0,0.0,0.0,0,0.1394,0.0,0.0,0.0,0.0,0.0,0.0586,0.0,0.059399999999999994,0.11240000000000001,0.0,0.6302000000000001,0.66156202143951,19.176899028,191.77048152,9.344799509954058,103.33622142000002
18_RT,6,Q1,Sign,LeftBend,5.0,2.0,5.0,1,1,0,0,52,0,1,0.0,0.0,0,0,5.0,0.4,0.0,0,0,0.2,0.0,0.0,0.0,0.7652,0.6944,0.0,0.0,3118.55,1402.4,1.9,1.7,0.7652,0.6944,0.12,0.105,0.8,1.16,0.006,0.003,0.04363,0.00013,0.0,0.0,0.0,0.0,1,0.865,5.0,0,246.734,53.34104046242775,1.232,0.226,0.378,0.159,0.0,0.0,0.0,0.0,0.0,0.0,0.0,0.0,0.0,0.0,0.0,0.0,0.0,0.0,0.0,0.0,1.0,1.0,External_Hazard,Not_Applicable,0.0,0,-0.4,0,-0.2,0.0,-0.0707999999999999,0.0,-1716.15,-0.1999999999999999,-0.0707999999999999,-0.015,0.3599999999999999,-0.003,-0.0435,0.0,0.0,-193.39295953757227,-1.006,-0.219,0.0,0.0,0.0,0.0,0.0,0.0,0.0,0.0,-0.1230867052023122,0.0,0.0,0.0,0.0,0.0,0.0,0.0,0.0,0.0,0.0,0.0,0.0,0.0,0.0,0.0,0.0,0.0,0.0,0.0,0.0,0.0,0.0,0.0,0.0,0.0,0.0,0.0,0.0,0.0,0.0,0.0,0.0,0.0,0.0,0.0,0.0,0.0,0.0,0.0,0.0,0.0,0.0,0.0,0,6,0.0,0.0,0.0,0.0,0.0,0,0.2464,0.0756,0.0,0.0,0.0,0.0,0.0,0.0,0.0,0.0,0.0,0.678,0.5549132947976878,18.396980508000002,232.52532510000003,3.977214658959538,104.56574880000001
18_RT,6,Q3,Animal,Sheep,5.0,2.0,5.0,1,1,0,0,52,0,1,0.0,0.0,0,0,5.0,0.0,0.0,0,0,0.0,0.0,0.0,0.0,0.6273,0.2947,0.0,0.0,2464.72,2288.15,0.1,0.0,-0.6273,-0.2947,0.07,0.19,2.6,2.39,0.042,0.008,0.01568,7e-05,0.4,0.598,36.6,0.0,1,1.671,5.0,1,292.322,261.1370436864153,0.31,0.674,0.0,0.0,0.0,0.032,0.0,0.0,0.0,0.0,0.0,0.0,0.0,0.0,0.0,0.448,0.57,0.249,0.0,0.0,1.0,1.0,External_Hazard,Not_Applicable,0.0,0,0.0,0,0.0,0.0,-0.3325999999999999,0.0,-176.5699999999997,-0.1,0.3325999999999999,0.12,-0.2099999999999999,-0.034,-0.0156099999999999,0.1979999999999999,-36.6,-31.18495631358468,0.364,0.0,0.032,0.0,0.0,0.0,0.0,0.448,-0.3209999999999999,0.0,-0.6636169958108917,0.0,0.0,0.0,5.0,0.0,0.0,0.0,0.228,0.835,0.0,0.0,0.0,0.0,0.0,0.0,0.0,0.0,0.755,0.0,2223.34,1.8,-0.1468,0.124,0.0,0.0,0.282,0.313,0.0,0.0,0.0,0.0,0.0,7.0,1.4,636.46,0.023,0.63809,0.0,0.0,1.0,1.403,5.0,0.0,0,6,0.0,0.0,0.0,0.0,0.0,0,0.062,0.0,0.0,0.0,0.0,0.0,0.0,0.0,0.11399999999999999,0.0,0.0,0.8240000000000001,0.1603830041891083,21.796112964000002,183.77445264,19.4709002513465,170.6090403
19_RT,6,Q1,Sign,LeftBend,7.0,25.0,0.0,4,4,0,0,13,1,0,0.0,0.0,0,0,5.0,0.2,0.0,0,0,0.2,0.0,0.0,0.0,0.6898,0.3174,0.0,0.0,1910.04,1976.58,0.7,1.4,0.6898,0.3174,0.107,0.071,1.4,1.47,0.361,0.088,0.05289,0.01846,0.2,0.0,44.8,58.2,1,1.358,7.0,0,163.024,97.960235640648,0.341,0.785,1.201,0.291,0.0,0.0,0.0,0.0,0.0,0.0,0.0,0.0,0.735,0.0,0.0,0.0,0.0,0.0,0.0,0.0,0.853,1.0,External_Hazard,Not_Applicable,0.0,0,-0.2,0,-0.2,0.0,-0.3723999999999999,0.0,66.53999999999996,0.7,-0.3723999999999999,-0.036,0.07,-0.273,-0.03443,-0.2,13.400000000000006,-65.06376435935199,0.444,-0.91,0.0,0.0,0.0,0.0,-0.735,0.0,0.0,0.0,-0.336941678939617,0.0,0.0,0.0,0.0,0.0,0.0,0.0,0.0,0.0,0.0,0.0,0.0,0.0,0.0,0.0,0.0,0.0,0.0,0.0,0.0,0.0,0.0,0.0,0.0,0.0,0.0,0.0,0.0,0.0,0.0,0.0,0.0,0.0,0.0,0.0,0.0,0.0,0.0,0.0,0.0,0.0,0.0,0.0,0,6,0.0,0.0,0.0,0.0,0.0,0,0.06820000000000001,0.24020000000000002,0.0,0.0,0.0,0.0,0.147,0.0,0.0,0.0,0.0,0.5446,0.2076583210603829,12.155395488,142.41640248000002,7.304111089837996,147.37775796
19_RT,6,Q3,Animal,Sheep,7.0,25.0,0.0,4,4,0,0,13,1,0,0.0,0.0,0,0,5.0,0.0,0.0,0,0,0.0,0.0,0.0,0.0,1.0,0.9967,0.0,0.0,2260.79,0.0,1.5,1.3,-1.0,-0.9967,0.088,0.137,2.2,0.0,0.165,0.044,0.0,1e-05,0.0,0.0,21.8,0.0,1,1.338,7.0,0,194.556,0.0,0.512,0.865,0.0,0.0,0.233,0.0,0.0,0.0,0.0,0.0,0.0,0.0,0.0,0.0,0.0,0.0,0.373,0.0,0.13,0.0,1.0,1.0,External_Hazard,Not_Applicable,0.0,0,0.0,0,0.0,0.0,-0.0032999999999999,0.0,-2260.79,-0.1999999999999999,0.0032999999999999,0.049,-2.2,-0.121,1e-05,0.0,-21.8,-194.556,0.353,0.0,-0.233,0.0,0.0,0.0,0.0,0.0,-0.373,-0.13,-0.3968872944693571,0.0,0.0,0.0,5.0,0.0,0.0,0.0,0.4,0.0,0.0,0.208,0.0,0.0,0.0,0.0,0.0,0.0,0.4472,0.0,3543.44,1.0,0.3968,0.101,0.0,0.0,0.432,0.0,0.0,0.228,0.0,0.0,0.0,8.0,1.6,1481.83,0.132,0.21707,0.0,21.5,1.0,1.318,7.0,0.0,0,6,0.0,0.0,0.0,0.0,0.0,0,0.1024,0.0,0.0466,0.0,0.0,0.0,0.0,0.0,0.0746,0.026000000000000002,0.0,0.7504,0.3535127055306428,14.506484472000002,168.56902398,0.0,0.0
20_RT,6,Q1,Sign,LeftBend,4.0,2.0,15.0,1,2,6,0,50,0,1,0.0,0.0,0,0,5.0,0.2,0.0,0,0,0.2,0.0,0.0,0.0,0.9019,0.3524,0.0,0.0,2722.37,1935.18,2.2,1.9,0.9019,0.3524,0.141,0.106,1.8,0.65,0.131,0.012,0.01811,0.00829,0.4,0.0,10.5,0.0,1,1.538,4.0,0,316.26,14.330299089726918,0.124,1.05,1.562,0.0,0.0,0.0,0.0,0.0,0.0,0.0,0.0,0.0,0.47,0.0,0.0,0.0,0.0,0.0,0.0,0.0,0.906,1.0,External_Hazard,Not_Applicable,0.0,0,-0.2,0,-0.2,0.0,-0.5495000000000001,0.0,-787.1899999999998,-0.3000000000000002,-0.5495000000000001,-0.0349999999999999,-1.15,-0.119,-0.00982,-0.4,-10.5,-301.9297009102731,0.926,-1.562,0.0,0.0,0.0,0.0,-0.47,0.0,0.0,0.0,-0.2515048114434331,0.0,0.0,0.0,0.0,0.0,0.0,0.0,0.0,0.0,0.0,0.0,0.0,0.0,0.0,0.0,0.0,0.0,0.0,0.0,0.0,0.0,0.0,0.0,0.0,0.0,0.0,0.0,0.0,0.0,0.0,0.0,0.0,0.0,0.0,0.0,0.0,0.0,0.0,0.0,0.0,0.0,0.0,0.0,0,6,0.0,0.0,0.0,0.0,0.0,0,0.0248,0.3124,0.0,0.0,0.0,0.0,0.094,0.0,0.0,0.0,0.0,0.5688000000000001,0.3172951885565669,23.58097812,202.98535194,1.0684957607282184,144.29089116
20_RT,6,Q3,Animal,Sheep,6.0,2.0,15.0,1,2,6,0,50,0,1,0.0,0.0,0,0,5.0,0.2,0.0,0,0,0.2,0.0,0.0,0.0,0.7447,0.3267,0.0,0.0,2878.62,0.0,2.1,2.0,-0.7399,-0.3267,0.131,0.103,2.2,0.0,0.192,0.016,0.09259,0.00143,0.0,0.0,0.0,0.0,1,1.367,6.0,0,291.918,0.0,0.771,0.758,0.0,0.0,0.0,0.0,0.0,0.0,0.0,0.0,0.0,0.0,0.83,0.0,0.0,0.0,0.605,0.0,0.824,0.0,0.8340000000000001,1.0,External_Hazard,Not_Applicable,0.0,0,-0.2,0,-0.2,0.0,-0.418,0.0,-2878.62,-0.1,0.4132,-0.028,-2.2,-0.176,-0.09116,0.0,0.0,-291.918,-0.013,0.0,0.0,0.0,0.0,0.0,-0.83,0.0,-0.605,-0.824,0.0515010972933431,0.0,0.0,0.0,5.0,0.2,0.0,0.0,0.0,0.0,0.0,1.876,0.0,0.388,0.0,0.0,0.0,0.0,0.6335,0.0,2613.95,1.6,-0.1045,0.116,0.0,0.0,0.0,0.037,0.0,2.065,0.0,0.824,0.0,14.0,2.8,1679.31,0.076,0.46659,0.2,4.0,1.0,1.464,7.0,0.0,1,6,0.0,0.0,0.0,0.0,0.0,0,0.1542,0.0,0.0,0.0,0.0,0.0,0.16599999999999998,0.0,0.121,0.1648,0.0,0.3939999999999999,0.4455010972933431,21.765989916000002,214.63566444,0.0,0.0
21_RT,6,Q1,Sign,LeftBend,1.0,35.0,0.0,5,3,0,0,100,1,0,0.0,0.0,0,0,5.0,0.4,0.167,0,0,0.2,0.0,0.0,0.0,0.8817,0.8117,0.0,0.0,2308.95,1858.23,2.1,2.2,0.8817,0.8117,0.159,0.137,2.0,2.67,0.174,0.045,0.05088,0.11104,0.0,0.0,0.0,0.0,0,6.003,1.0,1,279.62800000000004,376.191904047976,0.0,0.067,0.361,0.0,0.0,0.0,0.0,0.0,0.0,0.0,0.0,0.0,0.0,0.0,0.0,0.0,0.0,0.0,0.0,0.0,1.0,1.0,External_Hazard,Not_Applicable,0.0,0,-0.233,0,-0.2,0.0,-0.07,0.0,-450.7199999999998,0.1,-0.07,-0.0219999999999999,0.6699999999999999,-0.129,0.06016,0.0,0.0,96.563904047976,0.067,-0.361,0.0,0.0,0.0,0.0,0.0,0.0,0.0,0.0,0.061038913876395,0.0,0.0,0.0,0.0,0.0,0.0,0.0,0.0,0.0,0.0,0.0,0.0,0.0,0.0,0.0,0.0,0.0,0.0,0.0,0.0,0.0,0.0,0.0,0.0,0.0,0.0,0.0,0.0,0.0,0.0,0.0,0.0,0.0,0.0,0.0,0.0,0.0,0.0,0.0,0.0,0.0,0.0,0.0,0,6,0.0,0.0,0.0,0.0,0.0,0,0.0,0.0722,0.0,0.0,0.0,0.0,0.0,0.0,0.0,0.0,0.0,0.9278,0.9888389138763952,20.849622936000003,172.15992989999998,28.049620749625188,138.55334526000001
21_RT,6,Q3,Animal,Sheep,7.0,35.0,0.0,5,3,0,0,100,1,0,0.0,0.0,0,0,5.0,0.2,0.551,0,0,0.2,0.0,0.0,0.0,0.7006,0.917,0.0,0.0,2273.29,2838.64,2.4,1.8,-0.6845,-0.917,0.175,0.005,2.2,2.21,0.435,0.29,0.17542,0.0027,0.0,0.0,0.2,100.0,1,1.814,7.0,0,227.04,358.6659316427784,0.098,0.335,0.0,0.0,0.0,0.0,0.0,0.0,0.221,0.339,0.0,0.0,0.238,0.0,0.0,0.0,0.0,0.0,0.0,0.0,0.9082,0.8131201764057332,External_Hazard,Not_Applicable,0.0,0,0.351,0,-0.2,0.0,0.2164,0.0,565.3499999999999,-0.5999999999999999,-0.2325,-0.1699999999999999,0.0099999999999997,-0.145,-0.1727199999999999,0.0,99.8,131.62593164277837,0.237,0.0,0.0,0.0,0.118,0.0,-0.238,0.0,0.0,0.0,-0.2601545755237044,0.0,0.0,0.0,5.0,0.0,0.0,0.0,0.0,3.453,0.0,0.0,0.0,2.173,0.152,0.0,0.0,0.0,1.0,0.0,1924.24,0.9,1.0,0.094,0.0,0.0,0.076,3.219,0.0,0.0,0.0,0.0,0.665,6.0,1.2,516.37,0.112,0.0,0.2,17.8,1.0,2.513,7.0,0.0,0,6,0.0,0.0,0.0,0.0,0.0,0,0.0196,0.0,0.0,0.0,0.0442,0.0,0.047599999999999996,0.0,0.0,0.0,0.0,0.8886,0.6284454244762955,16.92855648,169.50104898,26.742849195148843,211.65467568
22_RT,6,Q1,Sign,LeftBend,5.0,11.0,0.0,2,4,3,0,60,1,0,0.0,0.0,0,0,5.0,0.2,0.0,0,0,0.2,0.0,0.0,0.0,0.7966,0.8708,0.0,0.0,3715.92,4390.99,2.4,1.6,0.7966,0.8708,0.159,0.11,2.2,1.46,0.18,0.046,0.04899,0.01852,0.2,0.0,0.0,0.0,0,2.733,5.0,1,385.31,263.5455543358946,0.0,0.606,0.931,0.0,1.032,0.057,0.0,0.0,0.0,0.0,0.169,0.0,0.0,0.0,0.065,0.0,0.0,0.0,0.0,0.0,1.0,1.0,External_Hazard,Not_Applicable,0.0,0,-0.2,0,-0.2,0.0,0.0742,0.0,675.0699999999997,-0.7999999999999998,0.0742,-0.049,-0.7400000000000002,-0.134,-0.03047,-0.2,0.0,-121.76444566410538,0.606,-0.931,-0.975,0.0,0.0,-0.169,0.0,-0.065,0.0,0.0,0.1968094401756313,0.0,0.0,0.0,0.0,0.0,0.0,0.0,0.0,0.0,0.0,0.0,0.0,0.0,0.0,0.0,0.0,0.0,0.0,0.0,0.0,0.0,0.0,0.0,0.0,0.0,0.0,0.0,0.0,0.0,0.0,0.0,0.0,0.0,0.0,0.0,0.0,0.0,0.0,0.0,0.0,0.0,0.0,0.0,0,6,0.0,0.0,0.0,0.0,0.0,0,0.0,0.1862,0.2064,0.0,0.0,0.033800000000000004,0.0,0.013000000000000001,0.0,0.0,0.0,0.5606,0.7574094401756313,28.72948422,277.06642704,19.650483622392976,327.40099638
22_RT,6,Q3,Animal,Sheep,5.0,11.0,0.0,2,4,3,0,60,1,0,0.0,0.0,0,0,5.0,0.4,0.0,0,0,0.2,0.0,0.0,0.0,0.7616,0.8411,0.0,0.0,2677.61,1916.32,2.5,2.3,-0.7616,-0.8411,0.14,0.101,1.6,3.43,0.09,0.015,0.00357,0.00029,0.0,0.0,0.0,0.0,1,1.166,5.0,0,114.816,116.43224699828474,0.776,0.032,0.0,0.0,0.214,0.069,0.0,0.0,0.0,0.0,0.0,0.0,0.0,0.0,0.092,0.0,0.034,0.0,0.037,0.0,1.0,1.0,External_Hazard,Not_Applicable,0.0,0,-0.4,0,-0.2,0.0,0.0794999999999999,0.0,-761.2900000000002,-0.2000000000000001,-0.0794999999999999,-0.039,1.83,-0.075,-0.00328,0.0,0.0,1.616246998284737,-0.744,0.0,-0.145,0.0,0.0,0.0,0.0,-0.092,-0.034,-0.037,0.1439790737564322,0.0,0.0,0.0,5.0,0.2,0.311,0.0,0.0,0.0,0.0,0.0,0.0,0.0,0.273,0.0,0.2,0.0,0.6808,0.0,2677.61,2.2,-0.5052,0.14,0.0,0.034,0.092,0.0,0.0,0.0,0.0,0.037,0.214,8.0,1.6,574.08,0.176,0.25636,0.0,0.0,1.0,1.451,7.0,0.0,0,6,0.0,0.0,0.0,0.0,0.0,0,0.1552,0.0,0.0428,0.0,0.0,0.0,0.0,0.0184,0.0068000000000000005,0.0073999999999999995,0.0,0.7694,0.9133790737564322,8.560910592,199.64795682000002,8.681421200686108,142.88465184
23_RT,6,Q1,Sign,LeftBend,6.0,4.0,0.0,2,1,0,0,46,1,0,0.0,0.0,0,0,5.0,0.0,0.0,0,0,0.0,0.0,0.0,0.0,0.9417,0.3992,0.0,0.0,1957.66,2784.44,1.6,2.0,0.9417,0.3992,0.149,0.101,1.6,1.72,0.292,0.03,0.01225,0.00827,0.4,0.0,25.6,33.1,1,1.164,6.0,0,115.41400000000002,205.40378006872857,0.591,0.329,1.699,0.0,0.0,0.0,0.0,0.0,0.0,0.0,0.0,0.0,0.0,0.0,0.146,0.0,0.0,0.0,0.0,0.0,1.0,1.0,External_Hazard,Not_Applicable,0.0,0,0.0,0,0.0,0.0,-0.5425,0.0,826.78,0.3999999999999999,-0.5425,-0.0479999999999999,0.1199999999999998,-0.262,-0.00398,-0.4,7.5,89.98978006872852,-0.2619999999999999,-1.699,0.0,0.0,0.0,0.0,0.0,-0.146,0.0,0.0,0.2045539518900343,0.0,0.0,0.0,0.0,0.0,0.0,0.0,0.0,0.0,0.0,0.0,0.0,0.0,0.0,0.0,0.0,0.0,0.0,0.0,0.0,0.0,0.0,0.0,0.0,0.0,0.0,0.0,0.0,0.0,0.0,0.0,0.0,0.0,0.0,0.0,0.0,0.0,0.0,0.0,0.0,0.0,0.0,0.0,0,6,0.0,0.0,0.0,0.0,0.0,0,0.1182,0.3398,0.0,0.0,0.0,0.0,0.0,0.029199999999999997,0.0,0.0,0.0,0.5128,0.7173539518900344,8.605498668000001,145.96704492,15.31531664948454,207.61341528000003
23_RT,6,Q3,Animal,Sheep,5.0,4.0,0.0,2,1,0,0,46,1,0,0.0,0.0,0,0,5.0,0.0,0.0,0,0,0.0,0.0,0.0,0.0,1.0,0.9751,0.0,0.0,2236.79,2325.88,1.6,2.0,-1.0,-0.9751,0.111,0.018,1.6,1.66,0.097,0.131,0.0,0.00017,0.2,0.0,30.7,77.4,1,1.809,5.0,0,145.926,149.70702045328912,0.313,0.523,0.0,0.0,0.0,0.0,0.0,0.0,0.093,0.0,0.0,0.0,0.265,0.0,0.0,0.0,0.0,0.26,0.0,0.0,0.9284,1.0,External_Hazard,Not_Applicable,0.0,0,0.0,0,0.0,0.0,-0.0249,0.0,89.09000000000015,0.3999999999999999,0.0249,-0.093,0.0599999999999998,0.034,0.00017,-0.2,46.7,3.7810204532891305,0.21,0.0,0.0,0.0,-0.093,0.0,-0.265,0.0,0.26,0.0,-0.2986358208955224,0.0,0.0,0.0,5.0,0.2,0.0,0.0,0.0,0.0,0.0,0.168,0.0,0.0,0.0,0.0,0.0,0.0,0.7807,0.0,2776.02,1.6,0.5047,0.136,0.0,0.0,0.0,0.031,0.0,0.2,0.0,0.0,0.0,7.0,1.4,1021.16,0.306,0.44392,0.4,36.4,1.0,1.176,6.0,0.0,0,6,0.0,0.0,0.0,0.0,0.0,0,0.0626,0.0,0.0,0.0,0.0186,0.0,0.053000000000000005,0.0,0.0,0.0,0.0,0.8657999999999999,0.5671641791044775,10.880534412,166.77953598,11.162454859038144,173.42226456
24_RT,6,Q1,Sign,LeftBend,3.0,3.0,3.0,1,1,1,0,72,1,0,0.0,0.0,0,0,5.0,0.0,0.326,0,0,0.0,0.0,0.0,0.0,0.993,0.6407,0.0,0.0,2744.1,4413.38,1.9,1.5,0.993,0.6407,0.105,0.11,1.0,0.98,0.822,0.109,0.00018,0.01465,0.4,0.653,25.5,25.5,1,3.064,3.0,0,42.98,219.23955613577024,0.331,0.94,0.552,0.0,0.0,0.0,0.0,0.0,0.0,0.0,0.035,0.0,0.0,0.0,0.0,0.0,0.0,0.0,0.0,0.0,1.0,1.0,External_Hazard,Not_Applicable,0.0,0,0.326,0,0.0,0.0,-0.3522999999999999,0.0,1669.2800000000002,-0.3999999999999999,-0.3522999999999999,0.005,-0.02,-0.713,0.01447,0.253,0.0,176.25955613577025,0.609,-0.552,0.0,0.0,0.0,-0.035,0.0,0.0,0.0,0.0,-0.1231885117493472,0.0,0.0,0.0,0.0,0.0,0.0,0.0,0.0,0.0,0.0,0.0,0.0,0.0,0.0,0.0,0.0,0.0,0.0,0.0,0.0,0.0,0.0,0.0,0.0,0.0,0.0,0.0,0.0,0.0,0.0,0.0,0.0,0.0,0.0,0.0,0.0,0.0,0.0,0.0,0.0,0.0,0.0,0.0,0,6,0.0,0.0,0.0,0.0,0.0,0,0.06620000000000001,0.11040000000000001,0.0,0.0,0.0,0.007000000000000001,0.0,0.0,0.0,0.0,0.0,0.8164,0.6932114882506528,3.20467476,204.6055842,16.346939784595303,329.07043956
24_RT,6,Q3,Animal,Sheep,1.0,3.0,3.0,1,1,1,0,72,1,0,24.0,31.91,0,0,5.0,0.4,0.0,0,0,0.2,0.0,0.0,0.0,0.7565,0.9919,0.0,0.0,2926.97,1729.39,3.1,4.1,-0.7234,-0.9919,0.219,0.177,1.8,3.19,0.534,0.016,0.18027,1e-05,0.2,0.0,0.0,0.0,0,1.88,1.0,1,162.37,199.2553191489362,0.0,0.626,0.0,0.0,0.0,0.0,0.0,0.0,0.0,0.069,0.0,0.0,0.669,0.0,0.0,0.0,0.0,0.193,0.0,0.0,0.8662,0.9632978723404255,External_Hazard,Not_Applicable,7.91,0,-0.4,0,-0.2,0.0,0.2354,0.0,-1197.5799999999997,0.9999999999999996,-0.2684999999999999,-0.042,1.39,-0.518,-0.18026,-0.2,0.0,36.88531914893619,0.626,0.0,0.0,0.0,0.069,0.0,-0.669,0.0,0.193,0.0,-0.3385404255319149,2.0,24.0,0.0,5.0,0.2,0.0,0.0,0.0,0.0,0.0,0.872,0.0,0.0,0.0,0.0,0.2,0.0,0.6168,0.0,3061.05,2.4,-0.2452,0.159,0.0,0.0,0.0,0.0,0.0,0.972,0.0,0.037,0.0,12.0,2.4,1538.85,0.81,0.43211,0.4,0.0,1.0,1.9,7.0,0.0,0,6,0.0,0.0,0.0,0.0,0.0,0,0.0,0.0,0.0,0.0,0.0,0.0,0.1338,0.0,0.0,0.0,0.0,0.8661999999999999,0.527659574468085,12.106631940000002,218.24073714,14.856875106382981,128.94677718000003
25_RT,6,Q1,Sign,LeftBend,4.0,47.0,0.0,5,3,0,0,57,0,1,0.0,0.0,0,0,5.0,0.2,0.0,0,0,0.2,0.0,0.0,0.0,0.8405,1.0,0.0,0.0,1907.86,2314.15,2.1,1.3,0.8405,1.0,0.113,0.205,1.0,3.87,0.157,0.237,0.01478,0.0,0.2,0.553,28.4,0.0,1,1.809,4.0,0,67.654,342.4156992813709,0.391,0.371,1.078,0.192,0.0,0.0,0.0,0.0,0.0,0.0,0.0,0.0,0.0,0.0,0.0,0.0,0.0,0.0,0.0,0.0,1.0,1.0,External_Hazard,Not_Applicable,0.0,0,-0.2,0,-0.2,0.0,0.1594999999999999,0.0,406.2900000000002,-0.8,0.1594999999999999,0.0919999999999999,2.87,0.0799999999999999,-0.01478,0.353,-28.4,274.7616992813709,-0.02,-0.8860000000000001,0.0,0.0,0.0,0.0,0.0,0.0,0.0,0.0,-0.0174216694306246,0.0,0.0,0.0,0.0,0.0,0.0,0.0,0.0,0.0,0.0,0.0,0.0,0.0,0.0,0.0,0.0,0.0,0.0,0.0,0.0,0.0,0.0,0.0,0.0,0.0,0.0,0.0,0.0,0.0,0.0,0.0,0.0,0.0,0.0,0.0,0.0,0.0,0.0,0.0,0.0,0.0,0.0,0.0,0,6,0.0,0.0,0.0,0.0,0.0,0,0.0782,0.2156,0.0,0.0,0.0,0.0,0.0,0.0,0.0,0.0,0.0,0.7061999999999999,0.6887783305693753,5.044417548,142.25385732,25.53119936981758,172.5476523
25_RT,6,Q3,Animal,Sheep,7.0,47.0,0.0,5,3,0,0,57,0,1,0.0,0.0,0,0,5.0,0.4,0.0,1,0,0.2,0.0,0.0,0.0,0.8939,0.9455,0.0,0.0,1617.27,1457.87,2.9,2.9,-0.8924,-0.9455,0.115,0.163,1.2,0.8,0.185,0.021,0.06937,0.00078,0.2,0.0,18.1,17.2,1,1.244,7.0,0,60.198,33.17524115755627,0.0,0.741,0.0,0.0,0.0,0.0,0.0,0.0,0.0,0.0,0.128,0.0,0.0,0.0,0.0,0.0,0.0,0.0,0.0,0.0,1.0,1.0,External_Hazard,Not_Applicable,0.0,0,-0.4,-1,-0.2,0.0,0.0515999999999999,0.0,-159.4000000000001,0.0,-0.0531,0.048,-0.3999999999999999,-0.164,-0.06859,-0.2,-0.9000000000000021,-27.02275884244373,0.741,0.0,0.0,0.0,0.0,-0.128,0.0,0.0,0.0,0.0,-0.5700591639871382,0.0,0.0,0.0,5.0,0.4,0.0,0.0,0.0,0.0,0.0,0.0,0.0,0.792,0.0,1.0,0.2,0.0,0.853,0.0,2188.31,3.2,-0.619,0.112,0.0,0.0,0.0,0.0,0.128,0.0,0.0,0.0,0.031,7.0,1.4,669.38,0.442,0.41961,0.4,18.1,1.0,1.524,7.0,0.0,0,6,0.0,0.0,0.0,0.0,0.0,0,0.0,0.0,0.0,0.0,0.0,0.0256,0.0,0.0,0.0,0.0,0.0,0.9744,0.4043408360128617,4.488483276,120.58688574,2.473612331189711,108.70170293999999
26_RT,6,Q1,Sign,LeftBend,7.0,6.0,9.0,1,1,0,0,76,0,1,0.0,0.0,0,0,5.0,0.2,0.0,0,0,0.2,0.0,0.0,0.0,0.8156,0.732,0.0,0.0,2050.93,2031.88,2.4,2.4,0.8156,0.732,0.147,0.239,1.6,2.52,0.166,0.168,0.03263,0.00167,0.2,0.0,11.8,0.0,1,1.191,7.0,0,125.736,162.11586901763224,0.317,0.144,2.04,0.0,0.0,0.0,0.0,0.0,0.0,0.0,0.0,0.0,0.0,0.0,0.103,0.0,0.0,0.0,0.0,0.0,1.0,1.0,External_Hazard,Not_Applicable,0.0,0,-0.2,0,-0.2,0.0,-0.0836,0.0,-19.049999999999727,0.0,-0.0836,0.092,0.92,0.002,-0.0309599999999999,-0.2,-11.8,36.379869017632245,-0.173,-2.04,0.0,0.0,0.0,0.0,0.0,-0.103,0.0,0.0,0.3710931989924435,0.0,0.0,0.0,0.0,0.0,0.0,0.0,0.0,0.0,0.0,0.0,0.0,0.0,0.0,0.0,0.0,0.0,0.0,0.0,0.0,0.0,0.0,0.0,0.0,0.0,0.0,0.0,0.0,0.0,0.0,0.0,0.0,0.0,0.0,0.0,0.0,0.0,0.0,0.0,0.0,0.0,0.0,0.0,0,6,0.0,0.0,0.0,0.0,0.0,0,0.0634,0.40800000000000003,0.0,0.0,0.0,0.0,0.0,0.0206,0.0,0.0,0.0,0.5079999999999999,0.8790931989924434,9.375127632,152.92144266,12.087683425692695,151.50103656000002
26_RT,6,Q3,Animal,Sheep,4.0,6.0,9.0,1,1,0,0,76,0,1,0.0,0.0,0,0,5.0,0.0,0.0,0,0,0.0,0.0,0.0,0.0,1.0,1.0,0.0,0.0,2534.23,4490.4,1.8,2.1,-1.0,-1.0,0.09,0.183,1.2,1.49,0.14,0.125,0.0,0.0,0.4,0.0,39.4,0.0,1,1.344,4.0,0,130.988,393.6235119047618,1.275,0.772,0.0,0.0,0.0,0.0,0.0,0.0,0.0,0.0,0.0,0.0,0.511,0.0,0.0,0.0,0.93,0.0,0.0,0.0,0.8978,1.0,External_Hazard,Not_Applicable,0.0,0,0.0,0,0.0,0.0,0.0,0.0,1956.1699999999996,0.3,0.0,0.093,0.29,-0.015,0.0,-0.4,-39.4,262.63551190476187,-0.5029999999999999,0.0,0.0,0.0,0.0,0.0,-0.511,0.0,-0.93,0.0,-0.0312047619047618,0.0,0.0,0.0,5.0,0.2,0.0,0.0,0.0,0.0,0.0,0.0,0.0,0.0,0.0,0.0,0.2,0.0,0.733,0.0,2752.51,2.0,-0.2566,0.113,0.0,0.0,0.0,0.0,0.0,0.511,0.0,0.0,0.0,10.0,2.0,1297.7,0.135,0.55786,0.6,23.1,1.0,1.506,4.0,0.0,0,6,0.0,0.0,0.0,0.0,0.0,0,0.255,0.0,0.0,0.0,0.0,0.0,0.1022,0.0,0.186,0.0,0.0,0.4568,0.4255952380952381,9.766727256000001,188.95725726,29.349356294642853,334.8132048
27_RT,6,Q1,Sign,LeftBend,2.0,12.0,20.0,2,3,5,0,64,0,1,0.0,0.0,0,0,5.0,0.2,0.194,0,0,0.0,0.194,0.0,0.0,0.7891,0.9634,0.0,0.0,2492.18,2818.62,2.3,1.7,0.7891,0.9634,0.139,0.113,1.8,1.55,0.054,0.115,0.03264,0.00707,0.0,0.0,0.0,0.0,1,5.155,2.0,0,248.728,305.90688651794375,0.0,0.257,0.386,0.76,0.0,0.102,0.0,0.0,0.0,0.0,0.0,0.04,0.162,0.0,0.199,0.033,0.0,0.0,0.0,0.0,0.9676,1.0,External_Hazard,Not_Applicable,0.0,0,-0.006,0,0.194,0.0,0.1743,0.0,326.44000000000005,-0.5999999999999999,0.1743,-0.026,-0.25,0.061,-0.02557,0.0,0.0,57.17888651794374,0.257,0.374,0.102,0.0,0.0,0.04,-0.162,-0.166,0.0,0.0,-0.0818318137730359,0.0,0.0,0.0,0.0,0.0,0.0,0.0,0.0,0.0,0.0,0.0,0.0,0.0,0.0,0.0,0.0,0.0,0.0,0.0,0.0,0.0,0.0,0.0,0.0,0.0,0.0,0.0,0.0,0.0,0.0,0.0,0.0,0.0,0.0,0.0,0.0,0.0,0.0,0.0,0.0,0.0,0.0,0.0,0,6,0.0,0.0,0.0,0.0,0.0,0,0.0,0.0772,0.0,0.0,0.0,0.0,0.0324,0.0398,0.0,0.0,0.0,0.8506,0.7687681862269641,18.545657136000003,185.82192516,22.809029272550923,210.16194444
27_RT,6,Q3,Animal,Sheep,7.0,12.0,20.0,2,3,5,0,64,0,1,0.0,0.0,0,0,5.0,0.0,0.0,0,0,0.0,0.0,0.0,0.0,0.968,0.5707,0.0,0.0,2180.03,1917.22,2.0,1.8,-0.968,-0.5707,0.112,0.125,1.6,1.31,0.008,0.006,0.004,0.0046,0.0,0.0,0.0,0.0,1,1.523,7.0,0,168.69,91.03742613263296,0.542,0.931,0.0,0.0,0.0,0.0,0.0,0.0,0.0,0.0,0.0,0.0,0.73,0.0,0.0,0.0,0.899,0.0,0.0,0.0,0.854,1.0,External_Hazard,Not_Applicable,0.0,0,0.0,0,0.0,0.0,-0.3973,0.0,-262.8100000000002,-0.1999999999999999,0.3973,0.0129999999999999,-0.29,-0.002,0.0005999999999999,0.0,0.0,-77.65257386736702,0.389,0.0,0.0,0.0,0.0,0.0,-0.73,0.0,-0.899,0.0,-0.1770934996717006,0.0,0.0,0.0,5.0,0.2,0.0,0.0,0.98,0.0,0.0,0.324,0.0,0.0,0.98,0.0,0.0,0.0,0.7629,0.0,2569.04,1.6,0.2206,0.122,0.0,0.0,0.0,0.0,0.0,0.403,0.0,0.0,0.591,11.0,2.2,1606.02,0.052,0.62877,0.0,0.0,1.0,1.236,7.0,0.0,0,6,0.0,0.0,0.0,0.0,0.0,0,0.10840000000000001,0.0,0.0,0.0,0.0,0.0,0.146,0.0,0.17980000000000002,0.0,0.0,0.5658,0.3887065003282993,12.577863780000001,162.54739686000002,6.787932567301379,142.95175764
28_RT,6,Q1,Sign,LeftBend,5.0,5.0,0.0,1,4,0,0,47,0,1,0.0,0.0,0,0,5.0,0.6,0.0,0,0,0.6,0.0,0.0,0.0,0.8611,0.8262,0.0,0.0,3494.02,2350.5,2.4,2.0,0.8611,0.8262,0.153,0.113,1.8,2.38,0.102,0.016,0.00994,0.00019,0.0,0.0,0.0,0.0,1,1.26,5.0,0,306.68600000000004,239.83333333333337,0.868,0.272,0.733,0.125,1.077,0.0,0.0,0.0,0.0,0.0,0.0,0.0,0.0,0.0,0.032,0.0,0.0,0.0,0.0,0.0,1.0,1.0,External_Hazard,Not_Applicable,0.0,0,-0.6,0,-0.6,0.0,-0.0348999999999999,0.0,-1143.52,-0.3999999999999999,-0.0348999999999999,-0.0399999999999999,0.5799999999999998,-0.086,-0.00975,0.0,0.0,-66.85266666666669,-0.596,-0.608,-1.077,0.0,0.0,0.0,0.0,-0.032,0.0,0.0,0.2269206349206349,0.0,0.0,0.0,0.0,0.0,0.0,0.0,0.0,0.0,0.0,0.0,0.0,0.0,0.0,0.0,0.0,0.0,0.0,0.0,0.0,0.0,0.0,0.0,0.0,0.0,0.0,0.0,0.0,0.0,0.0,0.0,0.0,0.0,0.0,0.0,0.0,0.0,0.0,0.0,0.0,0.0,0.0,0.0,0,6,0.0,0.0,0.0,0.0,0.0,0,0.1736,0.1466,0.21539999999999998,0.0,0.0,0.0,0.0,0.0064,0.0,0.0,0.0,0.458,0.6849206349206349,22.867121532000002,260.52111924,17.882453000000005,175.257981
28_RT,6,Q3,Animal,Sheep,6.0,5.0,0.0,1,4,0,0,47,0,1,0.0,0.0,0,0,5.0,0.4,0.0,0,0,0.4,0.0,0.0,0.0,0.7581,0.9783,0.0,0.0,2561.53,4739.49,2.5,2.4,-0.7581,-0.9783,0.133,0.129,1.2,0.75,0.008,0.0,0.05697,0.00033,0.0,0.0,0.0,0.0,1,1.328,6.0,0,128.134,223.9683734939759,0.414,1.088,0.0,0.0,0.0,0.0,0.0,0.0,0.0,0.0,0.0,0.0,0.0,0.0,0.0,0.0,0.27,0.0,0.195,0.0,1.0,1.0,External_Hazard,Not_Applicable,0.0,0,-0.4,0,-0.4,0.0,0.2201999999999999,0.0,2177.9599999999996,-0.1,-0.2201999999999999,-0.004,-0.4499999999999999,-0.008,-0.05664,0.0,0.0,95.8343734939759,0.6740000000000002,0.0,0.0,0.0,0.0,0.0,0.0,0.0,-0.27,-0.195,-0.643477108433735,0.0,0.0,0.0,5.0,0.2,0.0,0.526,0.264,0.0,0.0,0.0,0.0,0.304,0.214,0.0,0.2,0.0,0.6451,0.0,3028.83,2.4,-0.4153,0.136,0.0,0.0,0.176,0.0,0.0,0.0,0.0,0.195,0.183,10.0,2.0,1317.83,0.01,0.34445,0.0,0.0,1.0,1.265,7.0,0.0,0,6,0.0,0.0,0.0,0.0,0.0,0,0.0828,0.0,0.0,0.0,0.0,0.0,0.0,0.0,0.054000000000000006,0.039,0.0,0.8242,0.180722891566265,9.553927307999999,190.99279986000002,16.69952986445783,353.38585338
29_RT,6,Q1,Sign,LeftBend,7.0,26.5,0.0,3,4,0,0,84,0,1,0.0,0.0,0,0,5.0,0.6,0.396,0,0,0.6,0.0,0.0,0.0,0.7649,0.9884,0.0,0.0,2948.63,3038.89,2.4,2.5,0.7649,0.9884,0.174,0.126,1.6,3.16,0.393,0.1,0.03618,0.0007,0.0,0.0,0.0,0.0,1,2.528,7.0,0,228.48,457.10838607594934,0.0,0.165,0.0,0.134,0.792,0.0,0.0,0.0,0.0,0.0,0.0,0.0,0.0,0.0,0.206,0.237,0.0,0.0,0.0,0.0,1.0,1.0,External_Hazard,Not_Applicable,0.0,0,-0.2039999999999999,0,-0.6,0.0,0.2234999999999999,0.0,90.25999999999976,0.1,0.2234999999999999,-0.0479999999999999,1.56,-0.293,-0.03548,0.0,0.0,228.62838607594932,0.165,0.134,-0.792,0.0,0.0,0.0,0.0,0.031,0.0,0.0,-0.0124253164556962,0.0,0.0,0.0,0.0,0.0,0.0,0.0,0.0,0.0,0.0,0.0,0.0,0.0,0.0,0.0,0.0,0.0,0.0,0.0,0.0,0.0,0.0,0.0,0.0,0.0,0.0,0.0,0.0,0.0,0.0,0.0,0.0,0.0,0.0,0.0,0.0,0.0,0.0,0.0,0.0,0.0,0.0,0.0,0,6,0.0,0.0,0.0,0.0,0.0,0,0.0,0.0,0.1584,0.0,0.0,0.0,0.0,0.0412,0.0,0.0,0.0,0.8004,0.7879746835443038,17.03592576,219.85575006000002,34.082915482594935,226.58571618
29_RT,6,Q3,Animal,Sheep,5.0,26.5,0.0,3,4,0,0,84,0,1,0.0,0.0,0,0,5.0,0.0,0.0,1,0,0.0,0.0,0.0,0.0,1.0,1.0,0.0,0.0,2217.57,2198.42,2.3,2.9,-1.0,-1.0,0.143,0.185,1.8,2.64,0.379,0.038,0.0,0.0,0.4,0.0,1.0,0.0,1,1.136,5.0,0,155.052,216.35563380281693,0.519,0.139,0.0,0.0,0.121,0.0,0.0,0.0,0.0,0.0,0.0,0.0,0.463,0.0,0.0,0.0,0.0,0.0,0.168,0.0,0.9074,1.0,External_Hazard,Not_Applicable,0.0,0,0.0,-1,0.0,0.0,0.0,0.0,-19.15000000000009,0.6000000000000001,0.0,0.042,0.8400000000000001,-0.341,0.0,-0.4,-1.0,61.30363380281693,-0.38,0.0,-0.121,0.0,0.0,0.0,-0.463,0.0,0.0,-0.168,0.1318408450704224,0.0,0.0,0.0,5.0,0.2,0.0,0.0,0.0,3.104,0.0,0.0,0.0,0.0,0.0,0.0,0.0,0.0,0.8221,0.0,1536.05,1.5,0.7413,0.117,0.0,0.0,0.0,0.1,0.0,0.0,0.0,0.07,0.0,3.0,0.6,150.19,0.032,0.22327,0.0,8.2,1.0,1.752,7.0,0.0,1,6,0.0,0.0,0.0,0.0,0.0,0,0.1038,0.0,0.0242,0.0,0.0,0.0,0.0926,0.0,0.0,0.033600000000000005,0.0,0.7458,0.8776408450704225,11.560987224,165.34645434,16.131908767605637,163.91859204000002
30_RT,6,Q1,Sign,LeftBend,7.0,43.0,0.0,5,2,0,0,43,1,0,48.0,0.0,0,0,5.0,0.4,0.579,0,0,0.2,0.0,0.0,0.0,0.7692,0.785,0.0,0.0,2287.27,2218.9,1.7,1.6,0.7692,0.785,0.122,0.104,2.4,2.32,0.289,0.005,0.01345,0.00385,0.4,0.0,7.1,0.0,1,1.727,7.0,0,234.958,199.6583671105964,0.0,0.3,0.0,0.0,0.0,0.0,0.0,0.0,0.0,0.0,0.371,0.0,0.0,0.0,0.0,0.0,0.0,0.0,0.0,0.0,1.0,1.0,External_Hazard,Not_Applicable,-48.0,0,0.1789999999999999,0,-0.2,0.0,0.0158,0.0,-68.36999999999989,-0.0999999999999998,0.0158,-0.018,-0.08,-0.284,-0.0096,-0.4,-7.1,-35.2996328894036,0.3,0.0,0.0,0.0,0.0,-0.371,0.0,0.0,0.0,0.0,-0.0995116386797915,0.0,0.0,0.0,0.0,0.0,0.0,0.0,0.0,0.0,0.0,0.0,0.0,0.0,0.0,0.0,0.0,0.0,0.0,0.0,0.0,0.0,0.0,0.0,0.0,0.0,0.0,0.0,0.0,0.0,0.0,0.0,0.0,0.0,0.0,0.0,0.0,0.0,0.0,0.0,0.0,0.0,0.0,0.0,0,6,0.0,0.0,0.0,0.0,0.0,0,0.0,0.0,0.0,0.0,0.0,0.0742,0.0,0.0,0.0,0.0,0.0,0.9258,0.8262883613202084,17.518938396,170.54342574,14.88692716850029,165.44562180000003
30_RT,6,Q3,Animal,Sheep,7.0,43.0,0.0,5,2,0,0,43,1,0,36.0,0.0,0,0,5.0,0.2,0.0,0,0,0.2,0.0,0.0,0.0,0.9679,1.0,0.0,0.0,3258.65,2366.58,1.9,1.4,-0.9679,-1.0,0.108,0.0,2.8,2.05,0.128,0.039,0.00477,0.0,0.6,0.0,33.2,100.0,1,0.975,7.0,0,358.33000000000004,180.1948717948718,0.0,0.46,0.0,0.0,0.0,0.0,0.0,0.0,0.0,0.0,0.039,0.0,0.269,0.0,0.04,0.0,0.039,0.104,0.345,0.0,0.9462,1.0,External_Hazard,Not_Applicable,-36.0,0,-0.2,0,-0.2,0.0,0.0321,0.0,-892.0700000000002,-0.5,-0.0321,-0.108,-0.75,-0.089,-0.00477,-0.6,66.8,-178.13512820512824,0.46,0.0,0.0,0.0,0.0,-0.039,-0.269,-0.04,0.065,-0.345,-0.4320615384615384,3.0,36.0,0.0,5.0,0.0,0.0,0.0,0.0,1.888,0.0,0.348,0.302,0.0,0.302,0.0,0.0,0.0,0.8667,0.0,3657.29,0.8,0.8667,0.189,0.0,0.0,0.0,1.42,0.0,0.337,0.227,0.043,0.37,13.0,2.6,2318.12,0.244,0.04434,0.6,17.3,1.0,2.079,7.0,1.0,0,6,0.0,0.0,0.0,0.0,0.0,0,0.0,0.0,0.0,0.0,0.0,0.0078,0.0538,0.008,0.0078,0.06899999999999999,0.0,0.8535999999999999,0.4215384615384615,26.717801460000004,242.97146130000002,13.435690030769232,176.45693796
31_RT,6,Q1,Sign,LeftBend,7.0,1.67,12.0,1,4,3,0,15,0,1,12.0,0.0,0,0,5.0,0.2,0.0,0,0,0.2,0.0,0.0,0.0,0.8412,0.3864,0.0,0.0,2680.66,0.0,2.3,2.5,0.8412,0.3864,0.155,0.13,1.2,0.0,0.118,0.003,0.03462,0.00265,0.0,0.0,0.0,0.0,1,1.11,7.0,0,195.278,0.0,0.379,1.008,0.3,0.0,0.259,0.0,0.0,0.0,0.0,0.0,0.07,0.0,0.89,0.0,0.0,0.0,0.0,0.0,0.0,0.0,0.8220000000000001,1.0,External_Hazard,Not_Applicable,-12.0,0,-0.2,0,-0.2,0.0,-0.4547999999999999,0.0,-2680.66,0.2000000000000001,-0.4547999999999999,-0.0249999999999999,-1.2,-0.1149999999999999,-0.03197,0.0,0.0,-195.278,0.629,-0.3,-0.259,0.0,0.0,-0.07,-0.89,0.0,0.0,0.0,-0.528508108108108,0.0,0.0,0.0,0.0,0.0,0.0,0.0,0.0,0.0,0.0,0.0,0.0,0.0,0.0,0.0,0.0,0.0,0.0,0.0,0.0,0.0,0.0,0.0,0.0,0.0,0.0,0.0,0.0,0.0,0.0,0.0,0.0,0.0,0.0,0.0,0.0,0.0,0.0,0.0,0.0,0.0,0.0,0.0,0,6,0.0,0.0,0.0,0.0,0.0,0,0.0758,0.06,0.0518,0.0,0.0,0.014000000000000002,0.178,0.0,0.0,0.0,0.0,0.6204,0.0918918918918919,14.560318236,199.87537092,0.0,0.0
31_RT,6,Q3,Animal,Sheep,6.0,1.67,12.0,1,4,3,0,15,0,1,0.0,0.0,0,0,5.0,0.2,0.0,0,0,0.2,0.0,0.0,0.0,0.9051,0.4429,0.0,0.0,2552.86,1381.22,2.3,1.9,-0.9051,-0.4429,0.122,0.181,1.4,0.59,0.101,0.096,0.02995,0.0025,0.0,0.0,0.0,0.0,1,1.691,6.0,0,149.51,19.698403311649912,0.0,1.181,0.0,0.0,0.0,0.0,0.0,0.0,0.0,0.0,0.0,0.0,0.755,0.0,0.0,0.0,0.484,0.51,0.0,0.0,0.849,1.0,External_Hazard,Not_Applicable,0.0,0,-0.2,0,-0.2,0.0,-0.4622,0.0,-1171.64,-0.3999999999999999,0.4622,0.059,-0.8099999999999999,-0.005,-0.02745,0.0,0.0,-129.81159668835008,1.181,0.0,0.0,0.0,0.0,0.0,-0.755,0.0,0.026,0.0,-0.7522,0.0,0.0,0.0,5.0,0.2,0.0,0.0,0.0,0.0,0.0,0.532,0.0,0.0,0.0,0.0,0.2,0.0,0.7771,0.0,2715.26,2.1,-0.3154,0.141,0.0,0.0,0.0,0.0,0.0,0.574,0.0,0.0,0.0,8.0,1.6,982.99,0.109,0.59672,0.0,0.0,1.0,1.305,6.0,0.0,1,6,0.0,0.0,0.0,0.0,0.0,0,0.0,0.0,0.0,0.0,0.0,0.0,0.151,0.0,0.0968,0.0,0.0,0.7522,0.0,11.14776462,190.34634732,1.4687523477232407,102.98652564000001
32_RT,6,Q1,Sign,LeftBend,5.0,18.0,20.0,3,1,2,0,100,1,0,24.0,44.4,0,0,5.0,0.4,0.37,0,0,0.2,0.0,0.0,0.0,0.7926,0.8178,0.0,0.0,3153.85,2785.15,2.2,1.5,0.7926,0.8178,0.13,0.159,2.0,1.85,0.735,0.434,0.03521,0.00508,0.2,0.0,38.0,19.3,1,2.703,5.0,0,191.326,180.17388087310397,0.0,0.208,0.0,0.224,0.068,0.0,0.0,0.0,0.167,0.0,0.158,0.032,0.0,0.0,0.031,0.034,0.0,0.0,0.1,0.0,0.9666,1.0,External_Hazard,Not_Applicable,20.4,0,-0.03,0,-0.2,0.0,0.0252,0.0,-368.6999999999998,-0.7000000000000002,0.0252,0.0289999999999999,-0.1499999999999999,-0.301,-0.0301299999999999,-0.2,-18.7,-11.152119126896023,0.208,0.224,-0.068,0.0,-0.167,-0.126,0.0,0.003,0.0,-0.1,-0.0794397336293006,0.0,0.0,0.0,0.0,0.0,0.0,0.0,0.0,0.0,0.0,0.0,0.0,0.0,0.0,0.0,0.0,0.0,0.0,0.0,0.0,0.0,0.0,0.0,0.0,0.0,0.0,0.0,0.0,0.0,0.0,0.0,0.0,0.0,0.0,0.0,0.0,0.0,0.0,0.0,0.0,0.0,0.0,0.0,0,6,0.0,0.0,0.0,0.0,0.0,0,0.0,0.0,0.013600000000000001,0.0,0.0334,0.0316,0.0,0.0062,0.0,0.02,0.0,0.8952,0.8157602663706993,14.265649212,235.1573637,13.43412490566038,207.66635430000002
32_RT,6,Q3,Animal,Sheep,6.0,18.0,20.0,3,1,2,0,100,1,0,24.0,0.0,0,0,5.0,0.0,0.0,1,0,0.0,0.0,0.0,0.0,1.0,0.9984,0.0,0.0,2677.21,1153.42,1.3,0.9,-1.0,-0.9984,0.058,0.186,1.6,1.85,0.17,0.228,0.0,0.0,0.4,0.617,65.9,13.3,1,1.622,6.0,1,153.676,58.46485819975339,0.36,0.759,0.0,0.0,0.0,0.0,0.0,0.0,0.0,0.0,0.0,0.0,0.419,0.0,0.0,0.0,0.0,0.0,0.032,0.0,0.9162,1.0,External_Hazard,Not_Applicable,-24.0,0,0.0,-1,0.0,0.0,-0.0016,0.0,-1523.79,-0.4,0.0016,0.128,0.25,0.0579999999999999,0.0,0.2169999999999999,-52.60000000000001,-95.2111418002466,0.399,0.0,0.0,0.0,0.0,0.0,-0.419,0.0,0.0,-0.032,-0.305740813810111,2.0,24.0,0.0,5.0,0.2,0.0,0.0,0.0,0.0,0.0,0.0,0.0,0.0,0.0,0.0,0.0,0.0,0.8015,0.0,2629.98,1.0,0.2721,0.03,0.0,0.0,0.0,0.044,0.0,0.0,0.0,0.079,0.033,6.0,1.2,482.63,0.086,0.65562,0.4,74.8,1.0,1.569,3.0,0.0,0,6,0.0,0.0,0.0,0.0,0.0,0,0.072,0.0,0.0,0.0,0.0,0.0,0.0838,0.0,0.0,0.0064,0.0,0.8378,0.532059186189889,11.458389912,199.61813202000002,4.359256757090012,86.00130204000001
33_RT,6,Q1,Sign,LeftBend,7.0,6.0,1.0,3,3,2,0,56,0,1,12.0,0.0,0,0,5.0,0.2,0.0,0,0,0.2,0.0,0.0,0.0,0.6968,0.6296,0.0,0.0,2491.68,0.0,2.2,2.6,0.687,0.6296,0.175,0.1,2.6,0.0,0.112,0.107,0.15819,0.04545,0.0,0.552,0.0,44.0,1,1.811,7.0,0,274.654,0.0,0.0,0.634,0.0,0.0,0.259,0.0,0.0,0.0,0.0,0.0,0.0,0.0,0.0,0.0,0.5,0.0,0.0,0.0,0.0,0.0,1.0,1.0,External_Hazard,Not_Applicable,-12.0,0,-0.2,0,-0.2,0.0,-0.0671999999999999,0.0,-2491.68,0.3999999999999999,-0.0574,-0.0749999999999999,-2.6,-0.005,-0.11274,0.552,44.0,-274.654,0.634,0.0,-0.259,0.0,0.0,0.0,0.0,-0.5,0.0,0.0,-0.1982828271673108,0.0,0.0,0.0,0.0,0.0,0.0,0.0,0.0,0.0,0.0,0.0,0.0,0.0,0.0,0.0,0.0,0.0,0.0,0.0,0.0,0.0,0.0,0.0,0.0,0.0,0.0,0.0,0.0,0.0,0.0,0.0,0.0,0.0,0.0,0.0,0.0,0.0,0.0,0.0,0.0,0.0,0.0,0.0,0,6,0.0,0.0,0.0,0.0,0.0,0,0.0,0.0,0.0518,0.0,0.0,0.0,0.0,0.1,0.0,0.0,0.0,0.8482,0.6499171728326891,20.478751548,185.78464416,0.0,0.0
33_RT,6,Q3,Animal,Sheep,7.0,6.0,1.0,3,3,2,0,56,0,1,24.0,0.0,0,0,5.0,0.2,0.0,0,0,0.2,0.0,0.0,0.0,0.737,0.6672,0.0,0.0,2142.87,1722.84,2.8,2.5,-0.417,-0.6672,0.151,0.11,2.2,1.11,0.034,0.065,0.47052,0.04456,0.0,0.0,0.0,17.9,1,1.802,7.0,0,158.20999999999998,72.80799112097668,0.0,0.911,0.0,0.0,0.0,0.0,0.0,0.0,0.0,0.0,0.0,0.0,0.0,0.0,0.0,0.0,0.0,0.095,0.162,0.0,1.0,1.0,External_Hazard,Not_Applicable,-24.0,0,-0.2,0,-0.2,0.0,-0.0697999999999999,0.0,-420.03,-0.2999999999999998,-0.2502,-0.0409999999999999,-1.09,0.031,-0.42596,0.0,17.9,-85.4020088790233,0.911,0.0,0.0,0.0,0.0,0.0,0.0,0.0,0.095,-0.162,-0.52586859045505,3.0,36.0,0.0,5.0,0.2,0.0,0.0,0.0,0.532,0.0,0.0,0.0,0.0,0.0,0.0,0.0,0.0,0.7347,0.0,2280.79,2.7,0.1114,0.146,0.0,0.0,0.132,0.0,0.0,0.0,0.0,0.162,0.066,12.0,2.4,912.3,0.017,0.6273,0.0,0.0,1.0,1.268,7.0,0.0,1,6,0.0,0.0,0.0,0.0,0.0,0,0.0,0.0,0.0,0.0,0.0,0.0,0.0,0.0,0.0,0.0324,0.0,0.9676,0.44173140954495,11.796454019999999,159.77667294,5.428709433962264,128.45839608
34_RT,6,Q1,Sign,LeftBend,6.0,27.0,5.0,3,4,1,0,38,1,0,48.0,29.02,0,0,5.0,0.2,0.0,0,0,0.2,0.0,0.0,0.0,0.9505,1.0,0.0,0.0,3269.26,2975.53,1.5,1.2,0.9505,1.0,0.101,0.101,3.0,1.45,0.333,0.005,0.01084,0.0,0.4,0.0,27.4,0.0,1,2.067,6.0,0,570.284,128.72762457668117,0.0,0.639,0.0,0.0,0.0,0.0,0.0,0.0,0.0,0.0,0.107,0.0,0.37,0.0,0.0,0.0,0.0,0.0,0.196,0.0,0.926,1.0,External_Hazard,Not_Applicable,-18.98,0,-0.2,0,-0.2,0.0,0.0494999999999999,0.0,-293.73,-0.3,0.0494999999999999,0.0,-1.55,-0.328,-0.01084,-0.4,-27.4,-441.55637542331885,0.639,0.0,0.0,0.0,0.0,-0.107,-0.37,0.0,0.0,-0.196,-0.174543686502177,0.0,0.0,0.0,0.0,0.0,0.0,0.0,0.0,0.0,0.0,0.0,0.0,0.0,0.0,0.0,0.0,0.0,0.0,0.0,0.0,0.0,0.0,0.0,0.0,0.0,0.0,0.0,0.0,0.0,0.0,0.0,0.0,0.0,0.0,0.0,0.0,0.0,0.0,0.0,0.0,0.0,0.0,0.0,0,6,0.0,0.0,0.0,0.0,0.0,0,0.0,0.0,0.0,0.0,0.0,0.0214,0.074,0.0,0.0,0.0392,0.0,0.8654,0.690856313497823,42.521515608,243.76256412000004,9.598189143686502,221.86146786000003
34_RT,6,Q3,Animal,Sheep,6.0,27.0,5.0,3,4,1,0,38,1,0,36.0,0.0,0,0,5.0,0.4,0.535,0,0,0.2,0.0,0.0,0.0,0.7093,0.8952,0.0,0.0,2864.56,1969.18,2.3,1.8,-0.5578,-0.8952,0.143,0.048,3.0,0.54,0.552,0.142,0.31801,0.00136,0.2,0.535,17.3,62.1,1,1.868,6.0,0,305.26599999999996,46.19379014989293,0.072,1.04,0.0,0.0,0.0,0.0,0.44,0.0,0.0,0.0,0.0,0.0,0.496,0.0,0.0,0.0,0.0,0.16,0.147,0.0,0.9008,1.0,External_Hazard,Not_Applicable,-36.0,0,0.135,0,-0.2,0.0,0.1858999999999999,0.0,-895.3799999999999,-0.4999999999999998,-0.3374,-0.0949999999999999,-2.46,-0.41,-0.31665,0.335,44.8,-259.072209850107,0.968,0.0,0.0,-0.44,0.0,0.0,-0.496,0.0,0.16,-0.147,-0.4113982869379013,4.0,48.0,0.0,5.0,0.4,0.0,0.0,0.2,1.272,0.0,0.14,0.0,0.316,0.0,0.0,0.2,0.0,0.5911,0.0,3341.91,1.7,-0.0334,0.123,0.0,0.0,0.293,1.06,0.0,0.193,0.0,0.147,0.0,14.0,2.8,1388.97,0.331,0.4508,0.2,26.1,1.0,1.727,6.0,0.0,0,6,0.0,0.0,0.0,0.0,0.0,0,0.0144,0.0,0.0,0.088,0.0,0.0,0.0992,0.0,0.0,0.0294,0.0,0.7689999999999999,0.3576017130620985,22.761243492,213.58732272,3.444301381156317,146.82599916
35_RT,6,Q1,Sign,LeftBend,7.0,36.0,5.0,5,4,1,0,88,0,1,12.0,0.0,0,0,5.0,0.2,0.0,0,0,0.0,0.0,0.0,0.0,0.986,0.8,0.0,0.0,2051.15,1689.16,1.4,1.5,0.986,0.8,0.154,0.117,1.6,0.48,0.128,0.024,0.00127,0.01503,0.4,0.0,49.2,31.4,1,2.102,7.0,0,257.464,23.46336822074215,0.0,0.0,0.535,0.17,0.0,0.0,0.0,0.0,0.0,0.0,0.0,0.0,0.071,0.0,0.0,0.0,0.0,0.0,0.0,0.0,0.9858,1.0,External_Hazard,Not_Applicable,-12.0,0,-0.2,0,0.0,0.0,-0.1859999999999999,0.0,-361.99,0.1,-0.1859999999999999,-0.0369999999999999,-1.12,-0.104,0.01376,-0.4,-17.800000000000004,-234.00063177925784,0.0,-0.365,0.0,0.0,0.0,0.0,-0.071,0.0,0.0,0.0,0.0403246431969552,0.0,0.0,0.0,0.0,0.0,0.0,0.0,0.0,0.0,0.0,0.0,0.0,0.0,0.0,0.0,0.0,0.0,0.0,0.0,0.0,0.0,0.0,0.0,0.0,0.0,0.0,0.0,0.0,0.0,0.0,0.0,0.0,0.0,0.0,0.0,0.0,0.0,0.0,0.0,0.0,0.0,0.0,0.0,0,6,0.0,0.0,0.0,0.0,0.0,0,0.0,0.10700000000000001,0.0,0.0,0.0,0.0,0.014199999999999999,0.0,0.0,0.0,0.0,0.8788,0.9191246431969552,19.197030768,152.93784630000002,1.7494756612749762,125.94714792
36_RT,6,Q1,Sign,LeftBend,6.0,24.0,0.0,4,4,1,0,16,1,0,36.0,0.0,0,0,5.0,0.2,0.296,0,0,0.2,0.296,0.0,0.0,0.9138,0.71,0.0,0.0,2370.05,1693.51,1.3,1.4,0.9138,0.71,0.081,0.165,1.6,0.89,0.217,0.288,0.01739,0.07796,0.2,0.296,59.1,17.4,1,3.377,6.0,0,295.17199999999997,48.40687000296121,0.0,0.423,0.0,0.062,0.0,0.0,0.0,0.0,0.0,0.0,0.0,0.0,0.0,0.0,0.0,0.0,0.0,0.0,0.0,0.0,1.0,1.0,External_Hazard,Not_Applicable,-36.0,0,0.0959999999999999,0,0.0959999999999999,0.0,-0.2037999999999999,0.0,-676.5400000000002,0.0999999999999998,-0.2037999999999999,0.084,-0.7100000000000001,0.0709999999999999,0.06057,0.0959999999999999,-41.7,-246.7651299970387,0.423,0.062,0.0,0.0,0.0,0.0,0.0,0.0,0.0,0.0,-0.143618596387326,0.0,0.0,0.0,0.0,0.0,0.0,0.0,0.0,0.0,0.0,0.0,0.0,0.0,0.0,0.0,0.0,0.0,0.0,0.0,0.0,0.0,0.0,0.0,0.0,0.0,0.0,0.0,0.0,0.0,0.0,0.0,0.0,0.0,0.0,0.0,0.0,0.0,0.0,0.0,0.0,0.0,0.0,0.0,0,6,0.0,0.0,0.0,0.0,0.0,0,0.0,0.0,0.0,0.0,0.0,0.0,0.0,0.0,0.0,0.0,0.0,1.0,0.856381403612674,22.008614664,176.71566810000002,3.609313041160794,126.27149262
36_RT,6,Q3,Animal,Sheep,5.0,24.0,0.0,4,4,1,0,16,1,0,12.0,0.0,0,0,5.0,0.4,0.421,0,0,0.2,0.421,0.0,0.0,0.6117,0.7504,0.0,0.0,2208.64,1969.18,1.5,2.1,-0.5606,-0.7504,0.379,0.018,1.6,0.84,0.741,0.095,0.14222,0.06833,0.4,0.0,19.9,81.6,1,4.753,5.0,0,145.43,111.37807700399748,0.0,0.955,0.0,0.0,0.0,0.0,0.0,0.0,0.0,0.0,0.0,0.0,0.639,0.0,0.0,0.0,0.0,0.0,0.068,0.0,0.8722,1.0,External_Hazard,Not_Applicable,-12.0,0,0.0209999999999999,0,0.2209999999999999,0.0,0.1386999999999999,0.0,-239.4599999999998,0.6000000000000001,-0.1897999999999999,-0.361,-0.7600000000000001,-0.646,-0.07389,-0.4,61.7,-34.05192299600253,0.955,0.0,0.0,0.0,0.0,0.0,-0.639,0.0,0.0,-0.068,-0.0595257311171891,1.0,12.0,0.0,5.0,0.2,0.0,0.0,0.0,0.0,0.0,0.3,0.128,0.404,0.0,0.0,0.0,0.0,0.6738,0.0,2290.75,0.8,0.4467,0.123,0.0,0.0,0.0,0.0,0.0,0.337,0.16,0.0,0.0,7.0,1.4,876.32,0.07,0.37008,0.2,66.3,1.0,1.958,7.0,0.0,0,6,0.0,0.0,0.0,0.0,0.0,0,0.0,0.0,0.0,0.0,0.0,0.0,0.1278,0.0,0.0,0.013600000000000001,0.0,0.8586,0.7990742688828109,10.843551660000001,164.68061568,8.30457217757206,146.82599916
37_RT,6,Q1,Sign,LeftBend,7.0,39.0,43.0,5,2,4,0,29,0,1,24.0,0.0,0,0,5.0,0.2,0.0,0,1,0.2,0.0,0.0,0.0,0.866,0.8547,0.0,0.0,2010.43,1971.33,1.5,1.3,0.866,0.8547,0.167,0.018,1.4,1.62,0.335,0.082,0.03228,0.00038,0.0,0.0,8.3,91.8,1,1.853,7.0,0,235.034,108.05720453318942,0.0,0.73,0.0,0.373,0.0,0.0,0.0,0.0,0.0,0.0,0.0,0.0,0.602,0.0,0.0,0.0,0.0,0.0,0.0,0.0,0.8796,1.0,External_Hazard,Not_Applicable,-24.0,0,-0.2,1,-0.2,0.0,-0.0112999999999999,0.0,-39.100000000000136,-0.1999999999999999,-0.0112999999999999,-0.149,0.2200000000000002,-0.253,-0.0319,0.0,83.5,-126.9767954668106,0.73,0.373,0.0,0.0,0.0,0.0,-0.602,0.0,0.0,0.0,-0.4748509444144629,0.0,0.0,0.0,0.0,0.0,0.0,0.0,0.0,0.0,0.0,0.0,0.0,0.0,0.0,0.0,0.0,0.0,0.0,0.0,0.0,0.0,0.0,0.0,0.0,0.0,0.0,0.0,0.0,0.0,0.0,0.0,0.0,0.0,0.0,0.0,0.0,0.0,0.0,0.0,0.0,0.0,0.0,0.0,0,6,0.0,0.0,0.0,0.0,0.0,0,0.0,0.0,0.0,0.0,0.0,0.0,0.1204,0.0,0.0,0.0,0.0,0.8795999999999999,0.404749055585537,17.524605108,149.90168166,8.05696128440367,146.98630746
37_RT,6,Q3,Animal,Sheep,6.0,39.0,43.0,5,2,4,0,29,0,1,0.0,0.0,0,0,5.0,0.4,0.0,0,0,0.2,0.0,0.0,0.0,0.8511,1.0,0.0,0.0,1117.56,2912.9,1.7,1.8,-0.6917,-1.0,0.162,0.004,0.2,1.17,0.286,0.035,0.32232,0.0,0.0,0.0,8.7,100.0,1,2.561,6.0,0,4.298,182.07731354939477,0.0,1.399,0.0,0.0,0.0,0.0,0.0,0.0,0.0,0.0,0.0,0.0,0.0,0.0,0.0,0.0,0.203,0.068,0.0,0.0,1.0,1.0,External_Hazard,Not_Applicable,0.0,0,-0.4,0,-0.2,0.0,0.1489,0.0,1795.34,0.1,-0.3083,-0.158,0.97,-0.251,-0.32232,0.0,91.3,177.77931354939477,1.399,0.0,0.0,0.0,0.0,0.0,0.0,0.0,-0.135,0.0,-0.5322231159703241,1.0,12.0,0.0,5.0,0.2,0.711,0.0,0.0,0.216,0.0,0.62,0.0,0.0,0.0,0.0,0.0,0.0,0.8901,0.0,1668.7,1.1,0.8901,0.082,0.0,0.0,0.0,0.134,0.0,0.807,0.0,0.0,0.0,11.0,2.2,678.68,0.162,0.0467,0.4,43.1,1.0,1.581,7.0,0.0,0,6,0.0,0.0,0.0,0.0,0.0,0,0.0,0.0,0.0,0.0,0.0,0.0,0.0,0.0,0.040600000000000004,0.0,0.0,0.9594,0.4271768840296758,0.32046747600000003,83.32750872,13.576048652869973,217.19164980000002
