Participant_ID,Route_ID,Event,Question_Type,Specific_Target,Confidence,Driving_Years_Num,Video_Game_Years_Num,Age_Num,Driving_Hours_Num,Video_Game_Hours_Num,Experienced_Lag_Bin,Subjective_Mental_Demand_Num,Gender_Female,Gender_Male,Before_Blink_Rate_BPM,During_Blink_Rate_BPM,Before_Disrupted,During_Disrupted,Before_Duration_s,Before_Fine_SRR,During_Fine_SRR,Before_Hazard_Encountered,During_Hazard_Encountered,Before_Major_SRR,During_Major_SRR,Before_Max_Brake,During_Max_Brake,Before_Mean_Abs_Steering,During_Mean_Abs_Steering,Before_Mean_Brake,During_Mean_Brake,Before_Mean_Saccadic_Velocity,During_Mean_Saccadic_Velocity,Before_Mean_Speed_mph,During_Mean_Speed_mph,Before_Mean_Steering,During_Mean_Steering,Before_Mean_Throttle,During_Mean_Throttle,Before_Saccade_Rate_Hz,During_Saccade_Rate_Hz,Before_Speed_Variance,During_Speed_Variance,Before_Steer_Variance,During_Steer_Variance,Before_TRR,During_TRR,Before_Zero_Throttle_Pct,During_Zero_Throttle_Pct,Target_Accuracy,Target_Latency,Target_Confidence,Target_Severe_Overload,Before_Scanpath_Rate_px_s,During_Scanpath_Rate_px_s,Before_Raw_Dwell_Target_Object,During_Raw_Dwell_Target_Object,Before_Raw_Dwell_cone_Distractor,During_Raw_Dwell_cone_Distractor,Before_Raw_Dwell_Animal_Distractor,During_Raw_Dwell_Animal_Distractor,Before_Raw_Dwell_r2_Distractor,During_Raw_Dwell_r2_Distractor,Before_Raw_Dwell_rwheel_Distractor,During_Raw_Dwell_rwheel_Distractor,Before_Raw_Dwell_lwheel_Distractor,During_Raw_Dwell_lwheel_Distractor,Before_Raw_Dwell_name_Distractor,During_Raw_Dwell_name_Distractor,Before_Raw_Dwell_map_Distractor,During_Raw_Dwell_map_Distractor,Before_Raw_Dwell_bumper_Distractor,During_Raw_Dwell_bumper_Distractor,Before_Raw_Dwell_Sign_Distractor,During_Raw_Dwell_Sign_Distractor,Before_Raw_Dwell_speed_Distractor,During_Raw_Dwell_speed_Distractor,Before_Road_Gaze_Pct,During_Road_Gaze_Pct,Target_Category,Name_Recall_Strategy,Delta_Blink_Rate_BPM,Delta_Disrupted,Delta_Fine_SRR,Delta_Hazard_Encountered,Delta_Major_SRR,Delta_Max_Brake,Delta_Mean_Abs_Steering,Delta_Mean_Brake,Delta_Mean_Saccadic_Velocity,Delta_Mean_Speed_mph,Delta_Mean_Steering,Delta_Mean_Throttle,Delta_Saccade_Rate_Hz,Delta_Speed_Variance,Delta_Steer_Variance,Delta_TRR,Delta_Zero_Throttle_Pct,Delta_Scanpath_Rate_px_s,Delta_Raw_Dwell_Target_Object,Delta_Raw_Dwell_cone_Distractor,Delta_Raw_Dwell_Animal_Distractor,Delta_Raw_Dwell_r2_Distractor,Delta_Raw_Dwell_rwheel_Distractor,Delta_Raw_Dwell_lwheel_Distractor,Delta_Raw_Dwell_name_Distractor,Delta_Raw_Dwell_map_Distractor,Delta_Raw_Dwell_bumper_Distractor,Delta_Raw_Dwell_Sign_Distractor,Delta_Raw_Dwell_speed_Distractor,Delta_Road_Gaze_Pct,Prev_Q_After_Blink_Count,Prev_Q_After_Blink_Rate_BPM,Prev_Q_After_Disrupted,Prev_Q_After_Duration_s,Prev_Q_After_Fine_SRR,Prev_Q_After_Fix_Dwell_Animal,Prev_Q_After_Fix_Dwell_Sign,Prev_Q_After_Fix_Dwell_bumper,Prev_Q_After_Fix_Dwell_cone,Prev_Q_After_Fix_Dwell_lwheel,Prev_Q_After_Fix_Dwell_map,Prev_Q_After_Fix_Dwell_name,Prev_Q_After_Fix_Dwell_r2,Prev_Q_After_Fix_Dwell_rwheel,Prev_Q_After_Fix_Dwell_speed,Prev_Q_After_Hazard_Encountered,Prev_Q_After_Major_SRR,Prev_Q_After_Max_Brake,Prev_Q_After_Mean_Abs_Steering,Prev_Q_After_Mean_Brake,Prev_Q_After_Mean_Saccadic_Velocity,Prev_Q_After_Mean_Speed_mph,Prev_Q_After_Mean_Steering,Prev_Q_After_Mean_Throttle,Prev_Q_After_Raw_Dwell_Animal,Prev_Q_After_Raw_Dwell_Sign,Prev_Q_After_Raw_Dwell_bumper,Prev_Q_After_Raw_Dwell_cone,Prev_Q_After_Raw_Dwell_lwheel,Prev_Q_After_Raw_Dwell_map,Prev_Q_After_Raw_Dwell_name,Prev_Q_After_Raw_Dwell_r2,Prev_Q_After_Raw_Dwell_rwheel,Prev_Q_After_Raw_Dwell_speed,Prev_Q_After_Saccade_Count,Prev_Q_After_Saccade_Rate_Hz,Prev_Q_After_Scanpath_Length_px,Prev_Q_After_Speed_Variance,Prev_Q_After_Steer_Variance,Prev_Q_After_TRR,Prev_Q_After_Zero_Throttle_Pct,Prev_Q_Target_Accuracy,Prev_Q_Target_Latency,Prev_Q_Target_Confidence,Prev_Q_Target_Severe_Overload,Target_Post_Q_Collision
01_RT,2,Q1,Name,Name1,7,10.0,7.0,3,4,0,1,50,0,1,12.0,0.0,0,0,5.0,0.2,0.345,0,0,0.2,0.345,0.0,0.0,0.8979,0.9627,0.0,0.0,2103.08,1947.52,2.2,1.9,0.8979,0.9627,0.194,0.346,1.6,1.72,0.929,0.282,0.0237,0.00649,0.4,0.345,38.7,33.2,1,2.9,7,0,100.0,118.76206896551726,0.0,0.0,0.0,0.0,0.0,0.0,0.0,0.0,0.0,0.0,0.0,0.0,0.0,0.0,0.0,0.0,0.0,0.0,0.0,0.0,0.0,0.0,1.0,1.0,Dashboard_Recall,Working_Memory,-12.0,0,0.14499999999999996,0,0.14499999999999996,0.0,0.06479999999999997,0.0,-155.55999999999995,-0.30000000000000027,0.06479999999999997,0.15199999999999997,0.11999999999999988,-0.647,-0.01721,-0.05500000000000005,-5.5,18.76206896551726,0.0,0.0,0.0,0.0,0.0,0.0,0.0,0.0,0.0,0.0,0.0,0.0,NaN,NaN,NaN,NaN,NaN,NaN,NaN,NaN,NaN,NaN,NaN,NaN,NaN,NaN,NaN,NaN,NaN,NaN,NaN,NaN,NaN,NaN,NaN,NaN,NaN,NaN,NaN,NaN,NaN,NaN,NaN,NaN,NaN,NaN,NaN,NaN,NaN,NaN,NaN,NaN,NaN,NaN,NaN,NaN,NaN,0
01_RT,2,Q2,Sign,Blind,7,10.0,7.0,3,4,0,1,50,0,1,0.0,0.0,0,0,5.0,0.4,0.0,0,0,0.2,0.0,0.0,0.0,0.7057,0.4261,0.0,0.0,1999.5,2735.92,3.3,3.4,0.1881,0.4261,0.268,0.135,1.2,0.89,0.687,0.194,0.55002,0.0507,0.4,0.444,36.0,47.0,1,2.25,7,0,93.53999999999999,102.81777777777778,0.228,0.679,0.0,0.0,0.0,0.0,0.0,0.0,0.0,0.0,0.0,0.0,0.0,0.0,0.0,0.0,0.0,0.0,0.0,0.0,0.0,0.0,0.9544,0.6982222222222222,External_Hazard,Not_Applicable,0.0,0,-0.4,0,-0.2,0.0,-0.2796,0.0,736.4200000000001,0.10000000000000009,0.238,-0.133,-0.30999999999999994,-0.49300000000000005,-0.49931999999999993,0.043999999999999984,11.0,9.277777777777786,0.45100000000000007,0.0,0.0,0.0,0.0,0.0,0.0,0.0,0.0,0.0,0.0,-0.25617777777777784,0.0,0.0,0.0,5.0,0.4,0.0,0.0,0.0,0.0,0.0,0.0,0.0,NaN,0.0,0.0,0.0,0.2,0.0,0.671,0.0,2085.55,3.3,0.1627,0.258,0.0,0.378,0.0,0.0,0.0,0.0,0.0,0.0,0.0,0.0,5.0,1.0,425.31,0.685,0.5228,0.4,36.0,1.0,2.9,7.0,0.0,0
01_RT,2,Q3,Animal,Squirrel,1,10.0,7.0,3,4,0,1,50,0,1,0.0,0.0,0,0,5.0,0.0,0.483,0,1,0.0,0.242,0.0,0.0,0.9926,0.8662,0.0,0.0,1741.42,1619.81,2.9,2.1,0.9926,0.8662,0.218,0.135,1.8,0.72,0.588,0.728,0.00026,0.04052,0.4,0.483,31.3,62.1,0,4.14,1,1,99.182,33.94927536231884,0.0,0.0,0.0,0.11,0.0,0.0,0.0,0.0,0.0,0.0,0.0,0.0,0.0,0.0,0.0,0.0,0.0,0.0,0.0,0.2,0.0,0.0,1.0,0.9251207729468599,External_Hazard,Not_Applicable,0.0,0,0.483,1,0.242,0.0,-0.12640000000000007,0.0,-121.61000000000013,-0.7999999999999998,-0.12640000000000007,-0.08299999999999999,-1.08,0.14,0.04026,0.08299999999999996,30.8,-65.23272463768116,0.0,0.11,0.0,0.0,0.0,0.0,0.0,0.0,0.0,0.2,0.0,-0.0748792270531401,0.0,0.0,0.0,5.0,0.0,0.0,0.0,0.0,0.0,0.0,0.0,0.0,NaN,0.0,0.0,0.0,0.0,0.0,1.0,0.0,1798.87,2.7,1.0,0.173,0.0,0.0,0.0,0.0,0.0,0.0,0.0,0.0,0.0,0.0,8.0,1.6,451.95,0.651,0.0,0.4,37.5,1.0,2.25,7.0,0.0,0
02_RT,2,Q1,Name,Name1,1,1.0,10.0,1,5,2,0,42,0,1,0.0,0.0,0,0,5.0,0.0,0.227,0,1,0.0,0.0,0.0,0.0,1.0,0.8882,0.0,0.0,2187.74,2485.98,1.2,1.1,1.0,0.8882,0.069,0.093,3.0,2.5,0.21,0.324,0.0,0.03686,0.4,0.455,56.8,46.7,0,4.4,1,1,304.526,255.66363636363636,0.0,0.0,0.0,0.274,0.0,0.0,0.0,0.0,0.0,0.0,0.0,0.0,0.0,0.0,0.0,0.0,0.583,0.0,0.0,0.0,0.0,0.0,0.8834,0.9377272727272727,Dashboard_Recall,Working_Memory,0.0,0,0.227,1,0.0,0.0,-0.11180000000000001,0.0,298.24000000000024,-0.09999999999999987,-0.11180000000000001,0.023999999999999994,-0.5,0.11400000000000002,0.03686,0.05499999999999999,-10.099999999999994,-48.86236363636365,0.0,0.274,0.0,0.0,0.0,0.0,0.0,0.0,-0.583,0.0,0.0,0.05432727272727278,NaN,NaN,NaN,NaN,NaN,NaN,NaN,NaN,NaN,NaN,NaN,NaN,NaN,NaN,NaN,NaN,NaN,NaN,NaN,NaN,NaN,NaN,NaN,NaN,NaN,NaN,NaN,NaN,NaN,NaN,NaN,NaN,NaN,NaN,NaN,NaN,NaN,NaN,NaN,NaN,NaN,NaN,NaN,NaN,NaN,0
02_RT,2,Q2,Sign,Blind,7,1.0,10.0,1,5,2,0,42,0,1,12.0,0.0,0,0,5.0,0.4,0.0,0,0,0.0,0.0,0.0,0.0,0.0413,0.2369,0.0,0.0,2462.44,3031.37,1.5,1.9,0.0279,0.2369,0.172,0.055,3.4,3.57,0.392,0.068,0.00249,0.00272,0.2,0.0,0.0,55.7,1,1.68,7,0,391.416,520.9285714285714,0.042,0.034,0.0,0.0,0.432,0.0,0.0,0.0,0.0,0.0,0.0,0.0,0.0,0.0,0.0,0.0,0.196,0.239,0.0,0.0,0.0,0.0,0.866,0.8375,External_Hazard,Not_Applicable,-12.0,0,-0.4,0,0.0,0.0,0.1956,0.0,568.9299999999998,0.3999999999999999,0.209,-0.11699999999999999,0.16999999999999993,-0.324,0.00023000000000000017,-0.2,55.7,129.51257142857145,-0.008,0.0,-0.432,0.0,0.0,0.0,0.0,0.0,0.04299999999999998,0.0,0.0,-0.02849999999999997,0.0,0.0,0.0,5.0,0.4,0.0,0.0,0.0,0.0,0.0,0.0,0.0,NaN,0.0,0.0,0.0,0.0,0.0,0.0784,0.0,2689.96,0.7,-0.0784,0.0,0.068,0.0,0.0,0.0,0.0,0.0,0.0,0.0,0.0,0.0,5.0,1.0,556.41,0.164,0.00169,0.0,100.0,0.0,4.4,1.0,1.0,0
02_RT,2,Q3,Animal,Squirrel,5,1.0,10.0,1,5,2,0,42,0,1,0.0,53.38,0,0,5.0,0.2,0.178,0,1,0.0,0.089,0.0,0.0,0.9209,0.9033,0.0,0.0,2809.81,3073.64,1.7,0.4,0.9209,0.886,0.088,0.041,3.6,1.33,0.287,0.207,0.02027,0.08697,0.4,0.178,67.0,57.0,1,11.24,5,1,587.298,108.644128113879,0.0,4.991,0.0,0.0,0.0,0.0,0.0,0.0,0.0,0.133,0.0,0.164,0.0,0.0,0.507,0.0,0.167,0.303,0.0,0.181,0.232,0.37,0.8188000000000001,0.45355871886121,External_Hazard,Not_Applicable,53.38,0,-0.02200000000000002,1,0.089,0.0,-0.01760000000000006,0.0,263.8299999999999,-1.2999999999999998,-0.03490000000000004,-0.04699999999999999,-2.27,-0.07999999999999999,0.06670000000000001,-0.22200000000000003,-10.0,-478.653871886121,4.991,0.0,0.0,0.0,0.133,0.164,0.0,-0.507,0.13599999999999998,0.181,0.13799999999999998,-0.36524128113879006,2.0,24.0,0.0,5.0,0.4,0.0,0.0,0.156,0.0,0.076,0.0,0.0,NaN,0.0,0.0,0.0,0.2,0.0,0.7708,0.0,2850.39,2.3,0.7708,0.273,0.0,0.0,0.209,0.0,0.139,0.0,0.0,0.0,0.0,0.0,9.0,1.8,1199.45,1.267,0.00203,0.4,33.7,1.0,1.68,7.0,0.0,0
03_RT,2,Q1,Name,Name1,7,6.0,1.0,1,2,0,0,68,1,0,48.0,41.77,0,0,5.0,0.2,0.0,0,1,0.2,0.0,0.0,0.0,0.7569,1.0,0.0,0.0,3112.43,2912.23,1.9,1.5,0.7569,1.0,0.124,0.136,2.0,2.44,0.06,0.045,0.02086,0.0,0.0,0.0,0.0,0.0,1,2.873,7,0,287.298,410.3898364079359,0.0,0.257,0.0,0.0,0.0,0.0,0.0,0.0,0.0,0.0,0.0,0.0,0.0,0.0,0.0,0.105,0.364,0.036,0.0,0.0,0.0,0.0,0.9272,0.8614688478941872,Dashboard_Recall,Visual_Search,-6.229999999999997,0,-0.2,1,-0.2,0.0,0.24309999999999998,0.0,-200.19999999999982,-0.3999999999999999,0.24309999999999998,0.01200000000000001,0.43999999999999995,-0.015,-0.02086,0.0,0.0,123.09183640793589,0.257,0.0,0.0,0.0,0.0,0.0,0.0,0.105,-0.328,0.0,0.0,-0.06573115210581282,NaN,NaN,NaN,NaN,NaN,NaN,NaN,NaN,NaN,NaN,NaN,NaN,NaN,NaN,NaN,NaN,NaN,NaN,NaN,NaN,NaN,NaN,NaN,NaN,NaN,NaN,NaN,NaN,NaN,NaN,NaN,NaN,NaN,NaN,NaN,NaN,NaN,NaN,NaN,NaN,NaN,NaN,NaN,NaN,NaN,0
03_RT,2,Q2,Sign,Blind,6,6.0,1.0,1,2,0,0,68,1,0,48.0,71.54,0,0,5.0,0.2,0.0,0,0,0.0,0.0,0.0,0.0,0.0762,0.7963,0.0,0.0,3048.12,3426.02,1.9,1.6,0.0631,0.7963,0.123,0.1,3.4,2.38,0.014,0.085,0.00821,0.03405,0.0,0.0,0.0,0.0,1,2.516,6,0,513.554,395.44117647058823,0.0,0.039,0.0,0.0,0.17,0.0,0.0,0.0,0.035,0.0,0.0,0.0,0.0,0.0,0.369,0.0,0.0,0.0,0.0,0.0,0.0,0.0,0.8852,0.9844992050874404,External_Hazard,Not_Applicable,23.540000000000006,0,-0.2,0,0.0,0.0,0.7201,0.0,377.9000000000001,-0.2999999999999998,0.7332,-0.022999999999999993,-1.02,0.07100000000000001,0.025839999999999995,0.0,0.0,-118.11282352941174,0.039,0.0,-0.17,0.0,-0.035,0.0,0.0,-0.369,0.0,0.0,0.0,0.09929920508744039,2.0,24.0,0.0,5.0,0.2,0.0,0.0,0.0,0.0,0.0,0.0,0.0,NaN,0.0,0.0,0.0,0.2,0.0,0.3319,0.0,2233.27,1.8,0.3319,0.118,0.0,0.0,0.002,0.0,0.0,0.0,0.0,0.0,0.032,0.0,13.0,2.6,1080.34,0.001,0.10345,0.0,0.0,1.0,2.873,7.0,0.0,0
03_RT,2,Q3,Animal,Squirrel,5,6.0,1.0,1,2,0,0,68,1,0,36.0,27.71,0,0,5.0,0.6,0.231,0,0,0.0,0.0,0.0,0.0,0.6224,0.9968,0.0,0.0,2970.8,3562.67,1.0,1.0,0.6224,0.9968,0.082,0.078,1.0,1.62,0.12,0.111,0.00248,6e-05,0.4,0.462,30.0,32.8,1,4.331,5,1,103.88399999999999,269.22881551604706,3.066,2.208,0.0,0.743,0.0,0.0,0.0,0.0,0.0,0.03,0.0,0.0,0.0,0.0,0.0,0.0,0.0,0.381,0.0,0.0,0.0,0.0,0.38680000000000003,0.22373585776956828,External_Hazard,Not_Applicable,-8.29,0,-0.369,0,0.0,0.0,0.37440000000000007,0.0,591.8699999999999,0.0,0.37440000000000007,-0.0040000000000000036,0.6200000000000001,-0.008999999999999994,-0.00242,0.062,2.799999999999997,165.34481551604708,-0.8579999999999997,0.743,0.0,0.0,0.03,0.0,0.0,0.0,0.381,0.0,0.0,-0.16306414223043175,3.0,36.0,0.0,5.0,0.4,0.0,0.0,0.0,0.0,0.0,0.705,0.0,NaN,0.0,0.0,0.0,0.2,0.0,0.8266,0.0,3049.17,1.8,0.8266,0.132,0.0,0.0,0.0,0.0,0.0,0.713,0.0,0.0,0.03,0.0,12.0,2.4,1877.28,0.066,0.00298,0.0,0.0,1.0,2.516,6.0,0.0,1
04_RT,2,Q1,Name,Name1,6,5.0,10.0,1,4,0,0,77,1,0,0.0,0.0,0,0,5.0,0.2,0.575,0,0,0.2,0.0,0.0,0.0,0.8867,0.9609,0.0,0.0,2735.52,4300.72,1.7,1.3,0.8867,0.9609,0.099,0.172,2.2,2.87,0.423,0.181,0.01685,9e-05,0.2,0.0,35.2,0.0,1,1.74,6,0,315.786,1200.66091954023,0.0,0.304,0.0,0.0,0.0,0.0,0.0,0.0,0.0,0.0,0.0,0.0,0.0,0.0,0.433,0.327,0.0,0.0,0.0,0.0,0.0,0.0,0.9134,0.6373563218390804,Dashboard_Recall,Visual_Search,0.0,0,0.37499999999999994,0,-0.2,0.0,0.07419999999999993,0.0,1565.2000000000003,-0.3999999999999999,0.07419999999999993,0.07299999999999998,0.6699999999999999,-0.242,-0.01676,-0.2,-35.2,884.8749195402299,0.304,0.0,0.0,0.0,0.0,0.0,0.0,-0.10599999999999998,0.0,0.0,0.0,-0.27604367816091957,NaN,NaN,NaN,NaN,NaN,NaN,NaN,NaN,NaN,NaN,NaN,NaN,NaN,NaN,NaN,NaN,NaN,NaN,NaN,NaN,NaN,NaN,NaN,NaN,NaN,NaN,NaN,NaN,NaN,NaN,NaN,NaN,NaN,NaN,NaN,NaN,NaN,NaN,NaN,NaN,NaN,NaN,NaN,NaN,NaN,0
04_RT,2,Q2,Sign,Blind,6,5.0,10.0,1,4,0,0,77,1,0,0.0,0.0,0,0,5.0,0.4,0.0,0,0,0.4,0.0,0.0,0.0,0.1309,0.0653,0.0,0.0,4068.99,2064.31,2.4,2.6,0.0615,0.0653,0.145,0.049,2.0,3.33,0.114,0.154,0.04057,0.0005,0.0,0.0,0.0,66.2,1,1.2,6,0,478.16,418.78333333333336,0.902,0.257,0.294,0.0,0.234,0.0,0.0,0.0,0.0,0.0,0.0,0.0,0.0,0.172,0.069,0.261,0.0,0.0,0.0,0.0,0.0,0.0,0.7001999999999999,0.42500000000000004,External_Hazard,Not_Applicable,0.0,0,-0.4,0,-0.4,0.0,-0.06559999999999999,0.0,-2004.6799999999998,0.20000000000000018,0.003799999999999998,-0.09599999999999999,1.33,0.039999999999999994,-0.04007,0.0,66.2,-59.376666666666665,-0.645,-0.294,-0.234,0.0,0.0,0.0,0.172,0.192,0.0,0.0,0.0,-0.2751999999999999,0.0,0.0,0.0,5.0,0.2,0.0,0.0,0.0,0.0,0.0,0.34,0.196,NaN,0.0,0.0,0.0,0.0,0.0,0.8178,0.0,3401.43,2.3,0.8178,0.142,0.0,0.0,0.0,0.0,0.0,0.478,0.24,0.0,0.0,0.0,13.0,2.6,3239.96,0.043,0.0187,0.0,0.0,1.0,1.74,6.0,0.0,0
04_RT,2,Q3,Animal,Squirrel,7,5.0,10.0,1,4,0,0,77,1,0,0.0,0.0,0,0,5.0,0.4,0.0,0,0,0.2,0.0,0.0,0.0,0.653,0.166,0.0,0.0,2876.67,0.0,1.3,1.5,0.6329,0.166,0.092,0.1,1.8,0.0,0.258,0.013,0.19856,0.00067,0.2,0.0,36.6,28.8,1,1.163,7,0,330.748,0.0,1.558,0.47,0.134,0.0,0.0,0.0,0.0,0.0,0.0,0.0,0.0,0.0,0.0,0.0,0.39,0.0,0.0,0.0,0.061,0.0,0.0,0.0,0.5713999999999999,0.5958727429062769,External_Hazard,Not_Applicable,0.0,0,-0.4,0,-0.2,0.0,-0.487,0.0,-2876.67,0.19999999999999996,-0.4669,0.008000000000000007,-1.8,-0.245,-0.19788999999999998,-0.2,-7.800000000000001,-330.748,-1.088,-0.134,0.0,0.0,0.0,0.0,0.0,-0.39,0.0,-0.061,0.0,0.02447274290627699,0.0,0.0,0.0,5.0,0.2,0.0,0.0,0.0,0.0,0.0,0.0,0.0,NaN,0.0,0.0,0.0,0.2,0.0,0.8065,0.0,3009.54,1.3,0.8065,0.097,0.0,0.13,0.0,0.0,0.0,0.0,0.004,0.0,0.0,0.0,10.0,2.0,2388.17,0.19,0.06223,0.4,36.0,1.0,1.2,6.0,0.0,0
05_RT,2,Q1,Name,Name1,7,11.0,5.0,2,4,1,0,15,0,1,0.0,0.0,0,0,5.0,0.2,0.0,0,0,0.2,0.0,0.0,0.0,0.8301,1.0,0.0,0.0,2447.84,3833.69,2.2,2.1,0.8301,1.0,0.134,0.131,2.0,0.74,0.005,0.002,0.02827,0.0,0.0,0.0,0.0,0.0,1,1.353,7,0,214.118,163.75461936437546,0.0,0.0,0.0,0.0,0.0,0.0,0.0,0.0,0.0,0.0,0.033,0.0,0.0,0.0,0.0,0.0,0.296,0.401,0.0,0.0,0.073,0.0,0.9196,0.7036215816703622,Dashboard_Recall,Working_Memory,0.0,0,-0.2,0,-0.2,0.0,0.16990000000000005,0.0,1385.85,-0.10000000000000009,0.16990000000000005,-0.0030000000000000027,-1.26,-0.003,-0.02827,0.0,0.0,-50.36338063562454,0.0,0.0,0.0,0.0,0.0,-0.033,0.0,0.0,0.10500000000000004,0.0,-0.073,-0.21597841832963782,NaN,NaN,NaN,NaN,NaN,NaN,NaN,NaN,NaN,NaN,NaN,NaN,NaN,NaN,NaN,NaN,NaN,NaN,NaN,NaN,NaN,NaN,NaN,NaN,NaN,NaN,NaN,NaN,NaN,NaN,NaN,NaN,NaN,NaN,NaN,NaN,NaN,NaN,NaN,NaN,NaN,NaN,NaN,NaN,NaN,0
05_RT,2,Q2,Sign,Blind,7,11.0,5.0,2,4,1,0,15,0,1,0.0,0.0,0,0,5.0,0.6,0.0,0,0,0.0,0.0,0.0,0.0,0.024,0.2326,0.0,0.0,2485.73,2707.57,2.5,2.6,-0.0135,0.2326,0.141,0.153,1.2,2.26,0.009,0.002,0.00092,0.00305,0.0,0.0,0.0,0.0,1,1.33,7,0,149.348,435.0375939849624,0.0,0.309,0.0,0.0,0.161,0.0,0.0,0.0,0.0,0.0,0.0,0.0,0.0,0.0,0.0,0.0,0.34,0.066,0.0,0.0,0.033,0.39,0.8932,0.424812030075188,External_Hazard,Not_Applicable,0.0,0,-0.6,0,0.0,0.0,0.2086,0.0,221.84000000000015,0.10000000000000009,0.2461,0.01200000000000001,1.0599999999999998,-0.006999999999999999,0.00213,0.0,0.0,285.6895939849624,0.309,0.0,-0.161,0.0,0.0,0.0,0.0,0.0,-0.274,0.0,0.357,-0.468387969924812,0.0,0.0,0.0,5.0,0.2,0.0,0.136,0.368,0.0,0.0,0.1,0.0,NaN,0.0,0.0,0.0,0.0,0.0,0.894,0.0,2404.79,2.1,0.894,0.139,0.0,0.0,0.4,0.0,0.0,0.0,0.0,0.0,0.0,0.033,9.0,1.8,1767.23,0.011,0.03973,0.0,0.0,1.0,1.353,7.0,0.0,0
05_RT,2,Q3,Animal,Squirrel,7,11.0,5.0,2,4,1,0,15,0,1,0.0,0.0,0,0,5.0,0.2,0.0,0,0,0.0,0.0,0.0,0.0,0.8061,0.5286,0.0,0.0,1956.31,0.0,2.1,2.2,0.8061,0.5286,0.133,0.136,1.2,0.0,0.008,0.001,0.08675,0.00118,0.0,0.0,0.0,0.0,1,0.746,7,0,104.19800000000001,0.0,0.161,0.505,0.0,0.0,0.0,0.0,0.0,0.0,0.0,0.0,0.0,0.0,0.0,0.0,0.0,0.0,0.0,0.0,1.646,0.0,0.0,0.0,0.6386000000000001,0.3230563002680965,External_Hazard,Not_Applicable,0.0,0,-0.2,0,0.0,0.0,-0.2775000000000001,0.0,-1956.31,0.10000000000000009,-0.2775000000000001,0.0030000000000000027,-1.2,-0.007,-0.08557,0.0,0.0,-104.19800000000001,0.344,0.0,0.0,0.0,0.0,0.0,0.0,0.0,0.0,-1.646,0.0,-0.31554369973190355,0.0,0.0,0.0,5.0,0.2,0.0,0.0,0.284,0.0,0.0,0.0,0.0,NaN,0.0,0.704,0.0,0.2,0.0,0.764,0.0,2231.68,2.3,0.764,0.14,0.0,0.0,0.41,0.0,0.032,0.0,0.0,0.0,0.0,0.826,10.0,2.0,1249.36,0.022,0.10142,0.0,0.0,1.0,1.33,7.0,0.0,0
06_RT,2,Q1,Name,Name1,1,42.0,0.0,5,3,0,0,100,0,1,0.0,0.0,0,0,5.0,0.0,0.0,0,0,0.0,0.0,0.0,0.0,0.904,0.4839,0.0,0.0,2629.64,2906.49,0.5,1.5,0.904,0.4836,0.098,0.037,2.2,2.29,0.244,0.177,0.03193,0.09243,0.2,0.459,38.7,74.5,0,2.18,1,1,372.13,388.894495412844,0.0,0.082,0.0,0.0,0.0,0.0,0.0,0.0,0.0,0.0,0.0,0.0,0.0,0.0,1.839,0.0,0.0,0.0,0.0,0.0,0.0,0.0,0.6322,0.9623853211009175,Dashboard_Recall,Visual_Search,0.0,0,0.0,0,0.0,0.0,-0.42010000000000003,0.0,276.8499999999999,1.0,-0.42040000000000005,-0.061000000000000006,0.08999999999999986,-0.067,0.0605,0.259,35.8,16.764495412843985,0.082,0.0,0.0,0.0,0.0,0.0,0.0,-1.839,0.0,0.0,0.0,0.3301853211009175,NaN,NaN,NaN,NaN,NaN,NaN,NaN,NaN,NaN,NaN,NaN,NaN,NaN,NaN,NaN,NaN,NaN,NaN,NaN,NaN,NaN,NaN,NaN,NaN,NaN,NaN,NaN,NaN,NaN,NaN,NaN,NaN,NaN,NaN,NaN,NaN,NaN,NaN,NaN,NaN,NaN,NaN,NaN,NaN,NaN,0
06_RT,2,Q2,Sign,Blind,7,42.0,0.0,5,3,0,0,100,0,1,0.0,0.0,0,0,5.0,0.4,0.0,0,0,0.0,0.0,0.0,0.0,0.0281,0.5345,0.0,0.0,2633.2,1075.37,2.0,2.3,-0.0053,0.5345,0.126,0.143,2.0,0.67,0.015,0.002,0.00101,0.00839,0.0,0.0,0.0,0.0,1,1.487,7,0,241.23000000000002,17.094821788836583,0.032,0.757,0.0,0.0,0.524,0.0,0.0,0.0,0.0,0.0,0.0,0.0,0.0,0.0,0.0,0.0,0.0,0.0,0.0,0.0,0.0,0.0,0.8888,0.49092131809011436,External_Hazard,Not_Applicable,0.0,0,-0.4,0,0.0,0.0,0.5064,0.0,-1557.83,0.2999999999999998,0.5398,0.016999999999999987,-1.33,-0.013,0.007379999999999999,0.0,0.0,-224.13517821116343,0.725,0.0,-0.524,0.0,0.0,0.0,0.0,0.0,0.0,0.0,0.0,-0.3978786819098857,0.0,0.0,0.0,5.0,0.2,0.0,0.0,0.0,0.0,0.0,0.0,0.43,NaN,0.0,0.0,0.0,0.0,0.0,0.9935,0.0,2159.91,0.7,0.9935,0.11,0.0,0.0,0.0,0.0,0.0,0.0,0.477,0.0,0.0,0.0,7.0,1.4,762.45,0.231,0.00031,0.2,23.5,0.0,2.18,1.0,1.0,0
06_RT,2,Q3,Animal,Squirrel,7,42.0,0.0,5,3,0,0,100,0,1,0.0,0.0,0,0,5.0,0.4,0.0,0,0,0.4,0.0,0.0,0.0,0.488,0.5601,0.0,0.0,2038.0,1468.72,0.5,0.8,0.4878,0.5601,0.06,0.055,1.0,0.85,0.093,0.028,0.07981,0.0148,0.2,0.0,46.7,34.0,0,1.178,7,1,119.444,42.92020373514432,0.163,0.776,0.0,0.0,0.0,0.0,0.0,0.0,0.0,0.0,0.0,0.0,0.0,0.0,0.0,0.0,0.0,0.0,0.353,0.0,0.0,0.0,0.8968,0.3412563667232597,External_Hazard,Not_Applicable,0.0,0,-0.4,0,-0.4,0.0,0.07210000000000005,0.0,-569.28,0.30000000000000004,0.07230000000000003,-0.0049999999999999975,-0.15000000000000002,-0.065,-0.06501000000000001,-0.2,-12.700000000000003,-76.52379626485569,0.613,0.0,0.0,0.0,0.0,0.0,0.0,0.0,0.0,-0.353,0.0,-0.5555436332767403,0.0,0.0,0.0,5.0,0.2,0.0,0.039,0.0,0.0,0.0,0.0,0.0,NaN,0.0,0.0,0.0,0.2,0.0,0.9316,0.0,1867.91,1.9,0.9316,0.12,0.0,0.0,0.0,0.0,0.0,0.0,0.0,0.0,0.0,0.0,6.0,1.2,420.24,0.035,0.01157,0.0,0.0,1.0,1.487,7.0,0.0,0
07_RT,2,Q1,Name,Name1,7,21.0,36.0,3,1,2,0,74,1,0,0.0,0.0,0,0,5.0,0.0,0.0,0,0,0.0,0.0,0.0,0.0,0.9902,0.5862,0.0,0.0,2119.6,1899.03,1.9,1.8,0.9902,0.5862,0.139,0.001,1.8,1.64,0.325,0.108,0.00046,0.00561,0.6,0.0,11.4,100.0,1,1.22,7,0,139.816,133.64754098360658,0.0,0.0,0.0,0.0,0.0,0.0,0.0,0.0,0.0,0.0,0.0,0.038,0.0,0.0,0.0,0.0,0.0,0.0,0.0,0.0,0.0,0.0,1.0,0.9688524590163934,Dashboard_Recall,Working_Memory,0.0,0,0.0,0,0.0,0.0,-0.4039999999999999,0.0,-220.56999999999994,-0.09999999999999987,-0.4039999999999999,-0.138,-0.16000000000000014,-0.21700000000000003,0.00515,-0.6,88.6,-6.168459016393427,0.0,0.0,0.0,0.0,0.0,0.038,0.0,0.0,0.0,0.0,0.0,-0.031147540983606614,NaN,NaN,NaN,NaN,NaN,NaN,NaN,NaN,NaN,NaN,NaN,NaN,NaN,NaN,NaN,NaN,NaN,NaN,NaN,NaN,NaN,NaN,NaN,NaN,NaN,NaN,NaN,NaN,NaN,NaN,NaN,NaN,NaN,NaN,NaN,NaN,NaN,NaN,NaN,NaN,NaN,NaN,NaN,NaN,NaN,0
07_RT,2,Q2,Sign,Blind,2,21.0,36.0,3,1,2,0,74,1,0,0.0,0.0,0,0,5.0,0.6,0.301,0,0,0.2,0.301,0.0,0.0,0.1069,0.7773,0.0,0.0,2989.9,1636.62,2.7,1.5,0.0943,0.7773,0.133,0.028,1.0,0.9,0.308,0.65,0.00946,0.08479,0.4,0.301,14.5,78.4,1,3.321,2,0,105.708,45.57362240289069,0.206,0.291,0.0,0.0,0.19,1.265,0.0,0.0,0.0,0.0,0.0,0.0,0.0,0.0,0.0,0.0,0.0,0.0,0.0,0.0,0.0,0.0,0.9208000000000001,0.531466425775369,External_Hazard,Not_Applicable,0.0,0,-0.299,0,0.10099999999999998,0.0,0.6704,0.0,-1353.2800000000002,-1.2000000000000002,0.683,-0.10500000000000001,-0.09999999999999998,0.342,0.07533000000000001,-0.09900000000000003,63.900000000000006,-60.13437759710931,0.08499999999999999,0.0,1.075,0.0,0.0,0.0,0.0,0.0,0.0,0.0,0.0,-0.3893335742246311,0.0,0.0,0.0,5.0,0.2,0.0,0.0,0.0,0.0,0.0,0.0,0.0,NaN,0.0,0.0,0.0,0.2,0.0,0.8348,0.0,2777.27,2.0,0.8348,0.161,0.0,0.0,0.0,0.0,0.155,0.0,0.0,0.0,0.0,0.0,13.0,2.6,1745.8,0.408,0.04444,0.6,24.8,1.0,1.22,7.0,0.0,0
07_RT,2,Q3,Animal,Squirrel,7,21.0,36.0,3,1,2,0,74,1,0,0.0,0.0,0,0,5.0,0.4,0.0,0,0,0.2,0.0,0.0,0.0,0.8644,0.5975,0.0,0.0,2532.11,1241.69,2.7,2.8,0.8644,0.5975,0.421,0.017,2.2,0.51,0.719,0.532,0.0295,0.10893,0.6,0.0,29.5,87.4,1,1.96,7,0,273.048,14.045918367346939,0.134,1.156,0.0,0.0,0.0,0.0,0.0,0.0,0.0,0.0,0.0,0.0,0.0,0.0,0.0,0.0,0.0,0.0,0.0,0.0,0.0,0.0,0.9732,0.4102040816326531,External_Hazard,Not_Applicable,0.0,0,-0.4,0,-0.2,0.0,-0.2668999999999999,0.0,-1290.42,0.09999999999999964,-0.2668999999999999,-0.40399999999999997,-1.6900000000000002,-0.18699999999999994,0.07943,-0.6,57.900000000000006,-259.0020816326531,1.0219999999999998,0.0,0.0,0.0,0.0,0.0,0.0,0.0,0.0,0.0,0.0,-0.5629959183673469,0.0,0.0,0.0,5.0,0.0,0.0,0.0,0.0,0.0,0.0,0.0,0.0,NaN,0.0,0.0,0.0,0.0,0.0,0.9887,0.0,3119.27,1.7,0.9887,0.71,0.0,0.0,0.105,0.0,0.184,0.0,0.0,0.0,0.0,0.0,13.0,2.6,1995.2,1.694,0.0006,0.4,7.5,1.0,3.321,2.0,0.0,1
08_RT,2,Q1,Name,Name1,7,13.0,21.0,2,1,1,0,57,0,1,0.0,0.0,0,0,5.0,0.2,0.381,0,0,0.2,0.381,0.0,0.0,0.9091,0.9225,0.0,0.0,3365.52,3677.66,2.2,2.3,0.9091,0.9225,0.237,0.113,2.4,1.91,0.302,0.381,0.0111,0.01203,0.4,0.381,15.7,68.8,1,2.624,7,0,629.86,503.0602134146341,0.0,0.336,0.0,0.0,0.0,0.0,0.0,0.0,0.0,0.0,0.073,0.0,0.0,0.0,0.437,0.125,0.032,0.0,0.0,0.0,0.527,0.0,0.7862,0.8243140243902439,Dashboard_Recall,Visual_Search,0.0,0,0.181,0,0.181,0.0,0.013399999999999967,0.0,312.1399999999999,0.09999999999999964,0.013399999999999967,-0.12399999999999999,-0.49,0.07900000000000001,0.0009300000000000003,-0.019000000000000017,53.099999999999994,-126.7997865853659,0.336,0.0,0.0,0.0,0.0,-0.073,0.0,-0.312,-0.032,0.0,-0.527,0.03811402439024392,NaN,NaN,NaN,NaN,NaN,NaN,NaN,NaN,NaN,NaN,NaN,NaN,NaN,NaN,NaN,NaN,NaN,NaN,NaN,NaN,NaN,NaN,NaN,NaN,NaN,NaN,NaN,NaN,NaN,NaN,NaN,NaN,NaN,NaN,NaN,NaN,NaN,NaN,NaN,NaN,NaN,NaN,NaN,NaN,NaN,0
08_RT,2,Q2,Sign,Blind,7,13.0,21.0,2,1,1,0,57,0,1,0.0,0.0,0,0,5.0,0.2,0.0,0,0,0.2,0.0,0.0,0.0,0.2171,0.2744,0.0,0.0,3103.8,1184.17,2.8,2.5,-0.0117,0.2744,0.181,0.037,1.0,0.41,0.159,0.428,0.08899,0.02453,0.4,0.406,29.8,79.9,1,2.461,7,0,209.606,11.645672490857375,0.147,1.058,0.0,0.0,0.635,1.329,0.0,0.0,0.0,0.0,0.0,0.0,0.0,0.0,0.534,0.0,0.0,0.0,0.0,0.0,0.0,0.0,0.7368,0.030069077610727284,External_Hazard,Not_Applicable,0.0,0,-0.2,0,-0.2,0.0,0.05729999999999999,0.0,-1919.63,-0.2999999999999998,0.28609999999999997,-0.144,-0.5900000000000001,0.269,-0.06446,0.006000000000000005,50.10000000000001,-197.96032750914262,0.911,0.0,0.694,0.0,0.0,0.0,0.0,-0.534,0.0,0.0,0.0,-0.7067309223892727,0.0,0.0,0.0,5.0,0.2,0.0,0.0,0.0,0.0,0.0,0.52,0.0,NaN,0.0,0.0,0.0,0.0,0.0,0.8107,0.0,2937.49,2.0,0.8107,0.248,0.0,0.0,0.0,0.0,0.0,0.534,0.0,0.0,0.0,0.0,6.0,1.2,1106.98,1.045,0.11137,0.4,33.7,1.0,2.624,7.0,0.0,0
08_RT,2,Q3,Animal,Squirrel,7,13.0,21.0,2,1,1,0,57,0,1,0.0,0.0,0,0,5.0,0.4,0.558,0,0,0.4,0.0,0.0,0.0,0.7701,0.2839,0.0,0.0,1833.3,0.0,2.8,1.8,0.7701,0.2839,0.164,0.016,1.0,0.0,0.241,0.117,0.06444,0.00041,0.6,0.0,34.8,81.5,1,1.791,7,0,60.436,0.0,0.0,0.923,0.0,0.0,0.0,0.0,0.0,0.0,0.0,0.0,0.0,0.0,0.0,0.0,0.0,0.0,0.0,0.0,0.0,0.0,0.0,0.0,1.0,0.48464544946957,External_Hazard,Not_Applicable,0.0,0,0.15800000000000003,0,-0.4,0.0,-0.4862,0.0,-1833.3,-0.9999999999999998,-0.4862,-0.14800000000000002,-1.0,-0.12399999999999999,-0.06403,-0.6,46.7,-60.436,0.923,0.0,0.0,0.0,0.0,0.0,0.0,0.0,0.0,0.0,0.0,-0.51535455053043,0.0,0.0,0.0,5.0,0.2,0.0,0.754,0.0,0.0,1.708,0.336,0.0,NaN,0.0,0.0,0.0,0.0,0.0,0.996,0.0,2822.43,1.2,0.996,0.098,0.0,0.298,0.0,0.0,1.024,0.143,0.0,0.0,0.0,0.0,8.0,1.6,1743.5,0.417,0.00019,0.4,57.6,1.0,2.461,7.0,0.0,1
09_RT,2,Q1,Name,Name1,7,22.0,30.0,3,3,2,0,26,0,1,0.0,0.0,0,0,5.0,0.2,0.0,0,0,0.2,0.0,0.0,0.0,0.681,0.7388,0.0,0.0,2984.99,3199.76,1.7,1.7,0.681,0.7388,0.113,0.101,2.6,3.78,0.009,0.004,0.01606,0.00048,0.0,0.0,0.0,0.0,1,1.058,7,0,486.10600000000005,639.7542533081286,0.292,0.026,0.0,0.0,0.0,0.0,0.0,0.0,0.0,0.0,0.099,0.042,0.0,0.0,0.331,0.0,0.198,0.0,0.0,0.0,0.588,0.176,0.6984,0.7693761814744802,Dashboard_Recall,Visual_Search,0.0,0,-0.2,0,-0.2,0.0,0.05779999999999996,0.0,214.77000000000044,0.0,0.05779999999999996,-0.011999999999999997,1.1799999999999997,-0.004999999999999999,-0.015580000000000002,0.0,0.0,153.64825330812852,-0.26599999999999996,0.0,0.0,0.0,0.0,-0.057,0.0,-0.331,-0.198,0.0,-0.412,0.07097618147448015,NaN,NaN,NaN,NaN,NaN,NaN,NaN,NaN,NaN,NaN,NaN,NaN,NaN,NaN,NaN,NaN,NaN,NaN,NaN,NaN,NaN,NaN,NaN,NaN,NaN,NaN,NaN,NaN,NaN,NaN,NaN,NaN,NaN,NaN,NaN,NaN,NaN,NaN,NaN,NaN,NaN,NaN,NaN,NaN,NaN,0
09_RT,2,Q2,Sign,Blind,7,22.0,30.0,3,3,2,0,26,0,1,0.0,0.0,0,0,5.0,0.0,0.0,0,0,0.0,0.0,0.0,0.0,0.1236,0.4789,0.0,0.0,2497.01,1261.81,2.0,1.5,0.0494,0.4789,0.116,0.095,1.2,1.15,0.014,0.007,0.01983,0.00028,0.0,0.0,0.0,0.0,1,0.868,7,0,125.12,41.15207373271889,1.218,0.505,0.0,0.0,0.291,0.0,0.0,0.0,0.035,0.0,0.041,0.0,0.0,0.0,0.0,0.0,0.0,0.0,0.0,0.0,0.0,0.0,0.683,0.4182027649769585,External_Hazard,Not_Applicable,0.0,0,0.0,0,0.0,0.0,0.3553,0.0,-1235.2000000000003,-0.5,0.4295,-0.021000000000000005,-0.050000000000000044,-0.007,-0.01955,0.0,0.0,-83.96792626728111,-0.713,0.0,-0.291,0.0,-0.035,-0.041,0.0,0.0,0.0,0.0,0.0,-0.26479723502304153,0.0,0.0,0.0,5.0,0.2,0.0,0.0,0.152,0.0,0.0,0.0,0.271,NaN,0.0,0.0,0.0,0.0,0.0,0.9812,0.0,3296.77,1.7,0.9812,0.114,0.0,0.0,0.231,0.0,0.203,0.0,0.304,0.0,0.031,0.0,12.0,2.4,1920.46,0.026,0.00144,0.0,1.8,1.0,1.058,7.0,0.0,0
09_RT,2,Q3,Animal,Squirrel,5,22.0,30.0,3,3,2,0,26,0,1,0.0,0.0,0,0,5.0,0.2,0.0,0,0,0.2,0.0,0.0,0.0,0.7018,1.0,0.0,0.0,2800.9,2076.43,1.5,0.7,0.7018,1.0,0.097,0.082,1.6,2.07,0.084,0.006,0.04096,0.0,0.0,0.0,24.2,1.7,1,0.967,5,1,138.106,189.95863495346433,0.847,0.435,0.0,0.0,0.0,0.0,0.0,0.0,0.038,0.0,0.032,0.0,0.0,0.0,0.0,0.0,0.069,0.0,0.067,0.0,0.073,0.0,0.7748,0.5501551189245089,External_Hazard,Not_Applicable,0.0,0,-0.2,0,-0.2,0.0,0.2982,0.0,-724.4700000000003,-0.8,0.2982,-0.015,0.46999999999999975,-0.078,-0.04096,0.0,-22.5,51.85263495346433,-0.412,0.0,0.0,0.0,-0.038,-0.032,0.0,0.0,-0.069,-0.067,-0.073,-0.2246448810754912,0.0,0.0,0.0,5.0,0.4,0.0,0.211,0.528,0.0,0.0,0.0,0.0,NaN,0.0,0.0,0.0,0.4,0.0,0.7797,0.0,2707.53,1.7,0.7797,0.127,0.0,0.0,0.584,0.0,0.099,0.0,0.0,0.0,0.0,0.0,11.0,2.2,1488.35,0.048,0.01451,0.0,0.0,1.0,0.868,7.0,0.0,0
10_RT,2,Q1,Name,Name1,6,10.0,0.0,4,4,0,0,96,1,0,0.0,0.0,0,0,5.0,0.2,0.0,0,0,0.2,0.0,0.0,0.0,0.9628,1.0,0.0,0.0,2151.76,1707.83,1.1,2.3,0.9628,1.0,0.115,0.13,2.2,1.91,0.417,0.001,0.00505,0.0,0.2,0.0,26.6,0.0,1,1.57,6,0,233.394,205.91082802547768,0.0,0.32,0.0,0.0,0.0,0.0,0.0,0.0,0.0,0.0,0.0,0.0,0.0,0.0,0.0,0.204,0.44,0.138,0.0,0.0,0.201,0.0,0.8718,0.578343949044586,Dashboard_Recall,Visual_Search,0.0,0,-0.2,0,-0.2,0.0,0.03720000000000001,0.0,-443.9300000000003,1.1999999999999997,0.03720000000000001,0.015,-0.29000000000000026,-0.416,-0.00505,-0.2,-26.6,-27.48317197452232,0.32,0.0,0.0,0.0,0.0,0.0,0.0,0.204,-0.302,0.0,-0.201,-0.29345605095541405,NaN,NaN,NaN,NaN,NaN,NaN,NaN,NaN,NaN,NaN,NaN,NaN,NaN,NaN,NaN,NaN,NaN,NaN,NaN,NaN,NaN,NaN,NaN,NaN,NaN,NaN,NaN,NaN,NaN,NaN,NaN,NaN,NaN,NaN,NaN,NaN,NaN,NaN,NaN,NaN,NaN,NaN,NaN,NaN,NaN,0
10_RT,2,Q2,Sign,Blind,6,10.0,0.0,4,4,0,0,96,1,0,0.0,0.0,0,0,5.0,0.4,0.0,0,0,0.0,0.0,0.0,0.0,0.201,0.9087,0.0,0.0,2042.03,2119.16,2.2,1.9,0.201,0.9087,0.124,0.117,1.0,1.67,0.006,0.007,0.02618,0.00216,0.0,0.0,0.0,0.0,1,1.196,6,0,109.022,226.62207357859535,0.2,0.536,0.0,0.0,0.0,0.421,0.0,0.0,0.0,0.0,0.0,0.0,0.0,0.0,0.0,0.0,0.0,0.0,0.0,0.0,0.0,0.0,0.96,0.19983277591973234,External_Hazard,Not_Applicable,0.0,0,-0.4,0,0.0,0.0,0.7077,0.0,77.12999999999988,-0.30000000000000027,0.7077,-0.006999999999999992,0.6699999999999999,0.001,-0.02402,0.0,0.0,117.60007357859534,0.336,0.0,0.421,0.0,0.0,0.0,0.0,0.0,0.0,0.0,0.0,-0.7601672240802676,0.0,0.0,0.0,5.0,0.4,0.0,0.0,0.0,0.0,0.0,0.0,0.016,NaN,0.164,0.0,0.0,0.2,0.0,0.4992,0.0,2156.66,1.6,0.4477,0.052,0.0,0.0,0.0,0.0,0.0,0.0,0.043,0.0,0.039,0.0,13.0,2.6,1879.69,0.539,0.19982,0.2,57.7,1.0,1.57,6.0,0.0,0
10_RT,2,Q3,Animal,Squirrel,4,10.0,0.0,4,4,0,0,96,1,0,0.0,0.0,0,0,5.0,0.2,0.0,0,0,0.2,0.0,0.0,0.0,0.7674,1.0,0.0,0.0,2028.39,1392.84,1.0,0.9,0.7674,1.0,0.063,0.115,1.8,0.96,0.123,0.129,0.0604,0.0,0.2,0.0,33.3,0.0,1,3.14,4,1,138.03,49.75796178343949,0.095,0.933,0.0,0.0,0.0,0.0,0.0,0.0,0.0,0.0,0.0,0.0,0.0,0.0,0.0,0.0,0.0,0.0,0.285,0.013,0.0,0.0,0.924,0.6987261146496815,External_Hazard,Not_Applicable,0.0,0,-0.2,0,-0.2,0.0,0.23260000000000003,0.0,-635.5500000000002,-0.09999999999999998,0.23260000000000003,0.052000000000000005,-0.8400000000000001,0.006000000000000005,-0.0604,-0.2,-33.3,-88.2720382165605,0.8380000000000001,0.0,0.0,0.0,0.0,0.0,0.0,0.0,0.0,-0.27199999999999996,0.0,-0.22527388535031856,0.0,0.0,0.0,5.0,0.2,0.0,0.0,0.0,0.0,0.0,0.0,0.0,NaN,0.0,0.0,0.0,0.2,0.0,0.7603,0.0,2271.94,2.1,0.7603,0.145,0.0,0.0,0.0,0.0,0.0,0.0,0.0,0.0,0.0,0.0,9.0,1.8,785.7,0.09,0.06372,0.0,0.0,1.0,1.196,6.0,0.0,0
11_RT,2,Q1,Name,Name1,5,40.0,0.0,5,5,0,0,56,0,1,0.0,0.0,0,0,5.0,0.0,0.0,0,0,0.0,0.0,0.0,0.0,1.0,1.0,0.0,0.0,2578.91,2414.15,1.4,1.9,1.0,1.0,0.119,0.136,1.8,2.55,0.464,0.23,0.0,0.0,0.4,0.425,36.1,47.0,1,2.353,5,0,299.506,410.18274543136414,0.0,0.0,0.0,0.0,0.0,0.0,0.0,0.0,0.0,0.0,0.0,0.0,0.0,0.0,0.364,0.0,0.0,0.0,0.0,0.0,0.0,0.0,0.9272,1.0,Dashboard_Recall,Working_Memory,0.0,0,0.0,0,0.0,0.0,0.0,0.0,-164.75999999999976,0.5,0.0,0.017000000000000015,0.7499999999999998,-0.234,0.0,0.024999999999999967,10.899999999999999,110.67674543136417,0.0,0.0,0.0,0.0,0.0,0.0,0.0,-0.364,0.0,0.0,0.0,0.07279999999999998,NaN,NaN,NaN,NaN,NaN,NaN,NaN,NaN,NaN,NaN,NaN,NaN,NaN,NaN,NaN,NaN,NaN,NaN,NaN,NaN,NaN,NaN,NaN,NaN,NaN,NaN,NaN,NaN,NaN,NaN,NaN,NaN,NaN,NaN,NaN,NaN,NaN,NaN,NaN,NaN,NaN,NaN,NaN,NaN,NaN,0
11_RT,2,Q2,Sign,Blind,7,40.0,0.0,5,5,0,0,56,0,1,0.0,0.0,0,0,5.0,0.2,0.0,0,0,0.2,0.0,0.0,0.0,0.1816,0.034,0.0,0.0,2377.76,2357.55,1.3,1.3,-0.0267,-0.0295,0.174,0.169,2.4,2.71,0.737,0.045,0.05604,0.00109,0.4,0.677,7.6,0.0,1,1.477,7,0,338.716,299.14014895057545,0.0,0.475,0.0,0.0,0.0,0.0,0.0,0.0,0.0,0.0,0.0,0.0,0.0,0.0,0.462,0.0,0.0,0.399,0.0,0.0,0.0,0.0,0.9076000000000001,0.4082599864590386,External_Hazard,Not_Applicable,0.0,0,-0.2,0,-0.2,0.0,-0.1476,0.0,-20.210000000000036,0.0,-0.002799999999999997,-0.004999999999999977,0.31000000000000005,-0.692,-0.05495,0.277,-7.6,-39.57585104942456,0.475,0.0,0.0,0.0,0.0,0.0,0.0,-0.462,0.399,0.0,0.0,-0.49934001354096147,0.0,0.0,0.0,5.0,0.4,0.0,0.0,0.0,0.0,0.404,0.552,0.0,NaN,0.0,0.0,0.0,0.4,0.0,0.8839,0.0,2522.49,1.8,0.8839,0.188,0.0,0.0,0.0,0.0,0.0,0.662,0.146,0.0,0.0,0.0,10.0,2.0,2106.51,1.444,0.00935,0.4,37.5,1.0,2.353,5.0,0.0,0
11_RT,2,Q3,Animal,Squirrel,6,40.0,0.0,5,5,0,0,56,0,1,0.0,0.0,0,0,5.0,0.4,0.0,0,0,0.2,0.0,0.0,0.0,0.8722,1.0,0.0,0.0,2563.21,2416.88,1.8,2.5,0.8722,1.0,0.155,0.012,1.8,2.25,0.869,0.408,0.0685,0.0,0.2,0.0,37.3,98.5,0,1.779,6,1,252.012,524.9803260258573,0.0,0.0,0.0,0.0,0.0,0.0,0.0,0.0,0.0,0.0,0.032,0.0,0.0,0.0,0.0,0.387,0.362,0.0,0.0,0.67,0.13,0.0,0.8952,0.4058459808881394,External_Hazard,Not_Applicable,0.0,0,-0.4,0,-0.2,0.0,0.12780000000000002,0.0,-146.32999999999993,0.7,0.12780000000000002,-0.143,0.44999999999999996,-0.461,-0.0685,-0.2,61.2,272.96832602585727,0.0,0.0,0.0,0.0,0.0,-0.032,0.0,0.387,-0.362,0.67,-0.13,-0.4893540191118606,0.0,0.0,0.0,5.0,0.2,0.0,0.0,0.0,0.0,0.0,0.0,0.0,NaN,0.0,0.0,0.0,0.2,0.0,0.7201,0.0,2014.1,3.1,0.7201,0.178,0.0,0.0,0.0,0.0,0.0,0.0,0.0,0.0,0.0,0.0,5.0,1.0,394.73,0.19,0.08241,0.2,1.6,1.0,1.477,7.0,0.0,0
12_RT,2,Q1,Name,Name1,6,8.0,17.0,2,3,2,0,61,1,0,0.0,0.0,0,0,5.0,0.2,0.0,1,0,0.2,0.0,0.0,0.0,0.8288,1.0,0.0,0.0,2601.58,1697.84,1.9,1.7,0.8288,1.0,0.125,0.099,2.0,1.43,0.046,0.026,0.03186,0.0,0.0,0.0,0.0,0.0,1,1.395,6,0,255.272,43.85663082437276,0.0,0.0,0.0,0.0,0.0,0.0,0.0,0.0,0.0,0.0,0.0,0.0,0.0,0.0,0.0,0.0,0.033,0.0,0.0,0.0,0.495,0.0,0.8943999999999999,1.0,Dashboard_Recall,Working_Memory,0.0,0,-0.2,-1,-0.2,0.0,0.17120000000000002,0.0,-903.74,-0.19999999999999996,0.17120000000000002,-0.025999999999999995,-0.5700000000000001,-0.02,-0.03186,0.0,0.0,-211.41536917562723,0.0,0.0,0.0,0.0,0.0,0.0,0.0,0.0,-0.033,0.0,-0.495,0.10560000000000014,NaN,NaN,NaN,NaN,NaN,NaN,NaN,NaN,NaN,NaN,NaN,NaN,NaN,NaN,NaN,NaN,NaN,NaN,NaN,NaN,NaN,NaN,NaN,NaN,NaN,NaN,NaN,NaN,NaN,NaN,NaN,NaN,NaN,NaN,NaN,NaN,NaN,NaN,NaN,NaN,NaN,NaN,NaN,NaN,NaN,0
12_RT,2,Q2,Sign,Blind,7,8.0,17.0,2,3,2,0,61,1,0,0.0,0.0,0,0,5.0,0.4,0.0,0,0,0.0,0.0,0.0,0.0,0.0751,0.9913,0.0,0.0,1776.23,1907.6,2.2,1.9,0.068,0.9913,0.124,0.136,2.2,1.64,0.006,0.004,0.01303,6e-05,0.0,0.0,0.0,0.0,1,1.222,7,0,124.67999999999999,78.72340425531915,0.0,0.0,0.0,0.0,0.694,0.0,0.0,0.0,0.0,0.0,0.0,0.0,0.0,0.0,0.0,0.0,0.042,0.0,0.0,0.0,0.0,0.0,0.8528,1.0,External_Hazard,Not_Applicable,0.0,0,-0.4,0,0.0,0.0,0.9161999999999999,0.0,131.3699999999999,-0.30000000000000027,0.9233,0.01200000000000001,-0.5600000000000003,-0.002,-0.01297,0.0,0.0,-45.95659574468084,0.0,0.0,-0.694,0.0,0.0,0.0,0.0,0.0,-0.042,0.0,0.0,0.1472,0.0,0.0,0.0,5.0,0.0,0.0,0.0,0.0,0.0,0.0,0.0,0.0,0.0,0.0,0.0,0.0,0.0,0.0,1.0,0.0,2872.76,1.3,1.0,0.102,0.0,0.0,0.037,0.0,0.0,0.0,0.0,0.0,0.0,0.065,13.0,2.6,2099.74,0.003,0.0,0.0,0.0,1.0,1.395,6.0,0.0,0
12_RT,2,Q3,Animal,Squirrel,4,8.0,17.0,2,3,2,0,61,1,0,0.0,0.0,0,0,5.0,0.0,0.327,0,0,0.0,0.327,0.0,0.0,0.9931,0.9001,0.0,0.0,2485.19,2989.15,1.6,1.4,0.9931,0.9001,0.124,0.007,2.6,0.33,0.152,0.359,0.00022,0.01636,0.4,0.0,0.0,97.2,1,3.054,4,0,291.896,107.48853962017027,0.089,1.075,0.363,0.0,0.0,0.0,0.0,0.0,0.0,0.0,0.0,0.0,0.0,0.0,0.0,0.0,0.35,0.0,0.242,0.0,0.0,0.0,0.7912,0.6480026195153896,External_Hazard,Not_Applicable,0.0,0,0.327,0,0.327,0.0,-0.09299999999999997,0.0,503.96000000000004,-0.20000000000000018,-0.09299999999999997,-0.11699999999999999,-2.27,0.207,0.016139999999999998,-0.4,97.2,-184.40746037982973,0.986,-0.363,0.0,0.0,0.0,0.0,0.0,0.0,-0.35,-0.242,0.0,-0.1431973804846104,0.0,0.0,0.0,5.0,0.2,0.0,0.0,0.0,0.0,0.0,0.0,0.0,0.0,0.0,0.0,0.0,0.2,0.0,0.6976,0.0,1797.68,2.4,0.6976,0.15,0.0,0.0,0.149,0.0,0.0,0.0,0.0,0.0,0.0,0.0,12.0,2.4,770.63,0.047,0.04222,0.0,0.0,1.0,1.222,7.0,0.0,0
13_RT,2,Q1,Name,Name1,7,40.0,0.0,4,4,0,0,30,0,1,0.0,0.0,0,0,5.0,0.2,0.0,0,0,0.2,0.0,0.0,0.0,0.848,1.0,0.0,0.0,2680.83,2130.66,0.9,0.9,0.848,1.0,0.09,0.087,2.4,2.63,0.003,0.004,0.02491,0.0,0.0,0.0,0.0,0.0,1,2.663,7,1,364.486,277.885843034172,0.0,0.583,0.0,0.0,0.0,0.0,0.0,0.0,0.197,0.08,0.153,0.0,0.0,0.0,0.0,0.0,0.037,0.0,0.0,0.0,0.0,0.0,0.9226000000000001,0.7510326699211416,Dashboard_Recall,Visual_Search,0.0,0,-0.2,0,-0.2,0.0,0.15200000000000002,0.0,-550.1700000000001,0.0,0.15200000000000002,-0.0030000000000000027,0.22999999999999998,0.001,-0.02491,0.0,0.0,-86.60015696582798,0.583,0.0,0.0,0.0,-0.117,-0.153,0.0,0.0,-0.037,0.0,0.0,-0.1715673300788585,NaN,NaN,NaN,NaN,NaN,NaN,NaN,NaN,NaN,NaN,NaN,NaN,NaN,NaN,NaN,NaN,NaN,NaN,NaN,NaN,NaN,NaN,NaN,NaN,NaN,NaN,NaN,NaN,NaN,NaN,NaN,NaN,NaN,NaN,NaN,NaN,NaN,NaN,NaN,NaN,NaN,NaN,NaN,NaN,NaN,0
13_RT,2,Q2,Sign,Blind,7,40.0,0.0,4,4,0,0,30,0,1,0.0,0.0,0,0,5.0,0.0,0.0,0,0,0.0,0.0,0.0,0.0,0.0564,0.2761,0.0,0.0,2116.96,3588.17,1.5,1.0,0.0011,0.2761,0.097,0.085,2.0,1.73,0.014,0.004,0.0041,4e-05,0.0,0.0,0.0,0.0,1,1.154,7,1,191.83599999999998,383.18024263431545,1.963,0.883,0.0,0.0,0.0,0.0,0.0,0.0,0.0,0.0,0.0,0.032,0.0,0.0,0.0,0.0,0.0,0.0,0.0,0.0,0.0,0.0,0.6073999999999999,0.20710571923743493,External_Hazard,Not_Applicable,0.0,0,0.0,0,0.0,0.0,0.2197,0.0,1471.21,-0.5,0.275,-0.011999999999999997,-0.27,-0.01,-0.00406,0.0,0.0,191.34424263431546,-1.08,0.0,0.0,0.0,0.0,0.032,0.0,0.0,0.0,0.0,0.0,-0.400294280762565,0.0,0.0,0.0,5.0,0.0,0.0,0.0,0.0,0.0,0.0,0.0,0.197,NaN,0.0,0.0,0.0,0.0,0.0,1.0,0.0,2325.93,1.1,1.0,0.098,0.0,0.0,0.0,0.0,0.0,0.0,0.234,0.0,0.037,0.0,12.0,2.4,1127.64,0.033,0.0,0.0,0.0,1.0,2.663,7.0,1.0,0
13_RT,2,Q3,Animal,Squirrel,7,40.0,0.0,4,4,0,0,30,0,1,0.0,0.0,0,0,5.0,0.4,0.0,0,0,0.2,0.0,0.0,0.0,0.7616,0.6765,0.0,0.0,2314.73,1902.98,0.6,0.4,0.7616,0.6765,0.039,0.097,2.2,3.26,0.12,0.013,0.0315,0.00015,0.0,0.0,68.8,0.0,0,1.841,7,1,271.156,353.7262357414449,0.0,0.196,0.0,0.0,0.0,0.0,0.0,0.0,0.396,0.019,1.551,0.0,0.0,0.0,0.0,0.0,0.613,0.074,0.0,0.72,0.0,0.359,0.488,0.2569255839217817,External_Hazard,Not_Applicable,0.0,0,-0.4,0,-0.2,0.0,-0.08510000000000006,0.0,-411.75,-0.19999999999999996,-0.08510000000000006,0.058,1.0599999999999996,-0.107,-0.03135,0.0,-68.8,82.57023574144489,0.196,0.0,0.0,0.0,-0.377,-1.551,0.0,0.0,-0.539,0.72,0.359,-0.23107441607821827,0.0,0.0,0.0,5.0,0.0,0.0,0.266,0.118,0.0,1.168,0.0,0.0,NaN,0.0,0.0,0.0,0.0,0.0,0.761,0.0,2401.15,1.0,0.761,0.099,0.0,0.276,0.125,0.0,1.45,0.0,0.0,0.0,0.0,0.0,12.0,2.4,1574.03,0.003,0.0397,0.0,0.0,1.0,1.154,7.0,1.0,0
14_RT,2,Q1,Name,Name1,6,28.0,2.0,4,2,0,0,15,0,1,0.0,0.0,0,0,5.0,0.4,0.0,0,0,0.4,0.0,0.0,0.0,0.8597,1.0,0.0,0.0,3958.51,4122.98,2.2,1.8,0.8597,1.0,0.116,0.213,2.6,3.34,0.175,0.343,0.02401,0.0,0.0,0.0,10.3,0.0,1,1.798,6,0,532.958,927.5750834260289,0.0,0.207,0.0,0.0,0.0,0.0,0.0,0.0,0.0,0.0,0.0,0.0,0.0,0.0,0.098,0.0,0.0,0.0,0.0,0.0,0.041,0.0,0.9722,0.8848720800889878,Dashboard_Recall,Visual_Search,0.0,0,-0.4,0,-0.4,0.0,0.14029999999999998,0.0,164.46999999999935,-0.40000000000000013,0.14029999999999998,0.09699999999999999,0.7399999999999998,0.16800000000000004,-0.02401,0.0,-10.3,394.6170834260289,0.207,0.0,0.0,0.0,0.0,0.0,0.0,-0.098,0.0,0.0,-0.041,-0.08732791991101219,NaN,NaN,NaN,NaN,NaN,NaN,NaN,NaN,NaN,NaN,NaN,NaN,NaN,NaN,NaN,NaN,NaN,NaN,NaN,NaN,NaN,NaN,NaN,NaN,NaN,NaN,NaN,NaN,NaN,NaN,NaN,NaN,NaN,NaN,NaN,NaN,NaN,NaN,NaN,NaN,NaN,NaN,NaN,NaN,NaN,0
14_RT,2,Q2,Sign,Blind,7,28.0,2.0,4,2,0,0,15,0,1,0.0,0.0,0,0,5.0,0.2,0.0,0,0,0.2,0.0,0.0,0.0,0.2545,0.0877,0.0,0.0,2602.65,2493.0,2.9,3.7,0.1931,0.0877,0.151,0.18,1.8,2.37,0.17,0.001,0.14554,0.00059,0.0,0.0,0.0,0.0,1,1.267,7,0,160.676,249.70007892659828,0.305,0.274,0.0,0.0,0.369,0.536,0.0,0.0,0.031,0.0,0.0,0.0,0.0,0.0,0.0,0.0,0.0,0.0,0.0,0.0,0.0,0.0,0.859,0.36069455406471973,External_Hazard,Not_Applicable,0.0,0,-0.2,0,-0.2,0.0,-0.1668,0.0,-109.65000000000009,0.8000000000000003,-0.1054,0.028999999999999998,0.5700000000000001,-0.169,-0.14495,0.0,0.0,89.02407892659829,-0.030999999999999972,0.0,0.16700000000000004,0.0,-0.031,0.0,0.0,0.0,0.0,0.0,0.0,-0.49830544593528026,0.0,0.0,0.0,5.0,0.2,0.276,1.396,0.0,0.796,0.0,0.0,0.0,NaN,0.0,0.0,0.0,0.2,0.0,0.4278,0.0,2494.36,2.9,0.3648,0.149,0.167,0.305,0.0,0.0,0.0,0.0,0.0,0.0,0.0,0.0,9.0,1.8,866.95,0.165,0.22704,0.4,0.0,1.0,1.798,6.0,0.0,0
14_RT,2,Q3,Animal,Squirrel,3,28.0,2.0,4,2,0,0,15,0,1,0.0,0.0,0,0,5.0,0.2,0.459,0,0,0.2,0.459,0.0,0.0,0.9008,0.9244,0.0,0.0,3258.61,2311.58,2.5,3.0,0.9008,0.9244,0.17,0.147,2.6,1.38,0.527,0.012,0.02153,0.01426,0.4,0.0,13.9,18.2,0,2.177,3,1,382.478,114.48782728525494,0.0,1.769,0.0,0.253,0.0,0.0,0.0,0.0,0.0,0.0,0.0,0.0,0.0,0.0,0.0,0.0,0.133,0.0,0.0,0.0,0.208,0.0,0.9318,0.07119889756545716,External_Hazard,Not_Applicable,0.0,0,0.259,0,0.259,0.0,0.023599999999999954,0.0,-947.0300000000002,0.5,0.023599999999999954,-0.02300000000000002,-1.2200000000000002,-0.515,-0.00727,-0.4,4.299999999999999,-267.9901727147451,1.769,0.253,0.0,0.0,0.0,0.0,0.0,0.0,-0.133,0.0,-0.208,-0.8606011024345428,0.0,0.0,0.0,5.0,0.2,0.0,0.0,0.0,0.0,0.0,0.42,0.0,NaN,0.0,0.0,0.0,0.2,0.0,0.8421,0.0,3036.99,2.7,0.8421,0.159,0.0,0.0,0.0,0.0,0.0,0.47,0.0,0.0,0.0,0.0,10.0,2.0,1722.05,0.235,0.03735,0.0,0.0,1.0,1.267,7.0,0.0,0
15_RT,2,Q1,Name,Name1,7,4.0,0.0,3,4,0,0,78,0,1,0.0,0.0,0,0,5.0,0.4,0.32,0,0,0.2,0.0,0.0,0.0,0.7609,0.9751,0.0,0.0,2103.51,3494.57,1.6,3.4,0.7609,0.9751,0.14,0.176,2.6,2.24,0.926,0.01,0.01195,0.00079,0.2,0.0,37.8,0.0,1,3.125,7,0,436.11400000000003,619.9168,0.0,0.032,0.0,0.0,0.0,0.0,0.0,0.0,0.037,0.0,0.105,0.033,0.0,0.0,2.008,0.096,0.272,0.072,0.0,0.0,0.0,0.0,0.5156000000000001,0.9254399999999999,Dashboard_Recall,Visual_Search,0.0,0,-0.08000000000000002,0,-0.2,0.0,0.21419999999999995,0.0,1391.06,1.7999999999999998,0.21419999999999995,0.035999999999999976,-0.3599999999999999,-0.916,-0.01116,-0.2,-37.8,183.80279999999993,0.032,0.0,0.0,0.0,-0.037,-0.072,0.0,-1.912,-0.2,0.0,0.0,0.40983999999999987,NaN,NaN,NaN,NaN,NaN,NaN,NaN,NaN,NaN,NaN,NaN,NaN,NaN,NaN,NaN,NaN,NaN,NaN,NaN,NaN,NaN,NaN,NaN,NaN,NaN,NaN,NaN,NaN,NaN,NaN,NaN,NaN,NaN,NaN,NaN,NaN,NaN,NaN,NaN,NaN,NaN,NaN,NaN,NaN,NaN,0
15_RT,2,Q2,Sign,Blind,7,4.0,0.0,3,4,0,0,78,0,1,0.0,0.0,0,0,5.0,0.2,0.0,0,0,0.2,0.0,0.0,0.0,0.3259,0.2719,0.0,0.0,2582.45,2106.8,3.1,2.7,0.2069,0.2719,0.182,0.021,2.0,3.29,0.303,0.257,0.17568,0.00245,0.6,0.0,22.1,60.0,1,1.216,7,0,315.68,313.3470394736842,0.362,0.184,0.158,0.0,0.0,0.365,0.0,0.0,0.0,0.0,0.033,0.0,0.032,0.0,0.096,0.0,0.066,0.0,0.0,0.0,0.0,0.0,0.8506,0.5485197368421053,External_Hazard,Not_Applicable,0.0,0,-0.2,0,-0.2,0.0,-0.05400000000000005,0.0,-475.64999999999964,-0.3999999999999999,0.06499999999999997,-0.161,1.29,-0.045999999999999985,-0.17323,-0.6,37.9,-2.3329605263157873,-0.178,-0.158,0.365,0.0,0.0,-0.033,-0.032,-0.096,-0.066,0.0,0.0,-0.3020802631578947,0.0,0.0,0.0,5.0,0.2,0.496,2.256,0.0,0.52,0.0,0.0,0.0,NaN,0.0,0.0,0.0,0.2,0.0,0.1712,0.0,1903.55,3.0,0.0648,0.137,0.365,0.546,0.0,0.158,0.0,0.0,0.0,0.0,0.0,0.0,11.0,2.2,757.64,0.341,0.04104,0.4,36.7,1.0,3.125,7.0,0.0,0
15_RT,2,Q3,Animal,Squirrel,4,4.0,0.0,3,4,0,0,78,0,1,0.0,0.0,0,0,5.0,0.2,0.332,0,0,0.0,0.0,0.0,0.0,0.9899,0.9156,0.0,0.0,2119.44,2422.32,2.1,1.9,0.9899,0.9156,0.115,0.102,2.6,1.49,0.522,0.265,0.0009,0.01677,0.2,0.332,36.1,37.5,1,6.032,4,1,226.45999999999998,183.71021220159153,0.0,0.232,0.0,0.506,0.0,0.0,0.0,0.0,0.0,0.0,0.101,0.033,0.0,0.0,0.0,0.0,0.196,0.0,0.174,1.921,0.0,0.0,0.9057999999999999,0.5537135278514589,External_Hazard,Not_Applicable,0.0,0,0.132,0,0.0,0.0,-0.07430000000000003,0.0,302.8800000000001,-0.20000000000000018,-0.07430000000000003,-0.013000000000000012,-1.11,-0.257,0.01587,0.132,1.3999999999999986,-42.74978779840845,0.232,0.506,0.0,0.0,0.0,-0.068,0.0,0.0,-0.196,1.747,0.0,-0.35208647214854105,0.0,0.0,0.0,5.0,0.4,0.0,0.0,0.46,0.0,0.0,0.0,0.0,NaN,0.0,0.0,0.0,0.4,0.0,0.8395,0.0,2208.43,3.3,0.8395,0.207,0.0,0.0,0.528,0.0,0.098,0.0,0.0,0.0,0.0,0.0,13.0,2.6,959.8,0.775,0.01803,0.4,23.7,1.0,1.216,7.0,0.0,1
16_RT,2,Q1,Name,Name1,6,8.0,20.0,2,1,2,0,11,1,0,0.0,0.0,0,0,5.0,0.4,0.0,0,0,0.2,0.0,0.0,0.0,0.8832,0.9604,0.0,0.0,2958.44,3035.24,2.4,3.1,0.8832,0.9604,0.212,0.207,2.4,2.87,0.207,0.028,0.03174,4e-05,0.2,0.0,0.0,0.0,1,1.396,6,0,323.79,804.0759312320918,0.0,0.076,0.0,0.0,0.0,0.0,0.0,0.0,0.0,0.0,0.0,0.0,0.0,0.0,0.0,0.0,0.123,0.039,0.0,0.0,0.07,0.0,0.9614,0.917621776504298,Dashboard_Recall,Visual_Search,0.0,0,-0.4,0,-0.2,0.0,0.07720000000000005,0.0,76.79999999999973,0.7000000000000002,0.07720000000000005,-0.0050000000000000044,0.4700000000000002,-0.179,-0.0317,-0.2,0.0,480.28593123209174,0.076,0.0,0.0,0.0,0.0,0.0,0.0,0.0,-0.08399999999999999,0.0,-0.07,-0.04377822349570204,NaN,NaN,NaN,NaN,NaN,NaN,NaN,NaN,NaN,NaN,NaN,NaN,NaN,NaN,NaN,NaN,NaN,NaN,NaN,NaN,NaN,NaN,NaN,NaN,NaN,NaN,NaN,NaN,NaN,NaN,NaN,NaN,NaN,NaN,NaN,NaN,NaN,NaN,NaN,NaN,NaN,NaN,NaN,NaN,NaN,0
16_RT,2,Q2,Sign,Blind,7,8.0,20.0,2,1,2,0,11,1,0,0.0,0.0,0,0,5.0,0.2,0.0,0,0,0.2,0.0,0.0,0.0,0.1979,0.5641,0.0,0.0,3425.94,2207.74,3.4,3.1,0.1979,0.5641,0.174,0.139,2.0,3.04,0.021,0.042,0.02823,0.01052,0.0,0.0,0.0,0.0,1,1.314,7,0,298.368,317.92998477929984,0.882,0.257,0.0,0.0,0.514,0.595,0.0,0.0,0.0,0.0,0.0,0.0,0.0,0.0,0.0,0.0,0.0,0.0,0.0,0.0,0.0,0.0,0.7208,0.35159817351598177,External_Hazard,Not_Applicable,0.0,0,-0.2,0,-0.2,0.0,0.3662000000000001,0.0,-1218.2000000000003,-0.2999999999999998,0.3662000000000001,-0.034999999999999976,1.04,0.021,-0.017710000000000004,0.0,0.0,19.56198477929985,-0.625,0.0,0.08099999999999996,0.0,0.0,0.0,0.0,0.0,0.0,0.0,0.0,-0.3692018264840182,0.0,0.0,0.0,5.0,0.4,0.468,0.0,0.0,0.0,0.0,0.0,0.0,NaN,0.0,0.0,0.0,0.2,0.0,0.4344,0.0,3079.0,3.3,0.4344,0.174,0.213,0.0,0.0,0.0,0.0,0.0,0.0,0.0,0.0,0.0,11.0,2.2,1375.81,0.031,0.14751,0.0,0.0,1.0,1.396,6.0,0.0,0
16_RT,2,Q3,Animal,Squirrel,4,8.0,20.0,2,1,2,0,11,1,0,0.0,0.0,0,0,5.0,0.2,0.0,0,0,0.0,0.0,0.0,0.0,0.9158,1.0,0.0,0.0,1550.01,4069.1,2.5,1.6,0.9158,1.0,0.122,0.199,1.6,1.33,0.212,0.33,0.00521,0.0,0.2,0.571,18.2,41.5,0,5.257,4,1,77.966,395.7865702872361,0.127,2.995,0.0,0.126,0.0,0.0,0.0,0.0,0.0,0.0,0.0,0.0,0.0,0.0,0.0,0.202,0.0,0.0,0.55,0.0,0.0,0.0,0.8646,0.3678904318052121,External_Hazard,Not_Applicable,0.0,0,-0.2,0,0.0,0.0,0.08420000000000005,0.0,2519.09,-0.8999999999999999,0.08420000000000005,0.07700000000000001,-0.27,0.11800000000000002,-0.00521,0.37099999999999994,23.3,317.8205702872361,2.8680000000000003,0.126,0.0,0.0,0.0,0.0,0.0,0.202,0.0,-0.55,0.0,-0.49670956819478795,0.0,0.0,0.0,5.0,0.0,0.0,0.0,0.0,0.0,0.0,0.0,0.0,NaN,0.0,0.0,0.0,0.0,0.0,0.9986,0.0,2650.69,3.0,0.9986,0.164,0.0,0.0,0.0,0.0,0.0,0.0,0.0,0.0,0.0,0.0,11.0,2.2,1282.6,0.143,1e-05,0.2,0.0,1.0,1.314,7.0,0.0,0
17_RT,2,Q1,Name,Name1,7,29.0,0.0,4,5,0,0,56,1,0,0.0,0.0,0,0,5.0,0.4,0.0,0,0,0.0,0.0,0.0,0.0,0.7369,0.999,0.0,0.0,3197.78,3495.46,0.6,1.3,0.7369,0.999,0.119,0.117,2.6,1.24,0.297,0.006,0.00885,1e-05,0.2,0.0,19.0,0.0,0,2.415,7,1,370.472,96.67494824016563,0.0,0.0,0.0,0.0,0.0,0.0,0.0,0.0,0.0,0.0,0.27,0.0,0.0,0.0,0.0,0.0,0.127,0.07,0.0,0.0,0.469,0.0,0.8268000000000001,0.9710144927536233,Dashboard_Recall,Working_Memory,0.0,0,-0.4,0,0.0,0.0,0.2621,0.0,297.67999999999984,0.7000000000000001,0.2621,-0.001999999999999988,-1.36,-0.291,-0.00884,-0.2,-19.0,-273.79705175983435,0.0,0.0,0.0,0.0,0.0,-0.27,0.0,0.0,-0.056999999999999995,0.0,-0.469,0.1442144927536232,NaN,NaN,NaN,NaN,NaN,NaN,NaN,NaN,NaN,NaN,NaN,NaN,NaN,NaN,NaN,NaN,NaN,NaN,NaN,NaN,NaN,NaN,NaN,NaN,NaN,NaN,NaN,NaN,NaN,NaN,NaN,NaN,NaN,NaN,NaN,NaN,NaN,NaN,NaN,NaN,NaN,NaN,NaN,NaN,NaN,0
17_RT,2,Q2,Sign,Blind,7,29.0,0.0,4,5,0,0,56,1,0,0.0,0.0,0,0,5.0,0.4,0.0,0,0,0.2,0.0,0.0,0.0,0.0995,0.4311,0.0,0.0,2923.73,2904.42,2.2,2.3,0.0995,0.4311,0.133,0.125,3.0,2.65,0.006,0.011,0.00531,0.01648,0.0,0.0,0.0,0.0,1,1.885,7,0,607.3399999999999,312.8700265251989,1.041,0.079,0.0,0.0,0.266,0.0,0.0,0.0,0.72,0.0,0.0,0.0,0.0,0.0,0.345,0.0,0.0,0.114,0.0,0.0,0.0,0.039,0.5256000000000001,0.8769230769230769,External_Hazard,Not_Applicable,0.0,0,-0.4,0,-0.2,0.0,0.3316,0.0,-19.309999999999945,0.09999999999999964,0.3316,-0.008000000000000007,-0.3500000000000001,0.004999999999999999,0.011170000000000003,0.0,0.0,-294.469973474801,-0.962,0.0,-0.266,0.0,-0.72,0.0,0.0,-0.345,0.114,0.0,0.039,0.35132307692307685,0.0,0.0,0.0,5.0,0.4,0.0,0.0,0.0,0.0,0.0,0.216,0.0,NaN,0.0,0.0,0.0,0.2,0.0,0.699,0.0,2754.14,1.8,0.6715,0.124,0.0,0.0,0.037,0.0,0.133,0.034,0.0,0.0,0.0,0.0,12.0,2.4,1689.7,0.02,0.19251,0.0,0.0,0.0,2.415,7.0,1.0,0
17_RT,2,Q3,Animal,Squirrel,7,29.0,0.0,4,5,0,0,56,1,0,0.0,0.0,0,0,5.0,0.6,0.0,0,0,0.2,0.0,0.0,0.0,0.704,0.8879,0.0,0.0,2151.98,1545.98,1.8,1.6,0.704,0.8879,0.122,0.084,1.6,0.78,0.008,0.041,0.03399,0.00421,0.0,0.0,0.0,0.0,0,1.28,7,1,63.053999999999995,7.1015625,1.808,1.081,0.0,0.0,0.0,0.0,0.0,0.0,0.0,0.0,0.07,0.0,0.0,0.0,0.0,0.0,0.0,0.0,0.334,0.0,0.0,0.0,0.5576,0.15546875000000004,External_Hazard,Not_Applicable,0.0,0,-0.6,0,-0.2,0.0,0.18390000000000006,0.0,-606.0,-0.19999999999999996,0.18390000000000006,-0.03799999999999999,-0.8200000000000001,0.033,-0.02978,0.0,0.0,-55.952437499999995,-0.7270000000000001,0.0,0.0,0.0,0.0,-0.07,0.0,0.0,0.0,-0.334,0.0,-0.40213124999999994,0.0,0.0,0.0,5.0,0.4,0.0,0.0,0.0,0.0,0.0,0.0,0.0,NaN,0.0,0.0,0.0,0.2,0.0,0.7853,0.0,3471.73,1.9,0.7853,0.135,0.0,0.0,0.322,0.0,0.033,0.03,0.0,0.0,0.0,0.037,12.0,2.4,1957.76,0.022,0.04293,0.0,0.0,1.0,1.885,7.0,0.0,1
18_RT,2,Q1,Name,Name1,6,2.0,5.0,1,1,0,1,57,0,1,0.0,0.0,0,0,5.0,0.2,0.0,0,0,0.2,0.0,0.0,0.0,0.657,0.9574,0.0,0.0,2669.99,1852.34,1.7,1.8,0.657,0.9574,0.115,0.145,2.8,1.52,0.151,0.003,0.06293,0.00152,0.0,0.0,0.0,0.0,1,1.32,6,0,509.546,119.1060606060606,0.0,0.0,0.0,0.0,0.0,0.0,0.0,0.0,0.0,0.0,0.0,0.0,0.0,0.0,0.666,0.0,0.0,0.0,0.0,0.0,0.0,0.0,0.8667999999999999,1.0,Dashboard_Recall,Working_Memory,0.0,0,-0.2,0,-0.2,0.0,0.3004,0.0,-817.6499999999999,0.10000000000000009,0.3004,0.029999999999999985,-1.2799999999999998,-0.148,-0.06141,0.0,0.0,-390.4399393939394,0.0,0.0,0.0,0.0,0.0,0.0,0.0,-0.666,0.0,0.0,0.0,0.1332000000000001,NaN,NaN,NaN,NaN,NaN,NaN,NaN,NaN,NaN,NaN,NaN,NaN,NaN,NaN,NaN,NaN,NaN,NaN,NaN,NaN,NaN,NaN,NaN,NaN,NaN,NaN,NaN,NaN,NaN,NaN,NaN,NaN,NaN,NaN,NaN,NaN,NaN,NaN,NaN,NaN,NaN,NaN,NaN,NaN,NaN,0
18_RT,2,Q2,Sign,Blind,7,2.0,5.0,1,1,0,1,57,0,1,0.0,0.0,0,0,5.0,0.6,0.0,0,0,0.0,0.0,0.0,0.0,0.0219,0.1813,0.0,0.0,2571.29,0.0,1.7,2.4,0.0109,0.1813,0.117,0.127,1.0,0.0,0.174,0.007,0.00062,0.00098,0.0,0.0,12.8,0.0,1,0.99,7,0,205.86599999999999,0.0,1.161,0.977,0.0,0.0,0.0,0.0,0.0,0.0,0.0,0.0,0.0,0.0,0.109,0.0,0.341,0.0,0.0,0.0,0.0,0.0,0.0,0.0,0.6778000000000001,0.013131313131313143,External_Hazard,Not_Applicable,0.0,0,-0.6,0,0.0,0.0,0.1594,0.0,-2571.29,0.7,0.1704,0.009999999999999995,-1.0,-0.16699999999999998,0.00035999999999999997,0.0,-12.8,-205.86599999999999,-0.18400000000000005,0.0,0.0,0.0,0.0,0.0,-0.109,-0.341,0.0,0.0,0.0,-0.664668686868687,0.0,0.0,0.0,5.0,0.0,0.0,0.0,0.0,0.0,0.0,0.0,0.0,NaN,0.0,0.0,0.0,0.0,0.0,1.0,0.0,1843.74,1.7,1.0,0.121,0.0,0.0,0.0,0.0,0.0,0.0,0.0,0.0,0.0,0.0,9.0,1.8,660.09,0.078,0.0,0.0,0.0,1.0,1.32,6.0,0.0,0
18_RT,2,Q3,Animal,Squirrel,6,2.0,5.0,1,1,0,1,57,0,1,0.0,0.0,0,0,5.0,0.6,0.543,0,0,0.0,0.543,0.0,0.0,0.7575,0.2313,0.0,0.0,2202.59,1938.63,1.3,1.1,0.7575,0.2313,0.094,0.083,2.0,1.09,0.049,0.001,0.00614,0.01697,0.0,0.0,13.8,10.0,0,1.84,6,1,340.182,83.90760869565216,0.106,0.187,0.0,0.238,0.0,0.0,0.0,0.0,0.0,0.0,0.0,0.0,0.0,0.0,0.697,0.0,0.0,0.0,1.4,0.801,0.0,0.0,0.5594,0.33369565217391306,External_Hazard,Not_Applicable,0.0,0,-0.05699999999999994,0,0.543,0.0,-0.5262,0.0,-263.96000000000004,-0.19999999999999996,-0.5262,-0.010999999999999996,-0.9099999999999999,-0.048,0.01083,0.0,-3.8000000000000007,-256.2743913043479,0.081,0.238,0.0,0.0,0.0,0.0,0.0,-0.697,0.0,-0.5989999999999999,0.0,-0.22570434782608695,0.0,0.0,0.0,5.0,0.2,0.0,0.2,0.0,0.0,0.0,0.0,0.0,NaN,0.0,0.0,0.0,0.2,0.0,0.9703,0.0,3022.15,1.8,0.9703,0.134,0.0,0.194,0.0,0.0,0.0,0.0,0.0,0.0,0.0,0.0,11.0,2.2,2045.78,0.146,0.00678,0.0,0.0,1.0,0.99,7.0,0.0,1
19_RT,2,Q1,Name,Name1,7,25.0,0.0,4,4,0,0,4,1,0,0.0,0.0,0,0,5.0,0.2,0.0,0,0,0.2,0.0,0.0,0.0,0.6457,0.988,0.0,0.0,3086.87,1599.29,1.1,1.0,0.6457,0.988,0.097,0.093,1.8,3.18,0.012,0.002,0.10592,0.00011,0.0,0.0,0.0,0.0,1,1.257,7,1,394.928,173.9777247414479,0.0,0.0,0.0,0.0,0.0,0.0,0.0,0.0,0.0,0.0,0.0,0.0,0.0,0.0,0.399,0.0,0.0,0.0,0.0,0.0,0.0,0.0,0.9202,1.0,Dashboard_Recall,Working_Memory,0.0,0,-0.2,0,-0.2,0.0,0.34229999999999994,0.0,-1487.58,-0.10000000000000009,0.34229999999999994,-0.0040000000000000036,1.3800000000000001,-0.01,-0.10581,0.0,0.0,-220.9502752585521,0.0,0.0,0.0,0.0,0.0,0.0,0.0,-0.399,0.0,0.0,0.0,0.07979999999999998,NaN,NaN,NaN,NaN,NaN,NaN,NaN,NaN,NaN,NaN,NaN,NaN,NaN,NaN,NaN,NaN,NaN,NaN,NaN,NaN,NaN,NaN,NaN,NaN,NaN,NaN,NaN,NaN,NaN,NaN,NaN,NaN,NaN,NaN,NaN,NaN,NaN,NaN,NaN,NaN,NaN,NaN,NaN,NaN,NaN,0
19_RT,2,Q2,Sign,Blind,7,25.0,0.0,4,4,0,0,4,1,0,0.0,0.0,0,0,5.0,0.0,0.0,0,0,0.0,0.0,0.0,0.0,0.0299,0.3774,0.0,0.0,2421.08,1159.21,1.4,1.4,0.0207,0.3774,0.108,0.095,2.0,0.73,0.015,0.004,0.00169,0.00383,0.0,0.0,0.0,0.0,1,1.367,7,0,208.346,19.948792977322604,0.0,0.432,0.0,0.0,0.031,0.0,0.0,0.0,0.0,0.0,0.0,0.0,0.0,0.0,0.0,0.0,0.0,0.0,0.0,0.0,0.0,0.0,0.9938,0.6839795171909291,External_Hazard,Not_Applicable,0.0,0,0.0,0,0.0,0.0,0.34750000000000003,0.0,-1261.87,0.0,0.3567,-0.012999999999999998,-1.27,-0.011,0.00214,0.0,0.0,-188.3972070226774,0.432,0.0,-0.031,0.0,0.0,0.0,0.0,0.0,0.0,0.0,0.0,-0.30982048280907093,0.0,0.0,0.0,5.0,0.0,0.0,0.0,0.14,0.0,0.0,0.0,0.0,NaN,0.0,0.18,0.0,0.0,0.0,1.0,0.0,2318.92,0.6,1.0,0.07,0.0,0.0,0.205,0.0,0.0,0.0,0.0,0.0,0.0,0.189,11.0,2.2,906.72,0.131,0.0,0.4,44.4,1.0,1.257,7.0,1.0,0
19_RT,2,Q3,Animal,Squirrel,6,25.0,0.0,4,4,0,0,4,1,0,0.0,0.0,0,0,5.0,0.2,0.0,0,0,0.2,0.0,0.0,0.0,0.5294,0.7359,0.0,0.0,1622.1,1503.91,0.6,1.0,0.5294,0.7359,0.058,0.09,1.2,0.58,0.091,0.008,0.06871,0.05373,0.0,0.0,44.4,0.0,0,3.435,6,1,48.836,18.88791848617176,2.657,2.837,0.0,0.0,0.0,0.0,0.0,0.0,0.0,0.0,0.0,0.0,0.0,0.0,0.0,0.0,0.0,0.0,0.0,0.0,0.0,0.0,0.4686,0.17409024745269283,External_Hazard,Not_Applicable,0.0,0,-0.2,0,-0.2,0.0,0.20650000000000002,0.0,-118.18999999999983,0.4,0.20650000000000002,0.031999999999999994,-0.62,-0.08299999999999999,-0.014979999999999993,0.0,-44.4,-29.94808151382824,0.18000000000000016,0.0,0.0,0.0,0.0,0.0,0.0,0.0,0.0,0.0,0.0,-0.29450975254730716,0.0,0.0,0.0,5.0,0.2,0.0,0.604,0.22,0.0,0.0,0.0,0.0,NaN,0.0,0.212,0.0,0.0,0.0,0.987,0.0,3135.84,0.9,0.987,0.1,0.0,0.391,0.24,0.0,0.0,0.032,0.0,0.0,0.0,0.241,12.0,2.4,2301.9,0.079,0.00135,0.0,0.0,1.0,1.367,7.0,0.0,0
20_RT,2,Q1,Name,Name1,7,2.0,15.0,1,2,6,0,52,0,1,0.0,0.0,0,0,5.0,0.2,0.0,0,0,0.0,0.0,0.0,0.0,0.0459,0.7994,0.0,0.0,2953.73,3455.55,0.4,2.6,0.0376,0.7994,0.104,0.208,2.4,3.4,0.383,0.077,0.00651,0.00136,0.2,0.0,49.1,0.0,1,1.471,7,0,398.556,802.05982324949,0.0,0.533,0.0,0.0,0.0,0.0,0.0,0.0,0.0,0.0,0.0,0.0,0.0,0.0,0.533,0.0,0.194,0.0,0.0,0.0,0.444,0.297,0.7657999999999999,0.4357579877634262,Dashboard_Recall,Visual_Search,0.0,0,-0.2,0,0.0,0.0,0.7535,0.0,501.82000000000016,2.2,0.7618,0.104,1.0,-0.306,-0.00515,-0.2,-49.1,403.50382324949004,0.533,0.0,0.0,0.0,0.0,0.0,0.0,-0.533,-0.194,0.0,-0.14700000000000002,-0.3300420122365737,NaN,NaN,NaN,NaN,NaN,NaN,NaN,NaN,NaN,NaN,NaN,NaN,NaN,NaN,NaN,NaN,NaN,NaN,NaN,NaN,NaN,NaN,NaN,NaN,NaN,NaN,NaN,NaN,NaN,NaN,NaN,NaN,NaN,NaN,NaN,NaN,NaN,NaN,NaN,NaN,NaN,NaN,NaN,NaN,NaN,0
20_RT,2,Q2,Sign,Blind,7,2.0,15.0,1,2,6,0,52,0,1,0.0,0.0,0,0,5.0,0.2,0.0,0,0,0.0,0.0,0.0,0.0,0.8042,0.3559,0.0,0.0,3082.4,1779.79,2.2,2.2,0.7982,-0.3559,0.143,0.142,1.2,0.85,0.042,0.007,0.12909,0.01002,0.0,0.0,0.0,0.0,1,1.176,7,0,160.348,43.46938775510204,0.701,0.547,0.0,0.0,0.745,0.629,0.0,0.0,0.0,0.0,0.0,0.0,0.0,0.0,0.0,0.0,0.314,0.0,0.0,0.0,0.315,0.0,0.5850000000000001,-1.8881343956210146e-16,External_Hazard,Not_Applicable,0.0,0,-0.2,0,0.0,0.0,-0.44830000000000003,0.0,-1302.6100000000001,0.0,-1.1541000000000001,-0.0010000000000000009,-0.35,-0.035,-0.11907000000000001,0.0,0.0,-116.87861224489797,-0.15399999999999991,0.0,-0.11599999999999999,0.0,0.0,0.0,0.0,0.0,-0.314,0.0,-0.315,-0.5850000000000003,0.0,0.0,0.0,5.0,0.4,0.107,0.107,0.18,0.0,0.0,0.616,0.0,NaN,0.0,0.19,0.0,0.2,0.0,0.8588,0.0,2674.69,2.6,0.8588,0.131,0.0,0.0,0.32,0.0,0.0,0.695,0.0,0.0,0.0,0.205,14.0,2.8,2147.61,0.565,0.01389,0.2,0.0,1.0,1.471,7.0,0.0,0
20_RT,2,Q3,Animal,Squirrel,6,2.0,15.0,1,2,6,0,52,0,1,0.0,0.0,0,0,5.0,0.2,0.0,0,0,0.2,0.0,0.0,0.0,0.8501,1.0,0.0,0.0,3309.75,4143.09,2.1,2.2,0.8501,1.0,0.137,0.156,2.2,0.62,0.004,0.01,0.02671,0.0,0.0,0.0,0.0,0.0,1,1.619,6,0,520.082,122.53860407659047,0.786,1.271,0.0,0.0,0.0,0.0,0.0,0.0,0.0,0.0,0.0,0.0,0.0,0.0,1.038,0.0,0.0,0.052,0.44,0.0,0.0,0.253,0.5471999999999999,0.026559604694255667,External_Hazard,Not_Applicable,0.0,0,-0.2,0,-0.2,0.0,0.14990000000000003,0.0,833.3400000000001,0.10000000000000009,0.14990000000000003,0.01899999999999999,-1.58,0.006,-0.02671,0.0,0.0,-397.54339592340955,0.4849999999999999,0.0,0.0,0.0,0.0,0.0,0.0,-1.038,0.052,-0.44,0.253,-0.5206403953057442,0.0,0.0,0.0,5.0,0.2,0.0,0.345,0.544,0.0,0.0,0.548,0.0,NaN,0.0,0.42,0.0,0.0,0.0,0.148,0.0,2677.61,2.4,0.1469,0.136,0.0,0.357,0.673,0.0,0.0,0.601,0.0,0.0,0.0,0.428,15.0,3.0,2148.22,0.049,0.02788,0.0,0.0,1.0,1.176,7.0,0.0,0
21_RT,2,Q1,Name,Name1,6,35.0,0.0,5,3,0,0,92,1,0,0.0,0.0,0,0,5.0,0.2,0.361,0,0,0.2,0.361,0.0,0.0,0.7383,0.81,0.0,0.0,2579.4,3724.89,2.6,2.0,0.7353,0.81,0.174,0.114,2.6,2.52,0.312,0.089,0.09733,0.05201,0.2,0.0,0.0,0.0,1,2.773,6,0,351.526,574.1795888928958,0.0,0.0,0.0,0.0,0.0,0.0,0.0,0.0,0.0,0.0,0.0,0.0,0.0,0.0,0.0,0.0,0.0,0.0,0.0,0.0,0.0,0.0,1.0,1.0,Dashboard_Recall,Working_Memory,0.0,0,0.16099999999999998,0,0.16099999999999998,0.0,0.0717000000000001,0.0,1145.4899999999998,-0.6000000000000001,0.0747000000000001,-0.059999999999999984,-0.08000000000000007,-0.223,-0.04532,-0.2,0.0,222.6535888928958,0.0,0.0,0.0,0.0,0.0,0.0,0.0,0.0,0.0,0.0,0.0,0.0,NaN,NaN,NaN,NaN,NaN,NaN,NaN,NaN,NaN,NaN,NaN,NaN,NaN,NaN,NaN,NaN,NaN,NaN,NaN,NaN,NaN,NaN,NaN,NaN,NaN,NaN,NaN,NaN,NaN,NaN,NaN,NaN,NaN,NaN,NaN,NaN,NaN,NaN,NaN,NaN,NaN,NaN,NaN,NaN,NaN,1
21_RT,2,Q2,Sign,Blind,7,35.0,0.0,5,3,0,0,92,1,0,0.0,0.0,0,0,5.0,0.4,0.0,1,0,0.2,0.0,0.0,0.0,0.5417,0.5798,0.0,0.0,1907.47,2942.35,2.9,4.0,0.1964,0.5798,0.166,0.216,2.2,1.54,0.069,0.041,0.37208,0.03844,0.0,0.0,0.0,0.0,0,1.945,7,1,152.64000000000001,360.61182519280203,0.0,0.104,0.736,0.0,0.0,0.0,0.0,0.0,0.0,0.0,0.0,0.0,0.0,0.0,0.0,0.0,0.0,0.0,0.0,0.0,0.0,0.0,0.8528,0.9465295629820051,External_Hazard,Not_Applicable,0.0,0,-0.4,-1,-0.2,0.0,0.03810000000000002,0.0,1034.8799999999999,1.1,0.38339999999999996,0.04999999999999999,-0.6600000000000001,-0.028000000000000004,-0.33364000000000005,0.0,0.0,207.97182519280202,0.104,-0.736,0.0,0.0,0.0,0.0,0.0,0.0,0.0,0.0,0.0,0.09372956298200508,0.0,0.0,0.0,5.0,0.0,0.0,0.0,0.0,0.633,0.0,0.0,0.0,NaN,0.0,0.0,1.0,0.0,0.0,0.9399,0.0,2149.55,2.3,0.9399,0.161,0.0,0.0,0.0,0.573,0.0,0.0,0.0,0.0,0.0,0.0,8.0,1.6,757.4,0.143,0.01521,0.0,0.0,1.0,2.773,6.0,0.0,1
21_RT,2,Q3,Animal,Squirrel,7,35.0,0.0,5,3,0,0,92,1,0,0.0,0.0,0,0,5.0,0.2,0.383,1,1,0.2,0.383,0.0,0.0,0.9719,0.7327,0.0,0.0,1917.08,1855.74,3.6,1.9,0.9719,0.7327,0.191,0.045,2.4,0.57,0.122,1.985,0.00551,0.11573,0.0,0.191,0.0,71.0,1,5.227,7,0,230.07,38.058159556150756,0.0,2.428,0.0,0.039,0.0,0.0,0.0,0.0,0.0,0.0,0.0,0.0,0.0,0.0,0.0,0.0,0.0,0.0,0.104,0.0,0.0,0.0,0.9792,0.5280275492634399,External_Hazard,Not_Applicable,0.0,0,0.183,0,0.183,0.0,-0.23919999999999997,0.0,-61.33999999999992,-1.7000000000000002,-0.23919999999999997,-0.14600000000000002,-1.83,1.863,0.11022,0.191,71.0,-192.01184044384922,2.428,0.039,0.0,0.0,0.0,0.0,0.0,0.0,0.0,-0.104,0.0,-0.4511724507365601,0.0,0.0,0.0,5.0,0.0,0.0,0.0,0.0,0.497,0.0,0.0,0.0,NaN,0.0,0.0,1.0,0.0,0.0,0.961,0.0,1614.92,3.6,0.961,0.19,0.254,0.0,0.0,0.0,0.0,0.0,0.0,0.0,0.0,0.0,10.0,2.0,524.96,0.065,0.00644,0.0,0.0,0.0,1.945,7.0,1.0,1
22_RT,2,Q1,Name,Name1,7,11.0,0.0,2,4,3,0,65,1,0,0.0,0.0,0,0,5.0,0.2,0.0,0,0,0.2,0.0,0.0,0.0,0.9589,0.9511,0.0,0.0,3686.42,4210.44,2.6,2.5,0.9589,0.9511,0.163,0.132,2.6,3.2,0.129,0.032,0.00523,0.00201,0.0,0.0,0.0,0.0,1,1.873,7,0,532.488,700.4911906033102,0.0,0.299,0.0,0.0,0.0,0.0,0.0,0.0,0.0,0.0,0.031,0.109,0.0,0.0,0.332,0.035,0.134,0.198,0.0,0.0,1.483,0.0,0.604,0.6577682861719167,Dashboard_Recall,Visual_Search,0.0,0,-0.2,0,-0.2,0.0,-0.007800000000000029,0.0,524.0199999999995,-0.10000000000000009,-0.007800000000000029,-0.031,0.6000000000000001,-0.097,-0.00322,0.0,0.0,168.00319060331014,0.299,0.0,0.0,0.0,0.0,0.078,0.0,-0.29700000000000004,0.064,0.0,-1.483,0.05376828617191676,NaN,NaN,NaN,NaN,NaN,NaN,NaN,NaN,NaN,NaN,NaN,NaN,NaN,NaN,NaN,NaN,NaN,NaN,NaN,NaN,NaN,NaN,NaN,NaN,NaN,NaN,NaN,NaN,NaN,NaN,NaN,NaN,NaN,NaN,NaN,NaN,NaN,NaN,NaN,NaN,NaN,NaN,NaN,NaN,NaN,0
22_RT,2,Q2,Sign,Blind,7,11.0,0.0,2,4,3,0,65,1,0,0.0,0.0,0,0,5.0,0.4,0.0,0,0,0.0,0.0,0.0,0.0,0.0733,0.3249,0.0,0.0,2845.51,2677.21,2.6,2.7,0.0733,0.3249,0.148,0.133,2.4,2.32,0.009,0.007,0.00095,0.00836,0.0,0.0,0.0,0.0,1,1.296,7,0,233.06199999999998,293.7345679012346,1.601,0.454,0.0,0.0,0.572,0.133,0.0,0.0,0.0,0.0,0.0,0.0,0.0,0.0,0.0,0.0,0.0,0.039,0.0,0.0,0.439,0.071,0.47759999999999997,0.4621913580246914,External_Hazard,Not_Applicable,0.0,0,-0.4,0,0.0,0.0,0.25160000000000005,0.0,-168.30000000000018,0.10000000000000009,0.25160000000000005,-0.014999999999999986,-0.08000000000000007,-0.001999999999999999,0.007409999999999999,0.0,0.0,60.6725679012346,-1.147,0.0,-0.43899999999999995,0.0,0.0,0.0,0.0,0.0,0.039,0.0,-0.368,-0.015408641975308557,0.0,0.0,0.0,5.0,0.4,0.0,1.06,0.092,0.0,0.0,0.144,0.0,NaN,0.0,0.284,0.0,0.2,0.0,0.4668,0.0,2669.38,2.4,0.4668,0.15,0.0,0.641,0.128,0.0,0.0,0.167,0.0,0.0,0.0,0.376,14.0,2.8,1777.49,0.028,0.16625,0.0,0.0,1.0,1.873,7.0,0.0,0
22_RT,2,Q3,Animal,Squirrel,5,11.0,0.0,2,4,3,0,65,1,0,0.0,0.0,0,0,5.0,0.2,0.0,0,0,0.2,0.0,0.0,0.0,0.7359,0.8035,0.0,0.0,3005.7,3032.85,2.3,1.2,0.7359,0.8035,0.135,0.083,2.4,1.5,0.142,0.121,0.03738,0.00502,0.0,0.0,0.0,0.0,1,3.341,5,0,224.402,73.04699191858725,0.276,0.982,0.0,0.0,0.0,0.0,0.0,0.0,0.0,0.0,0.031,0.033,0.0,0.0,0.0,0.0,0.029,0.0,0.0,0.0,0.198,0.034,0.8932,0.6860221490571685,External_Hazard,Not_Applicable,0.0,0,-0.2,0,-0.2,0.0,0.0676,0.0,27.15000000000009,-1.0999999999999999,0.0676,-0.052000000000000005,-0.8999999999999999,-0.02099999999999999,-0.03236,0.0,0.0,-151.35500808141273,0.706,0.0,0.0,0.0,0.0,0.0020000000000000018,0.0,0.0,-0.029,0.0,-0.164,-0.20717785094283148,0.0,0.0,0.0,5.0,0.0,0.0,0.0,0.144,0.0,0.0,0.372,0.0,NaN,0.248,0.456,0.0,0.0,0.0,0.9993,0.0,3459.6,2.1,0.9993,0.136,0.0,0.0,0.26,0.0,0.083,0.441,0.0,0.0,0.294,0.537,17.0,3.4,2915.02,0.056,1e-05,0.0,0.0,1.0,1.296,7.0,0.0,0
23_RT,2,Q1,Name,Name1,5,4.0,0.0,2,1,0,0,64,1,0,0.0,0.0,0,0,5.0,0.2,0.0,0,0,0.2,0.0,0.0,0.0,0.8246,0.9875,0.0,0.0,2112.82,3421.98,1.8,2.2,0.8246,0.9875,0.118,0.129,1.4,1.34,0.02,0.008,0.02629,0.00025,0.2,0.0,15.1,0.0,1,1.496,5,0,86.322,131.04946524064172,0.0,0.099,0.0,0.0,0.0,0.0,0.0,0.0,0.0,0.0,0.0,0.0,0.0,0.0,0.0,0.0,0.0,0.0,0.0,0.0,0.0,0.0,1.0,0.9338235294117647,Dashboard_Recall,Visual_Search,0.0,0,-0.2,0,-0.2,0.0,0.16290000000000004,0.0,1309.1599999999999,0.40000000000000013,0.16290000000000004,0.01100000000000001,-0.05999999999999983,-0.012,-0.02604,-0.2,-15.1,44.72746524064172,0.099,0.0,0.0,0.0,0.0,0.0,0.0,0.0,0.0,0.0,0.0,-0.06617647058823528,NaN,NaN,NaN,NaN,NaN,NaN,NaN,NaN,NaN,NaN,NaN,NaN,NaN,NaN,NaN,NaN,NaN,NaN,NaN,NaN,NaN,NaN,NaN,NaN,NaN,NaN,NaN,NaN,NaN,NaN,NaN,NaN,NaN,NaN,NaN,NaN,NaN,NaN,NaN,NaN,NaN,NaN,NaN,NaN,NaN,0
23_RT,2,Q2,Sign,Blind,1,4.0,0.0,2,1,0,0,64,1,0,0.0,0.0,0,0,5.0,0.4,0.0,0,0,0.2,0.0,0.0,0.0,0.0664,0.7757,0.0,0.0,3089.37,3268.74,2.6,3.0,0.0144,0.7757,0.19,0.03,3.0,1.8,0.376,0.391,0.00623,0.04812,0.2,0.451,16.7,69.9,0,2.217,1,1,537.428,372.0027063599459,0.038,0.277,0.0,0.0,0.0,0.0,0.0,0.0,0.0,0.0,0.0,0.0,0.0,0.0,0.566,0.0,0.0,0.0,0.0,0.0,0.0,0.0,0.8792,0.8750563824988723,External_Hazard,Not_Applicable,0.0,0,-0.4,0,-0.2,0.0,0.7092999999999999,0.0,179.3699999999999,0.3999999999999999,0.7613,-0.16,-1.2,0.015000000000000013,0.041890000000000004,0.251,53.2,-165.42529364005412,0.23900000000000002,0.0,0.0,0.0,0.0,0.0,0.0,-0.566,0.0,0.0,0.0,-0.004143617501127683,0.0,0.0,0.0,5.0,0.4,0.0,0.0,0.0,0.0,0.0,0.34,0.0,NaN,0.0,0.0,0.0,0.2,0.0,0.5726,0.0,2629.23,2.4,0.5246,0.136,0.0,0.0,0.0,0.0,0.0,0.303,0.0,0.0,0.0,0.0,11.0,2.2,1447.73,0.166,0.23945,0.4,26.1,1.0,1.496,5.0,0.0,0
23_RT,2,Q3,Animal,Squirrel,2,4.0,0.0,2,1,0,0,64,1,0,0.0,0.0,0,0,5.0,0.2,0.705,0,0,0.2,0.0,0.0,0.0,0.9445,0.3204,0.0,0.0,3551.01,0.0,2.2,2.2,0.9445,0.3204,0.149,0.153,1.8,0.0,0.253,0.013,0.01088,0.00077,0.4,0.0,38.2,0.0,0,1.419,2,1,502.64799999999997,0.0,0.46,0.03,0.0,0.0,0.0,0.0,0.0,0.0,0.0,0.0,0.0,0.0,0.112,0.0,0.158,0.0,0.0,0.0,0.795,0.0,0.0,0.0,0.695,0.9788583509513742,External_Hazard,Not_Applicable,0.0,0,0.5049999999999999,0,-0.2,0.0,-0.6241,0.0,-3551.01,0.0,-0.6241,0.0040000000000000036,-1.8,-0.24,-0.010110000000000001,-0.4,-38.2,-502.64799999999997,-0.43000000000000005,0.0,0.0,0.0,0.0,0.0,-0.112,-0.158,0.0,-0.795,0.0,0.28385835095137424,0.0,0.0,0.0,5.0,0.4,0.0,0.0,0.0,0.0,0.0,0.0,0.06,NaN,0.0,0.0,0.0,0.2,0.0,0.7697,0.0,2020.8,2.4,0.7697,0.255,0.0,0.0,0.0,0.0,0.0,0.0,0.0,0.0,0.0,0.0,14.0,2.8,1773.84,0.2,0.06627,0.6,9.6,0.0,2.217,1.0,1.0,0
24_RT,2,Q1,Name,Name1,4,3.0,3.0,1,1,1,0,83,1,0,12.0,0.0,0,0,5.0,0.2,0.0,0,0,0.0,0.0,0.0,0.0,0.8349,0.7276,0.0,0.0,3059.81,3305.77,1.4,1.9,0.8349,0.7276,0.104,0.123,2.2,2.36,0.018,0.012,0.06686,0.04185,0.0,0.0,0.0,0.0,1,1.698,4,0,282.174,447.83274440518255,0.0,0.196,0.0,0.0,0.0,0.0,0.0,0.0,0.0,0.0,0.103,0.074,0.0,0.0,0.0,0.0,0.334,0.0,0.0,0.0,0.0,0.0,0.9126,0.8409893992932862,Dashboard_Recall,Visual_Search,-12.0,0,-0.2,0,0.0,0.0,-0.10729999999999995,0.0,245.96000000000004,0.5,-0.10729999999999995,0.019000000000000003,0.1599999999999997,-0.005999999999999998,-0.025010000000000004,0.0,0.0,165.65874440518257,0.196,0.0,0.0,0.0,0.0,-0.028999999999999998,0.0,0.0,-0.334,0.0,0.0,-0.07161060070671377,NaN,NaN,NaN,NaN,NaN,NaN,NaN,NaN,NaN,NaN,NaN,NaN,NaN,NaN,NaN,NaN,NaN,NaN,NaN,NaN,NaN,NaN,NaN,NaN,NaN,NaN,NaN,NaN,NaN,NaN,NaN,NaN,NaN,NaN,NaN,NaN,NaN,NaN,NaN,NaN,NaN,NaN,NaN,NaN,NaN,0
24_RT,2,Q2,Sign,Blind,7,3.0,3.0,1,1,1,0,83,1,0,12.0,0.0,0,0,5.0,0.4,0.0,0,0,0.2,0.0,0.0,0.0,0.1385,0.081,0.0,0.0,2691.48,3293.91,1.9,1.8,-0.096,0.081,0.113,0.124,1.4,1.35,0.015,0.001,0.04023,2e-05,0.0,0.0,0.0,0.0,1,1.477,7,0,156.654,135.47731888964114,1.865,0.0,0.0,0.0,0.0,0.0,0.0,0.0,0.0,0.0,0.0,0.06,0.031,0.0,0.336,0.0,0.068,0.0,0.0,0.0,0.0,0.0,0.54,0.95937711577522,External_Hazard,Not_Applicable,-12.0,0,-0.4,0,-0.2,0.0,-0.05750000000000001,0.0,602.4299999999998,-0.09999999999999987,0.177,0.010999999999999996,-0.04999999999999982,-0.013999999999999999,-0.04021,0.0,0.0,-21.176681110358857,-1.865,0.0,0.0,0.0,0.0,0.06,-0.031,-0.336,-0.068,0.0,0.0,0.41937711577521997,1.0,12.0,0.0,5.0,0.0,0.0,0.0,0.0,0.0,0.0,0.0,0.0,NaN,0.0,0.0,0.0,0.0,0.0,1.0,0.0,3157.34,1.4,1.0,0.111,0.0,0.0,0.0,0.0,0.04,0.0,0.0,0.0,0.0,0.0,4.0,0.8,250.91,0.107,0.0,0.0,0.0,1.0,1.698,4.0,0.0,0
24_RT,2,Q3,Animal,Squirrel,4,3.0,3.0,1,1,1,0,83,1,0,0.0,0.0,0,0,5.0,0.0,0.381,0,0,0.0,0.0,0.0,0.0,0.9909,0.5857,0.0,0.0,1601.62,4163.94,1.8,1.2,0.9909,0.5857,0.145,0.017,1.2,0.38,1.113,0.152,0.00039,0.05961,0.4,0.0,20.9,100.0,0,2.621,4,1,64.196,3.5635253719954214,0.219,1.174,0.0,0.0,0.0,0.0,0.0,0.0,0.0,0.0,0.0,0.059,0.0,0.0,0.0,0.0,0.0,0.0,0.0,0.0,0.0,0.0,0.9561999999999999,0.5295688668447158,External_Hazard,Not_Applicable,0.0,0,0.381,0,0.0,0.0,-0.4052,0.0,2562.3199999999997,-0.6000000000000001,-0.4052,-0.128,-0.82,-0.961,0.05922,-0.4,79.1,-60.63247462800457,0.955,0.0,0.0,0.0,0.0,0.059,0.0,0.0,0.0,0.0,0.0,-0.4266311331552841,0.0,0.0,0.0,5.0,0.2,0.0,0.24,0.0,0.0,0.0,0.176,0.0,NaN,0.0,0.0,0.0,0.2,0.0,0.7428,0.0,3310.37,2.2,0.7428,0.135,0.0,0.249,0.0,0.0,0.03,0.226,0.0,0.0,0.0,0.0,9.0,1.8,1702.38,0.074,0.11748,0.0,0.0,1.0,1.477,7.0,0.0,0
25_RT,2,Q1,Name,Name1,3,47.0,0.0,5,3,0,0,58,0,1,0.0,0.0,0,0,5.0,0.2,0.0,0,0,0.2,0.0,0.0,0.0,0.801,1.0,0.0,0.0,1329.31,2492.04,2.0,2.0,0.801,1.0,0.127,0.268,1.2,3.24,0.084,0.482,0.02322,0.0,0.0,0.0,2.8,0.0,0,1.851,3,1,40.874,665.8022690437601,0.0,0.165,0.0,0.0,0.0,0.0,0.0,0.0,0.0,0.0,0.0,0.0,0.0,0.0,0.0,0.133,0.0,0.0,0.0,0.0,0.0,0.0,1.0,0.8390059427336575,Dashboard_Recall,Visual_Search,0.0,0,-0.2,0,-0.2,0.0,0.19899999999999995,0.0,1162.73,0.0,0.19899999999999995,0.14100000000000001,2.04,0.39799999999999996,-0.02322,0.0,-2.8,624.9282690437601,0.165,0.0,0.0,0.0,0.0,0.0,0.0,0.133,0.0,0.0,0.0,-0.16099405726634253,NaN,NaN,NaN,NaN,NaN,NaN,NaN,NaN,NaN,NaN,NaN,NaN,NaN,NaN,NaN,NaN,NaN,NaN,NaN,NaN,NaN,NaN,NaN,NaN,NaN,NaN,NaN,NaN,NaN,NaN,NaN,NaN,NaN,NaN,NaN,NaN,NaN,NaN,NaN,NaN,NaN,NaN,NaN,NaN,NaN,0
25_RT,2,Q2,Sign,Blind,4,47.0,0.0,5,3,0,0,58,0,1,0.0,0.0,0,0,5.0,0.4,0.0,0,0,0.0,0.0,0.0,0.0,0.0972,0.4044,0.0,0.0,2354.75,1467.31,2.8,3.4,0.0972,0.4044,0.162,0.18,1.2,3.33,0.066,0.009,0.002,0.00149,0.0,0.0,0.0,0.0,1,0.901,4,0,123.224,295.7380688124306,0.603,0.0,0.0,0.0,0.0,0.0,0.0,0.0,0.0,0.0,0.0,0.0,0.0,0.0,0.0,0.0,0.111,0.082,0.0,0.0,0.0,0.039,0.8572,0.8657047724750278,External_Hazard,Not_Applicable,0.0,0,-0.4,0,0.0,0.0,0.3072,0.0,-887.44,0.6000000000000001,0.3072,0.017999999999999988,2.13,-0.057,-0.00051,0.0,0.0,172.5140688124306,-0.603,0.0,0.0,0.0,0.0,0.0,0.0,0.0,-0.028999999999999998,0.0,0.039,0.008504772475027789,0.0,0.0,0.0,5.0,0.4,0.0,0.387,0.0,0.0,0.0,0.0,0.0,NaN,0.0,0.0,0.0,0.2,0.0,0.5156,0.0,1655.44,3.0,0.5156,0.147,0.0,0.236,0.0,0.0,0.0,0.0,0.0,0.0,0.0,0.0,5.0,1.0,236.77,0.071,0.15139,0.2,0.0,0.0,1.851,3.0,1.0,0
25_RT,2,Q3,Animal,Squirrel,4,47.0,0.0,5,3,0,0,58,0,1,0.0,0.0,0,0,5.0,0.0,0.0,0,0,0.0,0.0,0.0,0.0,0.8891,0.4668,0.0,0.0,1130.26,1659.02,2.5,2.2,0.8891,0.4668,0.172,0.025,0.4,0.64,0.152,0.234,0.03843,0.05166,0.0,0.0,0.0,76.4,1,1.568,4,0,8.49,35.80357142857143,0.0,1.272,0.0,0.0,0.0,0.0,0.0,0.0,0.0,0.0,0.0,0.0,0.0,0.0,0.0,0.0,0.0,0.0,0.365,0.243,0.0,0.0,0.9269999999999999,0.033801020408163227,External_Hazard,Not_Applicable,0.0,0,0.0,0,0.0,0.0,-0.4223,0.0,528.76,-0.2999999999999998,-0.4223,-0.147,0.24,0.08200000000000002,0.013229999999999999,0.0,76.4,27.31357142857143,1.272,0.0,0.0,0.0,0.0,0.0,0.0,0.0,0.0,-0.122,0.0,-0.8931989795918367,0.0,0.0,0.0,5.0,0.4,0.0,0.0,0.0,0.0,0.0,0.0,0.0,NaN,0.0,0.0,0.0,0.2,0.0,0.7733,0.0,1297.59,2.5,0.7733,0.133,0.0,0.0,0.0,0.0,0.0,0.0,0.0,0.0,0.0,0.0,6.0,1.2,195.59,0.16,0.03844,0.0,10.7,1.0,0.901,4.0,0.0,0
26_RT,2,Q1,Name,Name1,5,6.0,9.0,1,1,0,0,81,0,1,12.0,36.9,0,0,5.0,0.4,0.0,0,0,0.2,0.0,0.0,0.0,0.8789,0.8762,0.0,0.0,2518.67,1706.24,2.2,2.7,0.8789,0.8762,0.155,0.124,2.8,1.23,0.301,0.035,0.00554,0.00795,0.4,0.0,12.0,32.5,1,1.626,5,0,256.21,25.91635916359164,0.0,0.0,0.0,0.0,0.0,0.0,0.0,0.0,0.0,0.0,0.0,0.0,0.0,0.0,0.0,0.0,0.231,0.0,0.0,0.0,0.0,0.0,0.9538,1.0,Dashboard_Recall,Working_Memory,24.9,0,-0.4,0,-0.2,0.0,-0.0027000000000000357,0.0,-812.4300000000001,0.5,-0.0027000000000000357,-0.031,-1.5699999999999998,-0.266,0.0024100000000000007,-0.4,20.5,-230.29364083640834,0.0,0.0,0.0,0.0,0.0,0.0,0.0,0.0,-0.231,0.0,0.0,0.04620000000000002,NaN,NaN,NaN,NaN,NaN,NaN,NaN,NaN,NaN,NaN,NaN,NaN,NaN,NaN,NaN,NaN,NaN,NaN,NaN,NaN,NaN,NaN,NaN,NaN,NaN,NaN,NaN,NaN,NaN,NaN,NaN,NaN,NaN,NaN,NaN,NaN,NaN,NaN,NaN,NaN,NaN,NaN,NaN,NaN,NaN,0
26_RT,2,Q2,Sign,Blind,7,6.0,9.0,1,1,0,0,81,0,1,0.0,0.0,0,0,5.0,0.4,0.0,0,0,0.2,0.0,0.0,0.0,0.0868,0.5513,0.0,0.0,2523.57,4280.68,2.7,2.7,0.0594,0.5513,0.154,0.135,2.0,1.6,0.142,0.006,0.00843,0.00135,0.0,0.0,0.0,0.0,1,1.248,7,0,190.738,400.76121794871796,0.969,0.039,0.0,0.0,0.658,0.0,0.0,0.0,0.0,0.0,0.0,0.0,0.0,0.0,0.0,0.0,0.0,0.0,0.0,0.0,0.0,0.0,0.6746000000000001,0.9687500000000001,External_Hazard,Not_Applicable,0.0,0,-0.4,0,-0.2,0.0,0.4645,0.0,1757.1100000000001,0.0,0.4919,-0.01899999999999999,-0.3999999999999999,-0.13599999999999998,-0.0070799999999999995,0.0,0.0,210.02321794871796,-0.9299999999999999,0.0,-0.658,0.0,0.0,0.0,0.0,0.0,0.0,0.0,0.0,0.29415,1.0,12.0,0.0,5.0,0.2,0.0,0.0,0.0,0.0,0.0,0.196,0.0,NaN,0.0,0.0,0.0,0.0,0.0,0.7667,0.0,3300.95,2.0,0.7605,0.144,0.0,0.0,0.0,0.0,0.0,0.243,0.0,0.0,0.0,0.0,12.0,2.4,2501.13,0.439,0.14587,0.4,21.6,1.0,1.626,5.0,0.0,0
26_RT,2,Q3,Animal,Squirrel,3,6.0,9.0,1,1,0,0,81,0,1,0.0,0.0,0,0,5.0,0.2,0.521,0,0,0.2,0.0,0.0,0.0,0.9041,0.4253,0.0,0.0,2433.44,1195.27,2.6,2.6,0.9041,0.4253,0.149,0.137,2.6,0.52,0.032,0.003,0.0109,0.00024,0.0,0.0,0.0,0.0,1,1.918,3,0,345.268,13.873826903023984,0.0,1.352,0.0,0.0,0.0,0.0,0.0,0.0,0.0,0.0,0.0,0.0,0.0,0.0,0.058,0.0,0.181,0.0,0.38,0.161,0.0,0.0,0.8762000000000001,0.21115745568300304,External_Hazard,Not_Applicable,0.0,0,0.321,0,-0.2,0.0,-0.4788,0.0,-1238.17,0.0,-0.4788,-0.011999999999999983,-2.08,-0.029,-0.01066,0.0,0.0,-331.394173096976,1.352,0.0,0.0,0.0,0.0,0.0,0.0,-0.058,-0.181,-0.219,0.0,-0.665042544316997,1.0,12.0,0.0,5.0,0.4,0.0,0.0,0.0,0.0,0.0,0.0,0.0,NaN,0.0,0.0,0.0,0.0,0.0,0.7745,0.0,2625.05,2.6,0.7745,0.159,0.0,0.0,0.0,0.0,0.0,0.43,0.0,0.0,0.0,0.0,12.0,2.4,1892.0,0.066,0.00705,0.0,0.0,1.0,1.248,7.0,0.0,1
27_RT,2,Q1,Name,Name1,7,12.0,20.0,2,3,5,0,53,0,1,0.0,0.0,0,0,5.0,0.2,0.0,0,0,0.0,0.0,0.0,0.0,0.8295,1.0,0.0,0.0,1949.09,4854.1,1.9,1.7,0.8295,1.0,0.121,0.119,1.2,1.24,0.005,0.001,0.00892,0.0,0.0,0.0,0.0,0.0,1,1.607,7,0,79.588,525.0528935905414,0.0,0.325,0.0,0.0,0.0,0.0,0.0,0.0,0.0,0.0,0.0,0.0,0.0,0.0,0.0,0.0,0.202,0.0,0.0,0.0,0.0,0.0,0.9596,0.7977598008711886,Dashboard_Recall,Visual_Search,0.0,0,-0.2,0,0.0,0.0,0.17049999999999998,0.0,2905.01,-0.19999999999999996,0.17049999999999998,-0.0020000000000000018,0.040000000000000036,-0.004,-0.00892,0.0,0.0,445.46489359054146,0.325,0.0,0.0,0.0,0.0,0.0,0.0,0.0,-0.202,0.0,0.0,-0.16184019912881142,NaN,NaN,NaN,NaN,NaN,NaN,NaN,NaN,NaN,NaN,NaN,NaN,NaN,NaN,NaN,NaN,NaN,NaN,NaN,NaN,NaN,NaN,NaN,NaN,NaN,NaN,NaN,NaN,NaN,NaN,NaN,NaN,NaN,NaN,NaN,NaN,NaN,NaN,NaN,NaN,NaN,NaN,NaN,NaN,NaN,0
27_RT,2,Q2,Sign,Blind,7,12.0,20.0,2,3,5,0,53,0,1,0.0,0.0,0,0,5.0,0.0,0.0,0,0,0.0,0.0,0.0,0.0,0.0365,0.1146,0.0,0.0,2720.66,2252.33,1.6,1.7,0.0365,0.1146,0.111,0.108,2.0,1.48,0.003,0.001,0.00018,0.0003,0.0,0.0,0.0,0.0,1,1.351,7,0,245.998,137.37231680236863,1.641,0.031,0.0,0.0,0.179,0.0,0.0,0.0,0.0,0.0,0.0,0.0,0.0,0.0,0.0,0.0,0.241,0.122,0.0,0.0,0.038,0.0,0.5802,0.8867505551443375,External_Hazard,Not_Applicable,0.0,0,0.0,0,0.0,0.0,0.0781,0.0,-468.3299999999999,0.09999999999999987,0.0781,-0.0030000000000000027,-0.52,-0.002,0.00011999999999999996,0.0,0.0,-108.62568319763136,-1.61,0.0,-0.179,0.0,0.0,0.0,0.0,0.0,-0.119,0.0,-0.038,0.3065505551443375,0.0,0.0,0.0,5.0,0.0,0.0,0.0,0.0,0.0,0.0,0.48,0.0,NaN,0.112,0.0,0.0,0.0,0.0,1.0,0.0,3366.39,1.4,1.0,0.104,0.0,0.0,0.0,0.0,0.0,0.277,0.0,0.0,0.139,0.0,10.0,2.0,2922.55,0.032,0.0,0.0,0.0,1.0,1.607,7.0,0.0,0
27_RT,2,Q3,Animal,Squirrel,6,12.0,20.0,2,3,5,0,53,0,1,0.0,0.0,0,0,5.0,0.2,0.0,0,0,0.2,0.0,0.0,0.0,0.7625,0.9266,0.0,0.0,2451.27,0.0,1.6,1.6,0.7625,0.9266,0.114,0.104,1.8,0.0,0.001,0.002,0.01498,0.00115,0.0,0.0,0.0,0.0,1,1.393,6,0,273.722,0.0,0.539,1.393,0.0,0.0,0.0,0.0,0.0,0.0,0.0,0.0,0.0,0.0,0.0,0.0,0.0,0.0,0.0,0.0,0.61,0.0,0.0,0.0,0.7702,0.0,External_Hazard,Not_Applicable,0.0,0,-0.2,0,-0.2,0.0,0.16410000000000002,0.0,-2451.27,0.0,0.16410000000000002,-0.010000000000000009,-1.8,0.001,-0.01383,0.0,0.0,-273.722,0.854,0.0,0.0,0.0,0.0,0.0,0.0,0.0,0.0,-0.61,0.0,-0.7702,0.0,0.0,0.0,5.0,0.2,0.0,0.418,0.168,0.0,0.0,0.732,0.0,NaN,0.292,0.0,0.0,0.2,0.0,0.8813,0.0,3021.62,1.4,0.8813,0.117,0.0,0.137,0.24,0.0,0.0,0.606,0.0,0.0,0.223,0.0,13.0,2.6,2468.1,0.019,0.04415,0.0,0.0,1.0,1.351,7.0,0.0,0
28_RT,2,Q1,Name,Name1,4,5.0,0.0,1,4,0,0,43,0,1,0.0,0.0,0,0,5.0,0.4,0.0,0,0,0.0,0.0,0.0,0.0,0.8736,0.9995,0.0,0.0,2880.23,3003.61,2.6,2.1,0.8736,0.9995,0.147,0.154,2.0,0.82,0.077,0.004,0.01313,0.0,0.0,0.0,0.0,0.0,1,1.225,4,0,239.776,261.934693877551,0.0,0.011,0.0,0.0,0.0,0.0,0.0,0.0,0.0,0.0,0.0,0.0,0.0,0.0,0.0,0.098,0.201,0.0,0.0,0.0,0.45,0.0,0.8698,0.9110204081632653,Dashboard_Recall,Visual_Search,0.0,0,-0.4,0,0.0,0.0,0.1259,0.0,123.38000000000011,-0.5,0.1259,0.007000000000000006,-1.1800000000000002,-0.073,-0.01313,0.0,0.0,22.158693877551002,0.011,0.0,0.0,0.0,0.0,0.0,0.0,0.098,-0.201,0.0,-0.45,0.04122040816326533,NaN,NaN,NaN,NaN,NaN,NaN,NaN,NaN,NaN,NaN,NaN,NaN,NaN,NaN,NaN,NaN,NaN,NaN,NaN,NaN,NaN,NaN,NaN,NaN,NaN,NaN,NaN,NaN,NaN,NaN,NaN,NaN,NaN,NaN,NaN,NaN,NaN,NaN,NaN,NaN,NaN,NaN,NaN,NaN,NaN,0
28_RT,2,Q2,Sign,Blind,7,5.0,0.0,1,4,0,0,43,0,1,0.0,0.0,0,0,5.0,0.4,0.0,0,0,0.2,0.0,0.0,0.0,0.2064,0.1236,0.0,0.0,3179.59,0.0,2.9,2.9,0.2064,0.1236,0.156,0.156,0.8,0.0,0.018,0.0,0.04357,0.00011,0.0,0.0,0.0,0.0,1,0.954,7,0,109.526,0.0,0.238,0.577,0.0,0.0,0.0,0.0,0.0,0.0,0.0,0.0,0.0,0.0,0.0,0.0,0.0,0.0,0.105,0.0,0.0,0.0,0.068,0.0,0.9178000000000001,0.3951781970649895,External_Hazard,Not_Applicable,0.0,0,-0.4,0,-0.2,0.0,-0.0828,0.0,-3179.59,0.0,-0.0828,0.0,-0.8,-0.018,-0.04346,0.0,0.0,-109.526,0.33899999999999997,0.0,0.0,0.0,0.0,0.0,0.0,0.0,-0.105,0.0,-0.068,-0.5226218029350105,0.0,0.0,0.0,5.0,0.2,0.0,2.091,0.0,0.0,0.0,0.0,0.453,NaN,0.0,0.0,0.0,0.2,0.0,0.48,0.0,3152.61,2.8,0.48,0.163,0.0,0.034,0.0,0.0,0.0,0.0,0.492,0.0,0.0,0.0,4.0,0.8,735.45,0.1,0.12988,0.0,0.0,1.0,1.225,4.0,0.0,0
28_RT,2,Q3,Animal,Squirrel,5,5.0,0.0,1,4,0,0,43,0,1,0.0,0.0,0,0,5.0,0.2,0.0,0,0,0.2,0.0,0.0,0.0,0.8774,0.5049,0.0,0.0,2450.04,0.0,2.5,2.5,0.8774,0.5049,0.151,0.153,1.4,0.0,0.016,0.006,0.02262,0.00187,0.0,0.0,0.0,0.0,1,1.303,5,0,127.718,0.0,0.024,0.346,0.0,0.0,0.0,0.0,0.0,0.0,0.0,0.0,0.0,0.0,0.0,0.0,0.0,0.0,0.271,0.0,0.136,0.0,0.0,0.0,0.9138,0.7344589409056025,External_Hazard,Not_Applicable,0.0,0,-0.2,0,-0.2,0.0,-0.37249999999999994,0.0,-2450.04,0.0,-0.37249999999999994,0.0020000000000000018,-1.4,-0.01,-0.02075,0.0,0.0,-127.718,0.32199999999999995,0.0,0.0,0.0,0.0,0.0,0.0,0.0,-0.271,-0.136,0.0,-0.17934105909439746,0.0,0.0,0.0,5.0,0.2,0.0,1.018,0.312,0.0,0.0,0.0,0.0,NaN,0.0,0.0,0.0,0.2,0.0,0.7638,0.0,2974.64,2.7,0.7638,0.161,0.0,0.72,0.342,0.0,0.0,0.0,0.0,0.0,0.0,0.0,7.0,1.4,895.03,0.007,0.05073,0.0,0.0,1.0,0.954,7.0,0.0,0
29_RT,2,Q1,Name,Name1,6,26.5,0.0,3,4,0,0,76,0,1,0.0,0.0,0,0,5.0,0.4,0.0,0,0,0.4,0.0,0.0,0.0,0.7785,1.0,0.0,0.0,2870.23,2564.45,2.5,2.9,0.7785,1.0,0.166,0.148,1.6,2.51,0.289,0.03,0.023,0.0,0.0,0.0,0.0,0.0,1,2.39,6,0,218.564,459.66945606694554,0.0,0.033,0.0,0.0,0.0,0.0,0.0,0.0,0.0,0.0,0.0,0.0,0.0,0.0,0.0,0.101,0.242,0.0,0.0,0.0,0.323,0.0,0.8870000000000001,0.9439330543933054,Dashboard_Recall,Visual_Search,0.0,0,-0.4,0,-0.4,0.0,0.22150000000000003,0.0,-305.7800000000002,0.3999999999999999,0.22150000000000003,-0.018000000000000016,0.9099999999999997,-0.259,-0.023,0.0,0.0,241.10545606694555,0.033,0.0,0.0,0.0,0.0,0.0,0.0,0.101,-0.242,0.0,-0.323,0.056933054393305316,NaN,NaN,NaN,NaN,NaN,NaN,NaN,NaN,NaN,NaN,NaN,NaN,NaN,NaN,NaN,NaN,NaN,NaN,NaN,NaN,NaN,NaN,NaN,NaN,NaN,NaN,NaN,NaN,NaN,NaN,NaN,NaN,NaN,NaN,NaN,NaN,NaN,NaN,NaN,NaN,NaN,NaN,NaN,NaN,NaN,0
29_RT,2,Q2,Sign,Blind,7,26.5,0.0,3,4,0,0,76,0,1,0.0,0.0,0,0,5.0,0.4,0.0,0,0,0.4,0.0,0.0,0.0,0.3299,0.0943,0.0,0.0,2575.79,3525.25,2.8,3.0,0.2371,0.0943,0.16,0.158,1.8,2.57,0.044,0.0,0.15923,0.00145,0.0,0.0,0.0,0.0,1,1.169,7,0,250.07199999999997,430.85543199315657,0.618,0.271,0.0,0.0,0.195,0.029,0.0,0.0,0.0,0.0,0.0,0.0,0.0,0.0,0.363,0.0,0.0,0.0,0.0,0.0,0.0,0.0,0.7647999999999999,0.7433704020530367,External_Hazard,Not_Applicable,0.0,0,-0.4,0,-0.4,0.0,-0.23560000000000003,0.0,949.46,0.20000000000000018,-0.1428,-0.0020000000000000018,0.7699999999999998,-0.044,-0.15778,0.0,0.0,180.7834319931566,-0.347,0.0,-0.166,0.0,0.0,0.0,0.0,-0.363,0.0,0.0,0.0,-0.021429597946963197,0.0,0.0,0.0,5.0,0.4,0.92,0.0,0.0,0.0,0.0,0.232,0.0,NaN,0.0,0.0,0.0,0.2,0.0,0.5656,0.0,2585.42,2.7,0.4726,0.16,0.067,0.069,0.0,0.0,0.0,0.363,0.0,0.0,0.0,0.0,10.0,2.0,1339.0,0.038,0.24104,0.0,0.0,1.0,2.39,6.0,0.0,0
29_RT,2,Q3,Animal,Squirrel,2,26.5,0.0,3,4,0,0,76,0,1,0.0,0.0,0,0,5.0,0.4,0.549,0,0,0.4,0.549,0.0,0.0,0.8182,0.4651,0.0,0.0,3866.89,1494.96,3.1,2.9,0.8182,0.4651,0.177,0.142,1.6,1.1,0.006,0.009,0.05669,0.04074,0.0,0.0,0.0,0.0,1,1.822,2,0,455.186,46.531284302963776,0.0,0.848,0.0,0.0,0.0,0.0,0.0,0.0,0.0,0.0,0.0,0.0,0.0,0.0,0.606,0.0,0.221,0.0,0.0,0.064,0.117,0.0,0.8112,0.49945115257958295,External_Hazard,Not_Applicable,0.0,0,0.14900000000000002,0,0.14900000000000002,0.0,-0.3531,0.0,-2371.93,-0.20000000000000018,-0.3531,-0.035,-0.5,0.002999999999999999,-0.01595,0.0,0.0,-408.6547156970362,0.848,0.0,0.0,0.0,0.0,0.0,0.0,-0.606,-0.221,0.064,-0.117,-0.3117488474204171,0.0,0.0,0.0,5.0,0.4,0.0,0.0,0.0,0.0,0.0,0.328,0.0,NaN,0.0,0.436,0.0,0.4,0.0,0.6665,0.0,3528.13,3.2,0.6665,0.178,0.0,0.0,0.039,0.0,0.0,0.368,0.0,0.0,0.0,0.512,8.0,1.6,1686.18,0.008,0.0646,0.0,0.0,1.0,1.169,7.0,0.0,0
30_RT,2,Q1,Name,Name1,4,43.0,0.0,5,2,0,0,46,1,0,48.0,50.79,0,0,5.0,0.0,0.0,0,0,0.0,0.0,0.0,0.0,0.836,0.8515,0.0,0.0,2305.03,3168.46,1.4,1.4,0.836,0.8515,0.136,0.106,2.4,4.02,0.288,0.253,0.03697,0.02531,0.4,0.423,11.6,24.9,1,4.725,4,0,150.93,648.2433862433862,0.0,0.133,0.0,0.0,0.0,0.0,0.0,0.0,0.0,0.0,0.0,0.037,0.0,0.0,0.0,0.0,0.0,0.07,0.0,0.0,0.0,0.395,1.0,0.8656084656084656,Dashboard_Recall,Visual_Search,2.789999999999999,0,0.0,0,0.0,0.0,0.01550000000000007,0.0,863.4299999999998,0.0,0.01550000000000007,-0.030000000000000013,1.6199999999999997,-0.034999999999999976,-0.011660000000000004,0.022999999999999965,13.299999999999999,497.3133862433862,0.133,0.0,0.0,0.0,0.0,0.037,0.0,0.0,0.07,0.0,0.395,-0.1343915343915344,NaN,NaN,NaN,NaN,NaN,NaN,NaN,NaN,NaN,NaN,NaN,NaN,NaN,NaN,NaN,NaN,NaN,NaN,NaN,NaN,NaN,NaN,NaN,NaN,NaN,NaN,NaN,NaN,NaN,NaN,NaN,NaN,NaN,NaN,NaN,NaN,NaN,NaN,NaN,NaN,NaN,NaN,NaN,NaN,NaN,1
30_RT,2,Q2,Sign,Blind,7,43.0,0.0,5,2,0,0,46,1,0,36.0,0.0,0,0,5.0,0.4,0.0,0,0,0.2,0.0,0.0,0.0,0.1345,0.1683,0.0,0.0,2660.36,0.0,1.8,2.0,0.0765,0.1683,0.106,0.139,2.2,0.0,0.327,0.007,0.01491,0.0,0.4,0.0,31.2,0.0,1,0.839,7,0,272.294,0.0,0.0,0.755,0.0,0.0,0.266,0.0,0.0,0.0,0.0,0.0,0.0,0.0,0.0,0.0,0.0,0.0,0.0,0.0,0.0,0.0,0.0,0.0,0.9468,0.10011918951132297,External_Hazard,Not_Applicable,-36.0,0,-0.4,0,-0.2,0.0,0.0338,0.0,-2660.36,0.19999999999999996,0.0918,0.033000000000000015,-2.2,-0.32,-0.01491,-0.4,-31.2,-272.294,0.755,0.0,-0.266,0.0,0.0,0.0,0.0,0.0,0.0,0.0,0.0,-0.846680810488677,6.0,72.0,0.0,5.0,0.0,0.0,0.0,0.0,0.322,0.0,0.0,0.0,NaN,0.0,0.0,1.0,0.0,0.0,0.9991,0.0,3223.14,1.5,0.9991,0.099,0.0,0.0,0.102,0.0,0.0,0.0,0.0,0.0,0.0,0.0,16.0,3.2,2173.4,0.416,0.0,0.4,42.7,1.0,4.725,4.0,0.0,0
30_RT,2,Q3,Animal,Squirrel,5,43.0,0.0,5,2,0,0,46,1,0,48.0,13.76,0,0,5.0,0.2,0.0,0,0,0.2,0.0,0.0,0.0,0.9644,1.0,0.0,0.0,3296.98,2657.67,1.7,1.1,0.9644,1.0,0.1,0.065,2.4,0.92,0.181,0.2,0.00856,0.0,0.4,0.459,32.9,61.2,1,4.362,5,0,373.402,58.936267767079315,0.0,1.208,0.0,0.0,0.0,0.0,0.0,0.0,0.0,0.0,0.0,0.0,0.0,0.0,0.0,0.0,0.039,0.0,0.0,0.242,0.0,0.0,0.9922000000000001,0.667583677212288,External_Hazard,Not_Applicable,-34.24,0,-0.2,0,-0.2,0.0,0.035599999999999965,0.0,-639.31,-0.5999999999999999,0.035599999999999965,-0.035,-1.48,0.019000000000000017,-0.00856,0.059,28.300000000000004,-314.4657322329207,1.208,0.0,0.0,0.0,0.0,0.0,0.0,0.0,-0.039,0.242,0.0,-0.32461632278771213,5.0,60.0,0.0,5.0,0.4,0.0,0.0,0.0,0.0,0.0,0.0,0.0,NaN,0.0,0.0,0.0,0.2,0.0,0.8324,0.0,3571.24,1.8,0.8324,0.141,1.044,0.345,0.03,0.0,0.0,0.0,0.0,0.0,0.0,0.0,9.0,1.8,1096.09,0.469,0.0699,0.4,19.7,1.0,0.839,7.0,0.0,0
31_RT,2,Q1,Name,Name1,5,1.67,12.0,1,4,3,0,57,0,1,0.0,0.0,0,0,5.0,0.4,0.369,0,0,0.2,0.369,0.0,0.0,0.8023,0.959,0.0,0.0,2482.68,2841.4,2.2,1.8,0.8023,0.959,0.12,0.122,2.0,1.48,0.257,0.084,0.04473,0.00413,0.2,0.369,17.3,6.2,1,2.708,5,0,236.266,255.77548005908417,0.0,0.656,0.0,0.0,0.0,0.0,0.0,0.0,0.0,0.0,0.0,0.0,0.0,0.0,0.0,0.14,0.038,0.0,0.0,0.0,0.655,0.012,0.8614,0.7016248153618907,Dashboard_Recall,Visual_Search,0.0,0,-0.031000000000000028,0,0.16899999999999998,0.0,0.15669999999999995,0.0,358.72000000000025,-0.40000000000000013,0.15669999999999995,0.0020000000000000018,-0.52,-0.173,-0.0406,0.16899999999999998,-11.100000000000001,19.509480059084183,0.656,0.0,0.0,0.0,0.0,0.0,0.0,0.14,-0.038,0.0,-0.643,-0.15977518463810936,NaN,NaN,NaN,NaN,NaN,NaN,NaN,NaN,NaN,NaN,NaN,NaN,NaN,NaN,NaN,NaN,NaN,NaN,NaN,NaN,NaN,NaN,NaN,NaN,NaN,NaN,NaN,NaN,NaN,NaN,NaN,NaN,NaN,NaN,NaN,NaN,NaN,NaN,NaN,NaN,NaN,NaN,NaN,NaN,NaN,0
31_RT,2,Q2,Sign,Blind,6,1.67,12.0,1,4,3,0,57,0,1,0.0,0.0,0,0,5.0,0.4,0.0,0,0,0.2,0.0,0.0,0.0,0.221,0.0094,0.0,0.0,3303.68,0.0,2.5,2.9,0.1953,0.0034,0.142,0.108,1.2,0.0,0.648,0.032,0.10879,0.0001,0.4,0.0,25.1,0.0,1,1.34,6,0,228.888,0.0,1.141,1.34,0.0,0.0,0.634,0.0,0.0,0.0,0.0,0.0,0.0,0.0,0.0,0.0,0.375,0.0,0.0,0.0,0.0,0.0,0.0,0.0,0.5700000000000001,0.0,External_Hazard,Not_Applicable,0.0,0,-0.4,0,-0.2,0.0,-0.2116,0.0,-3303.68,0.3999999999999999,-0.19190000000000002,-0.03399999999999999,-1.2,-0.616,-0.10869,-0.4,-25.1,-228.888,0.19900000000000007,0.0,-0.634,0.0,0.0,0.0,0.0,-0.375,0.0,0.0,0.0,-0.5700000000000001,0.0,0.0,0.0,5.0,0.2,0.0,0.0,0.0,0.0,0.0,1.069,0.741,NaN,0.0,0.0,0.0,0.0,0.0,0.7809,0.0,3477.54,1.8,0.7809,0.132,0.0,0.0,0.0,0.0,0.0,0.375,0.646,0.0,0.0,0.0,8.0,1.6,1782.29,0.306,0.10176,0.6,25.1,1.0,2.708,5.0,0.0,0
31_RT,2,Q3,Animal,Squirrel,5,1.67,12.0,1,4,3,0,57,0,1,12.0,0.0,0,0,5.0,0.2,0.319,0,0,0.2,0.319,0.0,0.0,0.8697,0.4435,0.0,0.0,2905.64,1601.38,2.6,1.5,0.8697,0.4435,0.156,0.051,2.4,0.32,0.007,0.372,0.0545,0.04686,0.0,0.319,0.0,47.9,1,3.133,5,0,450.346,14.548356208107245,0.0,2.387,0.0,0.0,0.0,0.0,0.0,0.0,0.329,0.0,0.065,0.0,0.0,0.0,0.925,0.0,0.406,0.0,0.129,0.608,0.566,0.0,0.516,0.044047239067985924,External_Hazard,Not_Applicable,-12.0,0,0.119,0,0.119,0.0,-0.4262,0.0,-1304.2599999999998,-1.1,-0.4262,-0.10500000000000001,-2.08,0.365,-0.007640000000000001,0.319,47.9,-435.79764379189277,2.387,0.0,0.0,0.0,-0.329,-0.065,0.0,-0.925,-0.406,0.479,-0.566,-0.4719527609320141,0.0,0.0,0.0,5.0,0.2,0.38,1.223,0.0,0.0,0.0,0.0,0.0,NaN,0.0,0.268,0.0,0.2,0.0,0.7524,0.0,2380.21,2.7,0.7524,0.157,0.639,0.687,0.0,0.0,0.0,0.0,0.0,0.0,0.0,0.26,7.0,1.4,741.05,0.025,0.10972,0.0,0.0,1.0,1.34,6.0,0.0,0
32_RT,2,Q1,Name,Name1,5,18.0,20.0,3,1,2,0,53,1,0,12.0,0.0,0,0,5.0,0.2,0.0,0,0,0.2,0.0,0.0,0.0,0.877,0.8709,0.0,0.0,3159.31,1738.7,1.7,1.7,0.877,0.8709,0.142,0.106,2.0,0.66,0.24,0.013,0.0088,0.00037,0.0,0.0,0.0,0.0,0,1.514,5,1,230.83,33.494055482166445,0.0,0.0,0.0,0.0,0.0,0.0,0.0,0.0,0.0,0.0,0.036,0.0,0.0,0.0,0.0,0.0,0.34,0.0,0.0,0.0,0.0,0.0,0.9248,1.0,Dashboard_Recall,Working_Memory,-12.0,0,-0.2,0,-0.2,0.0,-0.006099999999999994,0.0,-1420.61,0.0,-0.006099999999999994,-0.03599999999999999,-1.3399999999999999,-0.22699999999999998,-0.00843,0.0,0.0,-197.33594451783358,0.0,0.0,0.0,0.0,0.0,-0.036,0.0,0.0,-0.34,0.0,0.0,0.07520000000000004,NaN,NaN,NaN,NaN,NaN,NaN,NaN,NaN,NaN,NaN,NaN,NaN,NaN,NaN,NaN,NaN,NaN,NaN,NaN,NaN,NaN,NaN,NaN,NaN,NaN,NaN,NaN,NaN,NaN,NaN,NaN,NaN,NaN,NaN,NaN,NaN,NaN,NaN,NaN,NaN,NaN,NaN,NaN,NaN,NaN,0
32_RT,2,Q2,Sign,Blind,7,18.0,20.0,3,1,2,0,53,1,0,12.0,0.0,0,0,5.0,0.2,0.0,0,0,0.0,0.0,0.0,0.0,0.1467,0.2364,0.0,0.0,2662.02,1646.21,1.6,1.5,0.1467,0.2364,0.107,0.106,1.0,1.17,0.001,0.0,0.00107,0.00018,0.0,0.0,0.0,0.0,1,1.715,7,0,74.652,58.12244897959184,0.0,0.725,0.0,0.0,0.66,0.284,0.0,0.0,0.0,0.0,0.0,0.0,0.0,0.0,0.0,0.0,0.037,0.0,0.0,0.0,0.0,0.0,0.8606,0.411661807580175,External_Hazard,Not_Applicable,-12.0,0,-0.2,0,0.0,0.0,0.0897,0.0,-1015.81,-0.10000000000000009,0.0897,-0.0010000000000000009,0.16999999999999993,-0.001,-0.00089,0.0,0.0,-16.529551020408164,0.725,0.0,-0.37600000000000006,0.0,0.0,0.0,0.0,0.0,-0.037,0.0,0.0,-0.448938192419825,3.0,36.0,0.0,5.0,0.2,0.0,0.0,0.0,0.0,0.0,0.0,0.0,NaN,0.0,0.0,0.0,0.0,0.0,0.9981,0.0,3632.9,1.3,0.9981,0.108,0.0,0.0,0.034,0.0,0.073,0.0,0.0,0.0,0.072,0.0,8.0,1.6,360.76,0.004,3e-05,0.0,0.0,0.0,1.514,5.0,1.0,0
32_RT,2,Q3,Animal,Squirrel,5,18.0,20.0,3,1,2,0,53,1,0,36.0,36.14,0,0,5.0,0.2,0.151,0,0,0.0,0.151,0.0,0.0,0.9366,0.2249,0.0,0.0,3717.95,5079.57,1.3,0.6,0.9366,0.2249,0.105,0.02,1.6,0.9,0.001,0.219,0.00018,0.04774,0.0,0.151,0.0,77.6,1,6.64,5,1,73.184,31.862951807228917,0.0,5.149,0.0,0.0,0.0,0.0,0.0,0.0,0.0,0.0,0.038,0.041,0.0,0.0,0.0,0.0,0.0,0.0,0.0,0.0,0.0,0.0,0.9924,0.21837349397590353,External_Hazard,Not_Applicable,0.14000000000000057,0,-0.049000000000000016,0,0.151,0.0,-0.7117,0.0,1361.62,-0.7000000000000001,-0.7117,-0.08499999999999999,-0.7000000000000001,0.218,0.04756,0.151,77.6,-41.32104819277108,5.149,0.0,0.0,0.0,0.0,0.0030000000000000027,0.0,0.0,0.0,0.0,0.0,-0.7740265060240964,3.0,36.0,0.0,5.0,0.2,0.792,0.792,0.0,0.0,0.0,0.0,0.0,NaN,0.0,0.0,0.0,0.2,0.0,0.8011,0.0,4018.46,1.3,0.8011,0.106,0.0,0.179,0.1,0.0,0.0,0.0,0.0,0.0,0.064,0.0,8.0,1.6,860.36,0.014,0.04345,0.0,0.0,1.0,1.715,7.0,0.0,1
33_RT,2,Q1,Name,Name1,6,6.0,1.0,3,3,2,0,100,0,1,0.0,32.49,0,0,5.0,0.2,0.0,0,0,0.2,0.0,0.0,0.0,0.7244,0.7843,0.0,0.0,2591.62,2347.35,2.6,2.8,0.7235,0.7843,0.264,0.08,1.6,1.62,1.625,0.415,0.12914,0.03187,0.2,0.0,0.0,0.0,1,1.846,6,0,239.868,350.9967497291441,0.0,0.396,0.0,0.0,0.0,0.0,0.0,0.0,0.0,0.0,0.0,0.0,0.0,0.0,0.174,0.131,0.0,0.0,0.0,0.0,0.0,0.0,0.9652,0.7145178764897074,Dashboard_Recall,Visual_Search,32.49,0,-0.2,0,-0.2,0.0,0.05989999999999995,0.0,-244.26999999999998,0.19999999999999973,0.060799999999999965,-0.184,0.020000000000000018,-1.21,-0.09727,-0.2,0.0,111.12874972914409,0.396,0.0,0.0,0.0,0.0,0.0,0.0,-0.04299999999999998,0.0,0.0,0.0,-0.2506821235102925,NaN,NaN,NaN,NaN,NaN,NaN,NaN,NaN,NaN,NaN,NaN,NaN,NaN,NaN,NaN,NaN,NaN,NaN,NaN,NaN,NaN,NaN,NaN,NaN,NaN,NaN,NaN,NaN,NaN,NaN,NaN,NaN,NaN,NaN,NaN,NaN,NaN,NaN,NaN,NaN,NaN,NaN,NaN,NaN,NaN,0
33_RT,2,Q2,Sign,Blind,1,6.0,1.0,3,3,2,0,100,0,1,0.0,19.38,0,0,5.0,0.6,0.0,0,0,0.4,0.0,0.0,0.0,0.513,0.5377,0.0,0.0,1463.88,2014.91,3.9,3.1,0.4868,0.5377,0.289,0.112,2.2,1.62,0.717,0.948,0.19573,0.07801,0.2,0.0,0.0,19.3,0,3.095,1,1,93.296,137.47011308562196,0.061,0.03,0.0,0.0,0.071,0.0,0.0,0.0,0.0,0.0,0.0,0.0,0.0,0.0,0.0,0.0,0.0,0.0,0.0,0.0,0.0,0.0,0.9736,0.9903069466882068,External_Hazard,Not_Applicable,19.38,0,-0.6,0,-0.4,0.0,0.024699999999999944,0.0,551.03,-0.7999999999999998,0.050899999999999945,-0.177,-0.5800000000000001,0.23099999999999998,-0.11771999999999999,-0.2,19.3,44.174113085621954,-0.031,0.0,-0.071,0.0,0.0,0.0,0.0,0.0,0.0,0.0,0.0,0.016706946688206825,0.0,0.0,0.0,5.0,0.4,0.0,0.0,0.0,0.0,0.0,0.0,0.0,NaN,0.0,0.0,0.0,0.2,0.0,0.6483,0.0,1497.14,3.4,0.609,0.312,0.071,0.061,0.0,0.0,0.0,0.0,0.0,0.0,0.0,0.0,9.0,1.8,399.73,1.216,0.22975,0.4,0.0,1.0,1.846,6.0,0.0,0
33_RT,2,Q3,Animal,Squirrel,2,6.0,1.0,3,3,2,0,100,0,1,24.0,0.0,0,0,5.0,0.4,0.212,0,0,0.4,0.212,0.0,0.0,0.854,0.7896,0.0,0.0,2204.83,2715.3,2.8,2.2,0.854,0.7896,0.164,0.145,2.0,1.48,0.293,0.142,0.0295,0.04782,0.2,0.424,6.1,4.7,0,4.718,2,1,244.12399999999997,187.85502331496397,0.0,0.4,0.0,0.338,0.0,0.0,0.0,0.0,0.0,0.0,0.0,0.0,0.0,0.0,0.035,0.0,0.0,0.0,0.0,0.0,0.0,0.0,0.993,0.8435777871979653,External_Hazard,Not_Applicable,-24.0,0,-0.18800000000000003,0,-0.18800000000000003,0.0,-0.06440000000000001,0.0,510.47000000000025,-0.5999999999999996,-0.06440000000000001,-0.019000000000000017,-0.52,-0.151,0.018320000000000003,0.22399999999999998,-1.3999999999999995,-56.268976685035994,0.4,0.338,0.0,0.0,0.0,0.0,0.0,-0.035,0.0,0.0,0.0,-0.14942221280203472,3.0,36.0,0.0,5.0,0.4,0.0,0.0,0.0,0.0,0.0,0.156,0.0,NaN,0.0,0.0,0.0,0.4,0.0,0.854,0.0,2295.72,2.8,0.854,0.169,0.0,0.0,0.0,0.0,0.0,0.035,0.0,0.0,0.0,0.0,11.0,2.2,1466.88,0.286,0.02953,0.2,6.1,0.0,3.095,1.0,1.0,0
34_RT,2,Q1,Name,Name1,6,27.0,5.0,3,4,1,0,80,1,0,36.0,39.71,0,0,5.0,0.2,0.662,0,0,0.2,0.0,0.0,0.0,0.7534,0.8825,0.0,0.0,2652.76,2815.43,2.0,3.0,0.7534,0.8825,0.137,0.237,2.4,2.65,0.029,0.12,0.0447,0.00287,0.0,0.0,0.0,0.0,1,1.511,6,0,317.308,571.9457313037724,0.0,0.192,0.0,0.0,0.0,0.0,0.0,0.0,0.0,0.0,0.0,0.0,0.0,0.0,0.398,0.098,0.0,0.0,0.0,0.0,0.0,0.0,0.9204000000000001,0.8080741230972865,Dashboard_Recall,Visual_Search,3.710000000000001,0,0.462,0,-0.2,0.0,0.1291,0.0,162.66999999999962,1.0,0.1291,0.09999999999999998,0.25,0.091,-0.04183,0.0,0.0,254.6377313037724,0.192,0.0,0.0,0.0,0.0,0.0,0.0,-0.30000000000000004,0.0,0.0,0.0,-0.11232587690271356,NaN,NaN,NaN,NaN,NaN,NaN,NaN,NaN,NaN,NaN,NaN,NaN,NaN,NaN,NaN,NaN,NaN,NaN,NaN,NaN,NaN,NaN,NaN,NaN,NaN,NaN,NaN,NaN,NaN,NaN,NaN,NaN,NaN,NaN,NaN,NaN,NaN,NaN,NaN,NaN,NaN,NaN,NaN,NaN,NaN,1
34_RT,2,Q2,Sign,Blind,3,27.0,5.0,3,4,1,0,80,1,0,24.0,57.43,0,0,5.0,0.0,0.0,1,0,0.0,0.0,0.0,0.0,0.7619,0.3974,0.0,0.0,2908.92,2341.85,2.9,2.9,0.7619,0.2837,0.195,0.103,2.4,3.59,0.989,0.66,0.0418,0.12036,0.2,0.239,2.0,13.3,0,4.179,3,1,232.852,407.63340512084227,0.0,0.085,0.0,0.0,0.167,0.289,0.0,0.0,0.0,0.0,0.073,0.0,0.0,0.431,0.156,0.379,0.0,0.0,0.0,0.0,0.0,0.0,0.9208000000000001,0.7166786312514956,External_Hazard,Not_Applicable,33.43,0,0.0,-1,0.0,0.0,-0.36450000000000005,0.0,-567.0700000000002,0.0,-0.4782,-0.09200000000000001,1.19,-0.32899999999999996,0.07855999999999999,0.03899999999999998,11.3,174.78140512084227,0.085,0.0,0.12199999999999997,0.0,0.0,-0.073,0.431,0.223,0.0,0.0,0.0,-0.2041213687485045,3.0,36.0,0.0,5.0,0.4,0.0,0.0,0.0,0.0,0.0,0.0,0.0,NaN,0.0,0.0,1.0,0.4,0.0,0.8286,0.0,2614.9,2.6,0.8286,0.163,0.0,0.0,0.0,0.0,0.073,0.0,0.0,0.0,0.0,0.0,12.0,2.4,932.13,0.662,0.01705,0.2,18.9,1.0,1.511,6.0,0.0,0
34_RT,2,Q3,Animal,Squirrel,5,27.0,5.0,3,4,1,0,80,1,0,60.0,0.0,0,0,5.0,0.4,0.253,0,0,0.4,0.253,0.0,0.0,0.7905,0.7382,0.0,0.0,2939.32,2353.13,3.1,2.0,0.7905,0.7382,0.189,0.085,3.0,1.77,0.294,0.324,0.05644,0.08403,0.2,0.253,0.0,35.6,0,3.945,5,1,600.054,258.149556400507,0.0,0.031,0.0,0.0,0.0,0.0,0.0,0.0,0.0,0.0,0.0,0.0,0.0,0.0,1.162,0.097,0.0,0.0,0.0,0.647,0.0,0.0,0.7676000000000001,0.8035487959442332,External_Hazard,Not_Applicable,-60.0,0,-0.14700000000000002,0,-0.14700000000000002,0.0,-0.05230000000000001,0.0,-586.19,-1.1,-0.05230000000000001,-0.104,-1.23,0.030000000000000027,0.027589999999999996,0.05299999999999999,35.6,-341.904443599493,0.031,0.0,0.0,0.0,0.0,0.0,0.0,-1.065,0.0,0.647,0.0,0.03594879594423317,4.0,48.0,0.0,5.0,0.2,0.0,0.0,0.0,0.0,0.0,0.864,0.0,NaN,0.0,0.0,0.0,0.2,0.0,0.791,0.0,2978.61,2.9,0.791,0.209,0.0,0.0,0.0,0.0,0.03,1.155,0.0,0.0,0.0,0.0,14.0,2.8,2582.71,0.732,0.0567,0.4,0.0,0.0,4.179,3.0,1.0,0
35_RT,2,Q1,Name,Name1,4,36.0,5.0,5,4,1,0,83,0,1,0.0,14.59,0,0,5.0,0.2,0.243,0,0,0.2,0.243,0.0,0.0,0.7804,0.9826,0.0,0.0,1833.19,2572.49,1.8,1.0,0.7804,0.9826,0.128,0.053,0.8,2.43,0.202,0.13,0.06546,0.00234,0.4,0.243,42.9,77.5,0,4.112,4,1,48.142,581.0724708171206,0.0,0.661,0.0,0.0,0.0,0.0,0.0,0.0,0.0,0.0,0.0,0.0,0.0,0.0,0.0,0.061,0.0,0.1,0.0,0.0,0.0,0.2,1.0,0.7514591439688716,Dashboard_Recall,Visual_Search,14.59,0,0.04299999999999998,0,0.04299999999999998,0.0,0.20220000000000005,0.0,739.2999999999997,-0.8,0.20220000000000005,-0.07500000000000001,1.6300000000000001,-0.07200000000000001,-0.06312000000000001,-0.15700000000000003,34.6,532.9304708171205,0.661,0.0,0.0,0.0,0.0,0.0,0.0,0.061,0.1,0.0,0.2,-0.2485408560311284,NaN,NaN,NaN,NaN,NaN,NaN,NaN,NaN,NaN,NaN,NaN,NaN,NaN,NaN,NaN,NaN,NaN,NaN,NaN,NaN,NaN,NaN,NaN,NaN,NaN,NaN,NaN,NaN,NaN,NaN,NaN,NaN,NaN,NaN,NaN,NaN,NaN,NaN,NaN,NaN,NaN,NaN,NaN,NaN,NaN,0
35_RT,2,Q2,Sign,Blind,7,36.0,5.0,5,4,1,0,83,0,1,12.0,0.0,0,0,5.0,0.2,0.0,0,0,0.2,0.0,0.0,0.0,0.1236,0.0244,0.0,0.0,2445.09,2255.13,1.9,2.5,0.0359,-0.0046,0.259,0.035,2.0,1.15,0.436,0.061,0.03954,0.00071,0.4,0.0,13.3,78.8,1,1.737,7,0,289.146,170.17271157167528,0.0,0.732,0.0,0.0,0.0,0.167,0.0,0.0,0.0,0.0,0.0,0.0,0.037,0.0,0.0,0.0,0.0,0.0,0.0,0.0,0.0,0.0,0.9926,0.48244099021301096,External_Hazard,Not_Applicable,-12.0,0,-0.2,0,-0.2,0.0,-0.0992,0.0,-189.96000000000004,0.6000000000000001,-0.0405,-0.224,-0.8500000000000001,-0.375,-0.038829999999999996,-0.4,65.5,-118.97328842832474,0.732,0.0,0.167,0.0,0.0,0.0,-0.037,0.0,0.0,0.0,0.0,-0.510159009786989,2.0,24.0,0.0,5.0,0.0,0.0,0.0,0.0,0.0,0.0,0.248,0.0,NaN,0.0,0.0,0.0,0.0,0.0,1.0,0.0,2520.67,1.5,1.0,0.113,0.0,0.0,0.0,0.0,0.0,0.31,0.151,0.0,0.0,0.0,10.0,2.0,2245.26,0.095,0.0,0.2,33.6,0.0,4.112,4.0,1.0,0
35_RT,2,Q3,Animal,Squirrel,6,36.0,5.0,5,4,1,0,83,0,1,24.0,0.0,0,0,5.0,0.2,0.0,0,0,0.0,0.0,0.0,0.0,0.9983,0.9865,0.0,0.0,2258.3,0.0,1.5,1.5,0.9983,0.9865,0.085,0.211,2.2,0.0,0.075,0.099,3e-05,0.00013,0.4,0.0,54.2,9.7,0,1.559,6,1,485.89799999999997,0.0,0.0,0.0,0.0,0.0,0.0,0.0,0.0,0.0,0.0,0.0,0.0,0.0,0.0,0.0,0.39,0.0,0.0,0.0,0.0,0.43,0.0,0.0,0.922,0.7241821680564464,External_Hazard,Not_Applicable,-24.0,0,-0.2,0,0.0,0.0,-0.011799999999999922,0.0,-2258.3,0.0,-0.011799999999999922,0.126,-2.2,0.024000000000000007,9.999999999999999e-05,-0.4,-44.5,-485.89799999999997,0.0,0.0,0.0,0.0,0.0,0.0,0.0,-0.39,0.0,0.43,0.0,-0.19781783194355362,1.0,12.0,0.0,5.0,0.4,0.0,0.709,0.0,0.0,0.0,0.376,0.0,NaN,0.0,0.0,0.0,0.2,0.0,0.8833,0.0,2129.21,1.6,0.8833,0.137,0.0,0.669,0.0,0.0,0.0,0.167,0.0,0.0,0.0,0.0,9.0,1.8,1511.28,0.077,0.04963,0.2,40.9,1.0,1.737,7.0,0.0,0
36_RT,2,Q1,Name,Name1,7,24.0,0.0,4,4,1,0,58,1,0,12.0,11.85,0,0,5.0,0.0,0.395,0,0,0.0,0.197,0.0,0.0,0.326,0.7955,0.0,0.0,2528.67,1934.91,0.6,2.2,0.326,0.7955,0.177,0.104,1.8,2.37,0.443,0.303,0.08331,0.04248,0.2,0.197,22.3,42.5,1,5.064,7,0,273.95,196.97472353870458,0.0,0.0,0.0,0.0,0.0,0.0,0.0,0.0,0.0,0.0,0.231,0.0,0.0,0.0,0.294,0.0,0.0,0.044,0.0,0.0,0.0,0.0,0.8949999999999999,0.9913112164296999,Dashboard_Recall,Working_Memory,-0.15000000000000036,0,0.395,0,0.197,0.0,0.4695,0.0,-593.76,1.6,0.4695,-0.073,0.5700000000000001,-0.14,-0.04083,-0.0030000000000000027,20.2,-76.97527646129541,0.0,0.0,0.0,0.0,0.0,-0.231,0.0,-0.294,0.044,0.0,0.0,0.09631121642969998,NaN,NaN,NaN,NaN,NaN,NaN,NaN,NaN,NaN,NaN,NaN,NaN,NaN,NaN,NaN,NaN,NaN,NaN,NaN,NaN,NaN,NaN,NaN,NaN,NaN,NaN,NaN,NaN,NaN,NaN,NaN,NaN,NaN,NaN,NaN,NaN,NaN,NaN,NaN,NaN,NaN,NaN,NaN,NaN,NaN,0
36_RT,2,Q2,Sign,Blind,2,24.0,0.0,4,4,1,0,58,1,0,12.0,0.0,0,0,5.0,0.4,0.0,0,0,0.4,0.0,0.0,0.0,0.1115,0.2953,0.0,0.0,2513.22,0.0,2.3,4.0,0.0927,0.2953,0.378,0.254,1.2,0.0,0.705,0.034,0.01044,0.02428,0.4,0.0,11.0,24.4,0,1.771,2,1,76.172,0.0,0.0,0.323,0.0,0.0,0.0,0.0,0.0,0.0,0.0,0.0,0.0,0.0,0.0,0.0,0.0,0.0,0.007,0.0,0.0,0.0,0.0,0.0,0.9986,0.8176171654432525,External_Hazard,Not_Applicable,-12.0,0,-0.4,0,-0.4,0.0,0.18380000000000002,0.0,-2513.22,1.7000000000000002,0.2026,-0.124,-1.2,-0.6709999999999999,0.01384,-0.4,13.399999999999999,-76.172,0.323,0.0,0.0,0.0,0.0,0.0,0.0,0.0,-0.007,0.0,0.0,-0.18098283455674757,1.0,12.0,0.0,5.0,0.0,0.0,0.0,0.0,0.0,0.0,0.936,0.0,NaN,0.0,0.0,0.0,0.0,0.0,0.999,0.0,1680.84,1.5,0.999,0.207,0.0,0.0,0.0,0.0,0.037,0.0,0.0,0.0,0.0,0.0,5.0,1.0,463.28,0.684,1e-05,0.4,23.7,1.0,5.064,7.0,0.0,0
36_RT,2,Q3,Animal,Squirrel,7,24.0,0.0,4,4,1,0,58,1,0,36.0,0.0,0,0,5.0,0.2,0.512,0,0,0.2,0.0,0.0,0.0,0.9118,0.4601,0.0,0.0,2547.29,1368.3,1.7,2.7,0.9118,0.4601,0.218,0.035,2.0,1.02,0.412,0.118,0.04263,0.05692,0.2,0.512,35.2,79.6,0,1.954,7,1,168.69,40.22006141248721,0.0,0.0,0.0,0.0,0.0,0.0,0.0,0.0,0.0,0.0,0.033,0.0,0.0,0.0,0.0,0.0,0.038,0.0,0.0,0.356,0.0,0.0,0.9858,0.8178096212896622,External_Hazard,Not_Applicable,-36.0,0,0.312,0,-0.2,0.0,-0.45170000000000005,0.0,-1178.99,1.0000000000000002,-0.45170000000000005,-0.183,-0.98,-0.294,0.014289999999999997,0.312,44.39999999999999,-128.4699385875128,0.0,0.0,0.0,0.0,0.0,-0.033,0.0,0.0,-0.038,0.356,0.0,-0.16799037871033784,1.0,12.0,0.0,5.0,0.4,0.491,0.0,0.0,0.0,0.0,0.0,0.0,NaN,0.0,0.0,0.0,0.2,0.0,0.7344,0.0,1765.55,2.4,0.704,0.072,0.0,0.0,0.0,0.0,0.0,0.0,0.0,0.0,0.0,0.0,11.0,2.2,892.76,0.243,0.18918,0.4,68.7,0.0,1.771,2.0,1.0,1
37_RT,2,Q1,Name,Name1,3,39.0,43.0,5,2,4,1,82,0,1,12.0,24.89,0,0,5.0,0.2,0.0,0,0,0.0,0.0,0.0,0.0,0.9142,1.0,0.0,0.0,1783.43,2490.19,2.2,1.7,0.9142,1.0,0.125,0.13,1.2,2.07,0.04,0.002,0.00621,0.0,0.2,0.0,1.4,0.0,1,2.411,3,0,83.558,437.5736209041891,0.0,0.438,0.0,0.0,0.0,0.0,0.0,0.0,0.0,0.0,0.0,0.0,0.0,0.0,0.0,0.0,0.0,0.166,0.0,0.0,0.0,0.0,1.0,0.7494815429282455,Dashboard_Recall,Visual_Search,12.89,0,-0.2,0,0.0,0.0,0.08579999999999999,0.0,706.76,-0.5000000000000002,0.08579999999999999,0.0050000000000000044,0.8699999999999999,-0.038,-0.00621,-0.2,-1.4,354.0156209041891,0.438,0.0,0.0,0.0,0.0,0.0,0.0,0.0,0.166,0.0,0.0,-0.25051845707175446,NaN,NaN,NaN,NaN,NaN,NaN,NaN,NaN,NaN,NaN,NaN,NaN,NaN,NaN,NaN,NaN,NaN,NaN,NaN,NaN,NaN,NaN,NaN,NaN,NaN,NaN,NaN,NaN,NaN,NaN,NaN,NaN,NaN,NaN,NaN,NaN,NaN,NaN,NaN,NaN,NaN,NaN,NaN,NaN,NaN,0
37_RT,2,Q2,Sign,Blind,4,39.0,43.0,5,2,4,1,82,0,1,24.0,0.0,0,0,5.0,0.2,0.0,0,0,0.2,0.0,0.0,0.0,0.329,0.1329,0.0,0.0,1648.06,2514.07,2.3,2.7,0.329,0.1329,0.192,0.079,2.0,0.7,0.232,0.123,0.06317,0.00109,0.0,0.0,0.0,0.0,1,2.844,4,0,120.98599999999999,75.23558368495078,0.221,0.7,0.0,0.0,0.278,0.606,0.0,0.0,0.0,0.0,0.0,0.0,0.0,0.0,0.0,0.0,0.0,0.0,0.0,0.0,0.0,0.0,0.9002000000000001,0.5407876230661041,External_Hazard,Not_Applicable,-24.0,0,-0.2,0,-0.2,0.0,-0.19610000000000002,0.0,866.0100000000002,0.40000000000000036,-0.19610000000000002,-0.113,-1.3,-0.10900000000000001,-0.06208,0.0,0.0,-45.75041631504921,0.479,0.0,0.32799999999999996,0.0,0.0,0.0,0.0,0.0,0.0,0.0,0.0,-0.35941237693389605,1.0,12.0,0.0,5.0,0.0,0.264,0.0,0.0,0.0,0.0,0.0,0.0,NaN,0.0,0.0,0.0,0.0,0.0,0.6642,0.0,1581.43,1.9,0.6642,0.164,0.235,0.0,0.0,0.0,0.0,0.0,0.0,0.0,0.0,0.0,8.0,1.6,410.03,0.085,0.08542,0.0,0.0,1.0,2.411,3.0,0.0,0
37_RT,2,Q3,Animal,Squirrel,5,39.0,43.0,5,2,4,1,82,0,1,24.0,17.7,0,0,5.0,0.0,0.59,0,0,0.0,0.0,0.0,0.0,0.8892,0.5988,0.0,0.0,1704.63,1857.65,2.2,1.5,0.8892,0.5988,0.153,0.073,0.4,1.18,0.063,0.085,0.01529,0.0001,0.0,0.0,0.0,0.0,1,3.391,5,0,8.596,65.56473016809201,0.0,2.047,0.0,0.0,0.0,0.0,0.0,0.0,0.0,0.0,0.0,0.0,0.0,0.0,0.0,0.0,0.0,0.0,0.201,0.0,0.0,0.0,0.9598000000000001,0.3963432615747567,External_Hazard,Not_Applicable,-6.300000000000001,0,0.59,0,0.0,0.0,-0.2904,0.0,153.01999999999998,-0.7000000000000002,-0.2904,-0.08,0.7799999999999999,0.022000000000000006,-0.01519,0.0,0.0,56.96873016809201,2.047,0.0,0.0,0.0,0.0,0.0,0.0,0.0,0.0,-0.201,0.0,-0.5634567384252434,5.0,60.0,0.0,5.0,0.2,0.094,0.665,0.0,0.0,0.0,0.0,0.0,NaN,0.0,0.0,0.0,0.2,0.0,0.9437,0.0,2565.77,1.6,0.9437,0.133,0.073,0.44,0.0,0.0,0.11,0.0,0.0,0.0,0.0,0.0,8.0,1.6,892.83,0.107,0.01628,0.2,0.0,1.0,2.844,4.0,0.0,1
